date,value_10y,value_2y,spread,yield_curve_regime,unemployment,nfci,nfci_90d_avg,hy_spread,sp500,vix,breakeven_10y,unemployment_change_90d,spread_change_90d,spread_change_5d,hy_change_30d,hy_change_90d,hy_change_5d,hy_change_30d_prior,credit_impulse,nfci_change_90d,vix_change_30d,vix_change_5d,sp500_return_5d,sp500_return_30d,unemployment_12m_low,sahm_like,sp500_peak,sp500_drawdown,real_yield_proxy,real_yield_change_90d,curve_steepening_velocity_90d,real_yield_z,credit_regime,labor_warning,credit_equity_divergence,vol_credit_mismatch,cross_asset_divergence_score,market_internals_score,shock_flag,macro_risk_score,credit_market_risk_score,liquidity_score,treasury_stress_score,liquidity_regime_score,macro_risk_score_smooth,credit_market_risk_score_smooth,liquidity_score_smooth,liquidity_regime_score_smooth,treasury_stress_score_smooth,cross_asset_divergence_score_smooth,market_internals_score_smooth,macro_risk_momentum_10d,credit_risk_momentum_10d,risk_appetite_score,complacency_score,mean_reversion_score,risk_appetite_score_smooth,complacency_score_smooth,mean_reversion_score_smooth,macro_risk_label,credit_market_risk_label,liquidity_label,liquidity_regime_label,liquidity_signal,treasury_stress_label,cross_asset_divergence_label,market_internals_label,risk_appetite_label,complacency_label,mean_reversion_label,macro_signal,mean_reversion_signal,combined_stress_momentum_10d,transition_regime,transition_signal,final_decision_obj,final_decision,final_environment,final_action,equity_weight,credit_weight,cash_weight,duration_bias,signal_contributions,crisis_analogs,sp500_forward_30d_return,sp500_forward_60d_return,hy_forward_30d_change,hy_forward_60d_change,sp500_future_min_30d,sp500_future_min_60d,sp500_future_drawdown_30d,sp500_future_drawdown_60d,strategy_forward_30d_return,model_confidence_obj,model_confidence,model_confidence_reasons
2024-06-21,4.25,4.7,-0.4500000000000002,Flat / Inversion Risk,3.9,-0.394,-0.42337777777777774,3.21,5464.62,13.2,2.23,0.0,-0.16000000000000014,-0.010000000000000675,0.10999999999999988,-0.14000000000000012,0.009999999999999787,-0.04999999999999982,0.1599999999999997,-0.08114444444444441,0.1999999999999993,1.2599999999999998,0.005683010228682228,0.053386202283491446,3.6,0.2999999999999998,5487.03,-0.004084176685748009,2.02,0.0900000000000003,-0.16000000000000014,0.17906551327440257,Late Cycle,Low,Neutral,Neutral,70,70,No Shock,24.0,25,10,0,0,38.43809523809524,12.380952380952381,3.8095238095238093,0.7142857142857143,8.80952380952381,45.0,77.5,-7.361904761904761,7.380952380952381,33,71,0,38.6,65.8,13.5,Moderate,Low,Low,Easy / Supportive,SUPPORTIVE,Low,Elevated Divergence,Strong / Extended,Moderate,Moderate Complacency,No Setup,NEUTRAL,NO TRADE,0.009523809523810378,Stable / Neutral,NEUTRAL,"{'final_decision': 'Divergence Warning', 'environment': 'Cross-asset signals are diverging', 'action': 'Avoid adding risk until credit, vol, and equities confirm', 'buy_trigger': 'Divergence fades and credit stabilizes', 'risk_off_trigger': 'Divergence worsens with HY widening or VIX spike'}",Divergence Warning,Cross-asset signals are diverging,"Avoid adding risk until credit, vol, and equities confirm",0.35,0.2,0.45,Neutral,"{'Low VIX': 15, 'SP500 near highs': 12}","[('Benign Risk-On', np.float64(62.2)), ('Late-Cycle Melt-Up', np.float64(61.9)), ('Credit Tightening', np.float64(6.9)), ('COVID Crash', 0), ('Inflation / Duration Shock', 0)]",-0.05092577342980842,0.031101888145927736,0.7200000000000002,0.040000000000000036,5186.33,5186.33,-0.05092577342980842,-0.05092577342980842,-0.016924020700432942,"('High', ['Adequate decision sample size', 'No active shock flag', 'Signals partly aligned', 'Labor warning low'])",High,"['Adequate decision sample size', 'No active shock flag', 'Signals partly aligned', 'Labor warning low']"
2024-06-24,4.25,4.71,-0.45999999999999996,Flat / Inversion Risk,3.9,-0.394,-0.42308888888888885,3.19,5447.87,13.33,2.22,0.0,-0.1299999999999999,0.009999999999999787,0.04999999999999982,-0.16999999999999993,-0.10000000000000009,-0.009999999999999787,0.05999999999999961,-0.07965555555555548,0.6400000000000006,0.6699999999999999,0.0029954341262241613,0.044838207315576195,3.6,0.2999999999999998,5487.03,-0.007136829942610112,2.03,0.010000000000000231,-0.1299999999999999,0.21377348982263414,Late Cycle,Low,Neutral,Neutral,55,60,No Shock,24.2,10,10,0,0,37.32380952380952,11.666666666666666,3.8095238095238093,0.7142857142857143,8.095238095238095,50.5,76.5,-9.123809523809527,7.3809523809523805,33,71,0,37.2,66.1,12.0,Moderate,Low,Low,Easy / Supportive,SUPPORTIVE,Low,Elevated Divergence,Strong / Extended,Moderate,Moderate Complacency,No Setup,NEUTRAL,NO TRADE,-0.8714285714285732,Stable / Neutral,NEUTRAL,"{'final_decision': 'Divergence Warning', 'environment': 'Cross-asset signals are diverging', 'action': 'Avoid adding risk until credit, vol, and equities confirm', 'buy_trigger': 'Divergence fades and credit stabilizes', 'risk_off_trigger': 'Divergence worsens with HY widening or VIX spike'}",Divergence Warning,Cross-asset signals are diverging,"Avoid adding risk until credit, vol, and equities confirm",0.35,0.2,0.45,Neutral,"{'Low VIX': 15, 'SP500 near highs': 12}","[('Benign Risk-On', np.float64(63.4)), ('Late-Cycle Melt-Up', np.float64(63.1)), ('Credit Tightening', np.float64(5.3)), ('COVID Crash', 0), ('Inflation / Duration Shock', 0)]",-0.03815069008621719,0.031276443821163236,0.48,0.020000000000000018,5186.33,5186.33,-0.04800775348897823,-0.04800775348897823,-0.012452741530176016,"('High', ['Adequate decision sample size', 'No active shock flag', 'Signals partly aligned', 'Labor warning low'])",High,"['Adequate decision sample size', 'No active shock flag', 'Signals partly aligned', 'Labor warning low']"
2024-06-25,4.23,4.65,-0.41999999999999993,Flat / Inversion Risk,3.9,-0.394,-0.4228,3.19,5469.3,12.84,2.22,0.0,-0.1299999999999999,0.04999999999999982,0.06999999999999984,-0.18999999999999995,-0.06999999999999984,0.0,0.06999999999999984,-0.07816666666666666,0.28999999999999915,0.08999999999999986,-0.0007180403527714541,0.0472209670131043,3.6,0.2999999999999998,5487.03,-0.0032312562533829414,2.0100000000000002,0.04000000000000048,-0.1299999999999999,0.12298941076802046,Late Cycle,Low,Neutral,Neutral,55,60,No Shock,23.4,10,10,0,0,36.16190476190476,12.142857142857142,4.285714285714286,0.7142857142857143,7.380952380952381,56.0,75.5,-10.904761904761905,8.571428571428571,40,78,0,36.5,67.1,10.5,Moderate,Low,Low,Easy / Supportive,SUPPORTIVE,Low,Elevated Divergence,Strong / Extended,Moderate,Moderate Complacency,No Setup,NEUTRAL,NO TRADE,-1.166666666666667,Stable / Neutral,NEUTRAL,"{'final_decision': 'Divergence Warning', 'environment': 'Cross-asset signals are diverging', 'action': 'Avoid adding risk until credit, vol, and equities confirm', 'buy_trigger': 'Divergence fades and credit stabilizes', 'risk_off_trigger': 'Divergence worsens with HY widening or VIX spike'}",Divergence Warning,Cross-asset signals are diverging,"Avoid adding risk until credit, vol, and equities confirm",0.35,0.2,0.45,Neutral,"{'Low VIX': 15, 'SP500 near highs': 12}","[('Late-Cycle Melt-Up', np.float64(64.7)), ('Benign Risk-On', np.float64(64.0)), ('Credit Tightening', np.float64(4.1)), ('COVID Crash', 0), ('Inflation / Duration Shock', 0)]",-0.04932989596474868,0.04467482127511757,0.3799999999999999,-0.08999999999999986,5186.33,5186.33,-0.05173788236154542,-0.05173788236154542,-0.016365463587662037,"('High', ['Adequate decision sample size', 'No active shock flag', 'Signals partly aligned', 'Labor warning low'])",High,"['Adequate decision sample size', 'No active shock flag', 'Signals partly aligned', 'Labor warning low']"
2024-06-26,4.32,4.71,-0.3899999999999997,Flat / Inversion Risk,3.9,-0.394,-0.42251111111111117,3.18,5477.9,12.55,2.26,0.0,-0.07000000000000028,0.08000000000000096,0.040000000000000036,-0.16999999999999993,-0.06000000000000005,0.020000000000000018,0.020000000000000018,-0.07667777777777784,-1.049999999999999,0.25,-0.001663923834934411,0.049120737270704096,3.6,0.2999999999999998,5487.03,-0.001663923834934411,2.0600000000000005,0.1200000000000001,-0.07000000000000028,0.32783296545347235,Late Cycle,Low,Neutral,Neutral,55,60,No Shock,22.8,10,10,0,0,34.94285714285714,12.619047619047619,4.761904761904762,0.7142857142857143,6.666666666666667,56.0,73.0,-11.028571428571425,9.285714285714285,50,78,0,38.0,68.6,9.0,Moderate,Low,Low,Easy / Supportive,SUPPORTIVE,Low,Elevated Divergence,Strong / Extended,Moderate,Moderate Complacency,No Setup,NEUTRAL,NO TRADE,-0.8714285714285701,Stable / Neutral,NEUTRAL,"{'final_decision': 'Divergence Warning', 'environment': 'Cross-asset signals are diverging', 'action': 'Avoid adding risk until credit, vol, and equities confirm', 'buy_trigger': 'Divergence fades and credit stabilizes', 'risk_off_trigger': 'Divergence worsens with HY widening or VIX spike'}",Divergence Warning,Cross-asset signals are diverging,"Avoid adding risk until credit, vol, and equities confirm",0.35,0.2,0.45,Neutral,"{'Low VIX': 15, 'SP500 near highs': 12}","[('Late-Cycle Melt-Up', np.float64(66.5)), ('Benign Risk-On', np.float64(64.2)), ('Credit Tightening', np.float64(2.6)), ('COVID Crash', 0), ('Inflation / Duration Shock', 0)]",-0.02895087533543861,0.04101024115080598,0.2999999999999998,-0.03000000000000025,5186.33,5186.33,-0.05322660143485636,-0.05322660143485636,-0.009232806367403512,"('High', ['Adequate decision sample size', 'No active shock flag', 'Signals partly aligned', 'Labor warning low'])",High,"['Adequate decision sample size', 'No active shock flag', 'Signals partly aligned', 'Labor warning low']"
2024-06-27,4.29,4.7,-0.41000000000000014,Flat / Inversion Risk,3.9,-0.394,-0.4222222222222222,3.21,5482.87,12.24,2.26,0.0,-0.07000000000000028,0.040000000000000036,0.06999999999999984,-0.1299999999999999,-0.020000000000000018,-0.08999999999999986,0.1599999999999997,-0.07500000000000001,-1.1799999999999997,-1.0399999999999991,0.0017722818768648452,0.0450170393467868,3.6,0.2999999999999998,5487.03,-0.0007581514954355661,2.0300000000000002,0.0600000000000005,-0.07000000000000028,0.19316476632777388,Late Cycle,Low,Neutral,Neutral,55,60,No Shock,23.2,25,10,0,0,33.80952380952381,13.80952380952381,5.238095238095238,0.7142857142857143,5.9523809523809526,61.5,72.0,-11.085714285714282,11.666666666666668,50,78,0,38.3,69.6,7.5,Moderate,Low,Low,Easy / Supportive,SUPPORTIVE,Low,Elevated Divergence,Strong / Extended,Moderate,Moderate Complacency,No Setup,NEUTRAL,NO TRADE,0.290476190476193,Stable / Neutral,NEUTRAL,"{'final_decision': 'Divergence Warning', 'environment': 'Cross-asset signals are diverging', 'action': 'Avoid adding risk until credit, vol, and equities confirm', 'buy_trigger': 'Divergence fades and credit stabilizes', 'risk_off_trigger': 'Divergence worsens with HY widening or VIX spike'}",Divergence Warning,Cross-asset signals are diverging,"Avoid adding risk until credit, vol, and equities confirm",0.35,0.2,0.45,Neutral,"{'Low VIX': 15, 'SP500 near highs': 12}","[('Late-Cycle Melt-Up', np.float64(67.8)), ('Benign Risk-On', np.float64(64.5)), ('Credit Tightening', np.float64(1.8)), ('COVID Crash', 0), ('Inflation / Duration Shock', 0)]",-0.025298794244620115,0.04298843488902704,0.28000000000000025,-0.06000000000000005,5186.33,5186.33,-0.05408481324561776,-0.05408481324561776,-0.00795457798561704,"('High', ['Adequate decision sample size', 'No active shock flag', 'Signals partly aligned', 'Labor warning low'])",High,"['Adequate decision sample size', 'No active shock flag', 'Signals partly aligned', 'Labor warning low']"
2024-06-28,4.36,4.71,-0.34999999999999964,Flat / Inversion Risk,3.9,-0.387,-0.4217666666666667,3.18,5460.48,12.44,2.28,0.0,-0.02999999999999936,0.10000000000000053,0.050000000000000266,-0.18999999999999995,-0.029999999999999805,-0.10000000000000009,0.15000000000000036,-0.0717666666666667,-0.009999999999999787,-0.7599999999999998,-0.0007576007114858951,0.02869738044328063,3.6,0.2999999999999998,5487.03,-0.0048386832220710385,2.0800000000000005,0.13000000000000078,-0.02999999999999936,0.40134536213666855,Late Cycle,Low,Neutral,Neutral,55,60,No Shock,22.0,25,10,0,0,32.666666666666664,15.0,5.714285714285714,0.7142857142857143,4.285714285714286,67.0,69.5,-11.161904761904765,12.857142857142858,50,68,0,38.6,69.6,6.0,Moderate,Low,Low,Easy / Supportive,SUPPORTIVE,Low,Elevated Divergence,Healthy,Moderate,Moderate Complacency,No Setup,NEUTRAL,NO TRADE,0.8476190476190464,Stable / Neutral,NEUTRAL,"{'final_decision': 'Divergence Warning', 'environment': 'Cross-asset signals are diverging', 'action': 'Avoid adding risk until credit, vol, and equities confirm', 'buy_trigger': 'Divergence fades and credit stabilizes', 'risk_off_trigger': 'Divergence worsens with HY widening or VIX spike'}",Divergence Warning,Cross-asset signals are diverging,"Avoid adding risk until credit, vol, and equities confirm",0.35,0.2,0.45,Neutral,"{'Low VIX': 15, 'SP500 near highs': 12}","[('Late-Cycle Melt-Up', np.float64(67.8)), ('Benign Risk-On', np.float64(65.2)), ('Credit Tightening', np.float64(1.0)), ('COVID Crash', 0), ('Inflation / Duration Shock', 0)]",-0.02126003574777291,0.049894881036099514,0.33999999999999986,0.029999999999999805,5186.33,5186.33,-0.05020620897796524,-0.05020620897796524,-0.006541012511720518,"('High', ['Adequate decision sample size', 'No active shock flag', 'Signals partly aligned', 'Labor warning low'])",High,"['Adequate decision sample size', 'No active shock flag', 'Signals partly aligned', 'Labor warning low']"
2024-07-01,4.48,4.77,-0.28999999999999915,Flat / Inversion Risk,4.2,-0.387,-0.4213111111111111,3.21,5475.09,12.22,2.32,0.30000000000000027,0.03000000000000025,0.17000000000000082,0.1299999999999999,-0.1299999999999999,0.020000000000000018,-0.16000000000000014,0.29000000000000004,-0.06992222222222222,-0.1999999999999993,-1.1099999999999994,0.004996448153131494,0.033601404542107804,3.6,0.6000000000000001,5487.03,-0.0021760405902646607,2.1600000000000006,0.18000000000000016,0.03000000000000025,0.7407172505843717,Late Cycle,Triggered,Neutral,Neutral,70,60,No Shock,75.8,25,10,0,0,34.06666666666667,16.19047619047619,6.190476190476191,0.7142857142857143,3.5714285714285716,67.0,67.0,-8.714285714285708,13.571428571428571,43,61,0,39.4,69.4,4.5,Moderate,Low,Low,Easy / Supportive,SUPPORTIVE,Low,Elevated Divergence,Healthy,Moderate,Moderate Complacency,No Setup,NEUTRAL,NO TRADE,2.4285714285714315,Stable / Neutral,NEUTRAL,"{'final_decision': 'Divergence Warning', 'environment': 'Cross-asset signals are diverging', 'action': 'Avoid adding risk until credit, vol, and equities confirm', 'buy_trigger': 'Divergence fades and credit stabilizes', 'risk_off_trigger': 'Divergence worsens with HY widening or VIX spike'}",Divergence Warning,Cross-asset signals are diverging,"Avoid adding risk until credit, vol, and equities confirm",0.35,0.2,0.45,Neutral,"{'Low VIX': 15, 'SP500 near highs': 12}","[('Late-Cycle Melt-Up', np.float64(66.6)), ('Benign Risk-On', np.float64(64.3)), ('Credit Tightening', np.float64(0.9)), ('COVID Crash', 0), ('Inflation / Duration Shock', 0)]",-0.00742636194108226,0.04514446337868416,0.33000000000000007,-0.020000000000000018,5186.33,5186.33,-0.05274068554124234,-0.05274068554124234,-0.0016992266793787905,"('Medium', ['Adequate decision sample size', 'No active shock flag', 'Signals partly aligned'])",Medium,"['Adequate decision sample size', 'No active shock flag', 'Signals partly aligned']"
2024-07-02,4.43,4.74,-0.3100000000000005,Flat / Inversion Risk,4.2,-0.387,-0.4208555555555556,3.23,5509.01,12.03,2.3,0.30000000000000027,0.04999999999999982,0.10999999999999943,0.14000000000000012,0.009999999999999787,0.040000000000000036,-0.0900000000000003,0.23000000000000043,-0.06807777777777779,0.03999999999999915,-0.8100000000000005,0.007260526941290424,0.03879493218335095,3.6,0.6000000000000001,5509.01,0.0,2.13,0.10999999999999988,0.04999999999999982,0.6043179224250488,Late Cycle,Triggered,Neutral,Neutral,70,60,No Shock,76.2,25,10,0,0,35.476190476190474,17.38095238095238,6.666666666666667,0.7142857142857143,2.857142857142857,65.5,64.5,-6.228571428571428,12.38095238095238,33,61,0,39.2,69.2,3.0,Moderate,Low,Low,Easy / Supportive,SUPPORTIVE,Low,Elevated Divergence,Healthy,Moderate,Moderate Complacency,No Setup,NEUTRAL,NO TRADE,3.076190476190476,Stable / Neutral,NEUTRAL,"{'final_decision': 'Divergence Warning', 'environment': 'Cross-asset signals are diverging', 'action': 'Avoid adding risk until credit, vol, and equities confirm', 'buy_trigger': 'Divergence fades and credit stabilizes', 'risk_off_trigger': 'Divergence worsens with HY widening or VIX spike'}",Divergence Warning,Cross-asset signals are diverging,"Avoid adding risk until credit, vol, and equities confirm",0.35,0.2,0.45,Neutral,"{'Low VIX': 15, 'SP500 near highs': 12}","[('Late-Cycle Melt-Up', np.float64(65.2)), ('Benign Risk-On', np.float64(63.3)), ('Credit Tightening', np.float64(0.8)), ('COVID Crash', 0), ('Inflation / Duration Shock', 0)]",-0.009765819993065916,0.04290426047511242,0.22999999999999998,-0.08999999999999986,5186.33,5186.33,-0.05857313746026971,-0.05857313746026971,-0.00251803699757307,"('Medium', ['Adequate decision sample size', 'No active shock flag', 'Signals partly aligned'])",Medium,"['Adequate decision sample size', 'No active shock flag', 'Signals partly aligned']"
2024-07-03,4.36,4.71,-0.34999999999999964,Flat / Inversion Risk,4.2,-0.387,-0.42040000000000005,3.25,5537.02,12.09,2.27,0.30000000000000027,0.0600000000000005,0.040000000000000036,0.18000000000000016,0.020000000000000018,0.06999999999999984,-0.08000000000000007,0.26000000000000023,-0.06607777777777779,-0.0600000000000005,-0.46000000000000085,0.010792456963435004,0.043120647007514945,3.6,0.6000000000000001,5537.02,0.0,2.0900000000000003,0.13000000000000034,0.0600000000000005,0.42372708268065057,Late Cycle,Triggered,Hidden Credit Stress,Credit Warning / Vol Complacency,85,60,No Shock,77.0,65,10,0,0,36.89523809523809,20.476190476190474,7.142857142857143,0.7142857142857143,2.857142857142857,65.5,62.0,-3.7238095238095283,12.38095238095238,43,53,0,40.0,68.2,0.0,Moderate,Moderate,Low,Easy / Supportive,SUPPORTIVE,Low,Elevated Divergence,Healthy,Elevated,Moderate Complacency,No Setup,NEUTRAL,NO TRADE,4.328571428571426,Stable / Neutral,NEUTRAL,"{'final_decision': 'Divergence Warning', 'environment': 'Cross-asset signals are diverging', 'action': 'Avoid adding risk until credit, vol, and equities confirm', 'buy_trigger': 'Divergence fades and credit stabilizes', 'risk_off_trigger': 'Divergence worsens with HY widening or VIX spike'}",Divergence Warning,Cross-asset signals are diverging,"Avoid adding risk until credit, vol, and equities confirm",0.35,0.2,0.45,Neutral,"{'Low VIX': 15, 'SP500 near highs': 12}","[('Late-Cycle Melt-Up', np.float64(63.1)), ('Benign Risk-On', np.float64(62.3)), ('Credit Tightening', np.float64(1.5)), ('COVID Crash', 0), ('Inflation / Duration Shock', 0)]",0.0011197358868126894,0.0363282054245786,0.06000000000000005,-0.10999999999999988,5186.33,5186.33,-0.06333551260425296,-0.06333551260425296,0.0012919075603844412,"('Medium', ['Adequate decision sample size', 'No active shock flag', 'Signals conflicting'])",Medium,"['Adequate decision sample size', 'No active shock flag', 'Signals conflicting']"
2024-07-05,4.28,4.6,-0.3199999999999994,Flat / Inversion Risk,4.2,-0.382,-0.41936666666666667,3.27,5567.19,12.48,2.28,0.30000000000000027,0.09000000000000075,0.09000000000000075,0.20000000000000018,0.040000000000000036,0.06000000000000005,-0.07000000000000028,0.27000000000000046,-0.0635,0.620000000000001,0.2400000000000002,0.015378807084610813,0.046187006827137944,3.6,0.6000000000000001,5567.19,0.0,2.0000000000000004,0.03000000000000025,0.09000000000000075,0.022400908351155414,Late Cycle,Triggered,Hidden Credit Stress,Credit Warning / Vol Complacency,85,75,No Shock,76.4,65,10,0,15,38.25714285714285,23.571428571428573,7.619047619047619,1.4285714285714286,2.857142857142857,65.5,62.5,-1.2857142857142918,12.380952380952383,33,53,15,40.8,67.2,1.5,Moderate,Moderate,Low,Easy / Supportive,SUPPORTIVE,Low,Elevated Divergence,Healthy,Elevated,Moderate Complacency,No Setup,NEUTRAL,NO TRADE,5.547619047619046,Stable / Neutral,NEUTRAL,"{'final_decision': 'Divergence Warning', 'environment': 'Cross-asset signals are diverging', 'action': 'Avoid adding risk until credit, vol, and equities confirm', 'buy_trigger': 'Divergence fades and credit stabilizes', 'risk_off_trigger': 'Divergence worsens with HY widening or VIX spike'}",Divergence Warning,Cross-asset signals are diverging,"Avoid adding risk until credit, vol, and equities confirm",0.35,0.2,0.45,Neutral,"{'Low VIX': 15, 'SP500 near highs': 12}","[('Benign Risk-On', np.float64(60.9)), ('Late-Cycle Melt-Up', np.float64(60.7)), ('Credit Tightening', np.float64(4.6)), ('COVID Crash', 0), ('Inflation / Duration Shock', 0)]",-0.00232433238312324,0.03507873810665707,0.020000000000000018,-0.2400000000000002,5186.33,5186.33,-0.06841153256849497,-0.06841153256849497,8.648366590686615e-05,"('Medium', ['Adequate decision sample size', 'No active shock flag', 'Signals conflicting'])",Medium,"['Adequate decision sample size', 'No active shock flag', 'Signals conflicting']"
2024-07-08,4.28,4.62,-0.33999999999999986,Flat / Inversion Risk,4.2,-0.382,-0.4187888888888888,3.2,5572.85,12.37,2.27,0.30000000000000027,0.05000000000000071,0.009999999999999787,0.0900000000000003,-0.05999999999999961,0.020000000000000018,0.009999999999999787,0.08000000000000052,-0.0613777777777777,0.08000000000000007,-0.07000000000000028,0.02057877695733734,0.050092236494749365,3.6,0.6000000000000001,5572.85,0.0,2.0100000000000002,0.020000000000000462,0.05000000000000071,0.061123479302979435,Late Cycle,Triggered,Neutral,Neutral,55,85,No Shock,76.8,10,10,0,0,39.647619047619045,24.047619047619047,8.095238095238095,1.4285714285714286,2.857142857142857,64.0,64.0,1.2095238095238088,11.666666666666666,25,53,0,40.0,65.4,1.5,Moderate,Moderate,Low,Easy / Supportive,SUPPORTIVE,Low,Elevated Divergence,Healthy,Elevated,Moderate Complacency,No Setup,NEUTRAL,NO TRADE,6.438095238095237,Stable / Neutral,NEUTRAL,"{'final_decision': 'Divergence Warning', 'environment': 'Cross-asset signals are diverging', 'action': 'Avoid adding risk until credit, vol, and equities confirm', 'buy_trigger': 'Divergence fades and credit stabilizes', 'risk_off_trigger': 'Divergence worsens with HY widening or VIX spike'}",Divergence Warning,Cross-asset signals are diverging,"Avoid adding risk until credit, vol, and equities confirm",0.35,0.2,0.45,Neutral,"{'Low VIX': 15, 'SP500 near highs': 12}","[('Benign Risk-On', np.float64(60.7)), ('Late-Cycle Melt-Up', np.float64(58.7)), ('Credit Tightening', np.float64(5.7)), ('COVID Crash', 0), ('Inflation / Duration Shock', 0)]",0.006352225521950139,0.02438608611392734,0.009999999999999787,-0.13000000000000034,5186.33,5186.33,-0.0693576895125475,-0.0693576895125475,0.0031232789326825485,"('Medium', ['Adequate decision sample size', 'No active shock flag', 'Signals partly aligned'])",Medium,"['Adequate decision sample size', 'No active shock flag', 'Signals partly aligned']"
2024-07-09,4.3,4.62,-0.3200000000000003,Flat / Inversion Risk,4.2,-0.382,-0.4182111111111111,3.21,5576.98,12.51,2.26,0.30000000000000027,0.04999999999999982,-0.030000000000001137,0.10999999999999988,-0.10000000000000009,0.0,-0.06000000000000005,0.16999999999999993,-0.05925555555555556,-0.2599999999999998,0.28999999999999915,0.018609739748570275,0.05868439436277484,3.6,0.6000000000000001,5576.98,0.0,2.04,0.10000000000000053,0.04999999999999982,0.18967631707963184,Late Cycle,Triggered,Neutral,Neutral,70,85,No Shock,76.4,25,10,0,0,41.00952380952381,24.761904761904763,8.095238095238095,1.4285714285714286,2.857142857142857,65.5,66.5,3.6857142857142904,13.095238095238097,35,53,15,40.2,63.6,3.0,Elevated,Moderate,Low,Easy / Supportive,SUPPORTIVE,Low,Elevated Divergence,Healthy,Elevated,Moderate Complacency,No Setup,NEUTRAL,NO TRADE,8.390476190476193,Stable / Neutral,NEUTRAL,"{'final_decision': 'Divergence Warning', 'environment': 'Cross-asset signals are diverging', 'action': 'Avoid adding risk until credit, vol, and equities confirm', 'buy_trigger': 'Divergence fades and credit stabilizes', 'risk_off_trigger': 'Divergence worsens with HY widening or VIX spike'}",Divergence Warning,Cross-asset signals are diverging,"Avoid adding risk until credit, vol, and equities confirm",0.35,0.2,0.45,Neutral,"{'Macro stress': 20, 'Low VIX': 15, 'SP500 near highs': 12}","[('Benign Risk-On', np.float64(60.2)), ('Late-Cycle Melt-Up', np.float64(56.5)), ('Credit Tightening', np.float64(7.8)), ('COVID Crash', 0), ('Inflation / Duration Shock', 0)]",0.003611273484932731,0.02376913670122538,0.040000000000000036,-0.1499999999999999,5186.33,5186.33,-0.07004687124572795,-0.07004687124572795,0.002163945719726456,"('Medium', ['Adequate decision sample size', 'No active shock flag', 'Signals partly aligned'])",Medium,"['Adequate decision sample size', 'No active shock flag', 'Signals partly aligned']"
2024-07-10,4.28,4.62,-0.33999999999999986,Flat / Inversion Risk,4.2,-0.382,-0.41763333333333336,3.17,5633.91,12.85,2.27,0.30000000000000027,0.04999999999999982,-0.02999999999999936,0.06000000000000005,-0.1200000000000001,-0.06000000000000005,-0.14000000000000012,0.20000000000000018,-0.05713333333333337,0.9199999999999999,0.8200000000000003,0.022671950132600927,0.06205605573903994,3.6,0.6000000000000001,5633.91,0.0,2.0100000000000002,0.0900000000000003,0.04999999999999982,0.05287467304135048,Late Cycle,Triggered,Neutral,Neutral,55,85,No Shock,76.8,25,10,0,0,42.390476190476186,25.952380952380953,8.571428571428571,1.4285714285714286,2.142857142857143,65.5,69.0,6.228571428571428,13.80952380952381,25,53,15,38.7,61.1,4.5,Elevated,Moderate,Low,Easy / Supportive,SUPPORTIVE,Low,Elevated Divergence,Healthy,Moderate,Moderate Complacency,No Setup,NEUTRAL,NO TRADE,10.019047619047619,Stable / Neutral,NEUTRAL,"{'final_decision': 'Divergence Warning', 'environment': 'Cross-asset signals are diverging', 'action': 'Avoid adding risk until credit, vol, and equities confirm', 'buy_trigger': 'Divergence fades and credit stabilizes', 'risk_off_trigger': 'Divergence worsens with HY widening or VIX spike'}",Divergence Warning,Cross-asset signals are diverging,"Avoid adding risk until credit, vol, and equities confirm",0.35,0.2,0.45,Neutral,"{'Macro stress': 20, 'Low VIX': 15, 'SP500 near highs': 12}","[('Benign Risk-On', np.float64(59.4)), ('Late-Cycle Melt-Up', np.float64(53.3)), ('Credit Tightening', np.float64(10.0)), ('COVID Crash', 0), ('Inflation / Duration Shock', 0)]",-0.002318105898035161,0.01172010202505902,0.10000000000000009,-0.1299999999999999,5186.33,5186.33,-0.07944393857906851,-0.07944393857906851,8.866293568769376e-05,"('Medium', ['Adequate decision sample size', 'No active shock flag', 'Signals partly aligned'])",Medium,"['Adequate decision sample size', 'No active shock flag', 'Signals partly aligned']"
2024-07-11,4.2,4.5,-0.2999999999999998,Flat / Inversion Risk,4.2,-0.382,-0.4170555555555555,3.18,5584.54,12.92,2.25,0.30000000000000027,0.04999999999999982,0.04999999999999982,0.0900000000000003,-0.13999999999999968,-0.06999999999999984,-0.18999999999999995,0.28000000000000025,-0.05493333333333328,0.0,0.8300000000000001,0.00858223376473255,0.052487354034270295,3.6,0.6000000000000001,5633.91,-0.008763008283767415,1.9500000000000002,0.07999999999999963,0.04999999999999982,-0.21742872893571588,Late Cycle,Triggered,Neutral,Neutral,55,70,No Shock,76.0,25,10,0,0,43.771428571428565,27.142857142857142,9.047619047619047,1.4285714285714286,1.4285714285714286,65.5,70.0,8.828571428571422,14.523809523809524,25,53,15,36.2,58.6,6.0,Elevated,Moderate,Low,Easy / Supportive,SUPPORTIVE,Low,Elevated Divergence,Strong / Extended,Moderate,Moderate Complacency,No Setup,NEUTRAL,NO TRADE,11.676190476190474,Stable / Neutral,NEUTRAL,"{'final_decision': 'Divergence Warning', 'environment': 'Cross-asset signals are diverging', 'action': 'Avoid adding risk until credit, vol, and equities confirm', 'buy_trigger': 'Divergence fades and credit stabilizes', 'risk_off_trigger': 'Divergence worsens with HY widening or VIX spike'}",Divergence Warning,Cross-asset signals are diverging,"Avoid adding risk until credit, vol, and equities confirm",0.35,0.2,0.45,Neutral,"{'Macro stress': 20, 'Low VIX': 15, 'SP500 near highs': 12}","[('Benign Risk-On', np.float64(58.4)), ('Late-Cycle Melt-Up', np.float64(50.1)), ('Credit Tightening', np.float64(12.1)), ('COVID Crash', 0), ('Inflation / Duration Shock', 0)]",-0.002489014314518201,0.029819824014153395,0.029999999999999805,-0.29000000000000004,5186.33,5186.33,-0.07130578346649863,-0.07130578346649863,2.88449899186298e-05,"('Medium', ['Adequate decision sample size', 'No active shock flag', 'Signals partly aligned'])",Medium,"['Adequate decision sample size', 'No active shock flag', 'Signals partly aligned']"
2024-07-12,4.18,4.45,-0.27000000000000046,Flat / Inversion Risk,4.2,-0.376,-0.41636666666666666,3.19,5615.35,12.46,2.24,0.30000000000000027,0.1200000000000001,0.049999999999998934,0.040000000000000036,-0.06999999999999984,-0.08000000000000007,-0.20999999999999996,0.25,-0.05262222222222218,-1.8199999999999985,-0.019999999999999574,0.008650683738115728,0.06614834012094306,3.6,0.6000000000000001,5633.91,-0.0032943373252323216,1.9399999999999995,0.05999999999999961,0.1200000000000001,-0.2659105797446804,Late Cycle,Triggered,Neutral,Neutral,55,70,No Shock,75.4,25,10,0,0,46.24761904761905,27.857142857142858,9.047619047619047,1.4285714285714286,0.7142857142857143,65.5,71.0,12.438095238095237,14.047619047619047,35,63,15,34.7,57.1,7.5,Elevated,Moderate,Low,Easy / Supportive,SUPPORTIVE,Low,Elevated Divergence,Strong / Extended,Moderate,Moderate Complacency,No Setup,NEUTRAL,NO TRADE,13.242857142857142,Stable / Neutral,NEUTRAL,"{'final_decision': 'Divergence Warning', 'environment': 'Cross-asset signals are diverging', 'action': 'Avoid adding risk until credit, vol, and equities confirm', 'buy_trigger': 'Divergence fades and credit stabilizes', 'risk_off_trigger': 'Divergence worsens with HY widening or VIX spike'}",Divergence Warning,Cross-asset signals are diverging,"Avoid adding risk until credit, vol, and equities confirm",0.35,0.2,0.45,Neutral,"{'Macro stress': 20, 'Low VIX': 15, 'SP500 near highs': 12}","[('Benign Risk-On', np.float64(56.2)), ('Late-Cycle Melt-Up', np.float64(47.0)), ('Credit Tightening', np.float64(13.6)), ('COVID Crash', 0), ('Inflation / Duration Shock', 0)]",0.0034298841568201066,0.014351732305198928,0.0,-0.23999999999999977,5186.33,5186.33,-0.07640129288468223,-0.07640129288468223,0.002100459454887037,"('Medium', ['Adequate decision sample size', 'No active shock flag', 'Signals partly aligned'])",Medium,"['Adequate decision sample size', 'No active shock flag', 'Signals partly aligned']"
2024-07-15,4.23,4.44,-0.20999999999999996,Flat / Inversion Risk,4.2,-0.376,-0.4156777777777778,3.13,5631.22,13.12,2.27,0.30000000000000027,0.20000000000000018,0.1299999999999999,-0.06000000000000005,-0.18000000000000016,-0.07000000000000028,-0.22999999999999998,0.16999999999999993,-0.05031111111111114,-1.3500000000000014,0.75,0.01047399445526076,0.07558810271455552,3.6,0.6000000000000001,5633.91,-0.0004774659162108952,1.9600000000000004,0.15000000000000036,0.20000000000000018,-0.18421924804121823,Late Cycle,Triggered,Risk-On Confirmation,Neutral,0,70,No Shock,74.2,10,0,0,0,48.647619047619045,28.333333333333332,9.047619047619047,1.4285714285714286,0.0,60.0,72.0,15.980952380952381,13.333333333333332,47,68,15,34.4,57.1,9.0,Elevated,Moderate,Low,Easy / Supportive,SUPPORTIVE,Low,Elevated Divergence,Strong / Extended,Moderate,Moderate Complacency,No Setup,NEUTRAL,NO TRADE,14.657142857142857,Stable / Neutral,NEUTRAL,"{'final_decision': 'Divergence Warning', 'environment': 'Cross-asset signals are diverging', 'action': 'Avoid adding risk until credit, vol, and equities confirm', 'buy_trigger': 'Divergence fades and credit stabilizes', 'risk_off_trigger': 'Divergence worsens with HY widening or VIX spike'}",Divergence Warning,Cross-asset signals are diverging,"Avoid adding risk until credit, vol, and equities confirm",0.35,0.2,0.45,Neutral,"{'Macro stress': 20, 'Low VIX': 15, 'SP500 near highs': 12}","[('Benign Risk-On', np.float64(53.6)), ('Late-Cycle Melt-Up', np.float64(44.9)), ('Credit Tightening', np.float64(14.2)), ('COVID Crash', 0), ('Inflation / Duration Shock', 0)]",-0.0025536207074133843,0.021293787136712705,0.020000000000000018,-0.13999999999999968,5186.33,5186.33,-0.07900419447295615,-0.07900419447295615,6.2327524053156814e-06,"('Medium', ['Adequate decision sample size', 'No active shock flag', 'Signals partly aligned'])",Medium,"['Adequate decision sample size', 'No active shock flag', 'Signals partly aligned']"
2024-07-16,4.17,4.43,-0.2599999999999998,Flat / Inversion Risk,4.2,-0.376,-0.41498888888888885,3.08,5667.2,13.19,2.26,0.30000000000000027,0.17999999999999972,0.0600000000000005,-0.1200000000000001,-0.18999999999999995,-0.1299999999999999,-0.18999999999999995,0.06999999999999984,-0.04799999999999999,0.2699999999999996,0.6799999999999997,0.016177214191193112,0.0738397463955538,3.6,0.6000000000000001,5667.2,0.0,1.9100000000000001,0.09999999999999964,0.17999999999999972,-0.4194361176171456,Late Cycle,Triggered,Risk-On Confirmation,Neutral,0,85,No Shock,75.2,0,0,0,0,51.095238095238095,28.333333333333332,9.047619047619047,1.4285714285714286,0.0,53.0,74.5,17.028571428571425,12.142857142857142,37,68,25,33.8,57.8,11.5,Elevated,Moderate,Low,Easy / Supportive,SUPPORTIVE,Low,Elevated Divergence,Strong / Extended,Moderate,Moderate Complacency,No Setup,DE-RISKING,NO TRADE,14.585714285714284,Deteriorating / Rising Stress,REDUCE RISK,"{'final_decision': 'Divergence Warning', 'environment': 'Cross-asset signals are diverging', 'action': 'Avoid adding risk until credit, vol, and equities confirm', 'buy_trigger': 'Divergence fades and credit stabilizes', 'risk_off_trigger': 'Divergence worsens with HY widening or VIX spike'}",Divergence Warning,Cross-asset signals are diverging,"Avoid adding risk until credit, vol, and equities confirm",0.35,0.2,0.45,Neutral,"{'Macro stress': 20, 'Low VIX': 15, 'SP500 near highs': 12}","[('Benign Risk-On', np.float64(50.8)), ('Late-Cycle Melt-Up', np.float64(43.4)), ('Credit Tightening', np.float64(15.1)), ('COVID Crash', 0), ('Inflation / Duration Shock', 0)]",-0.007305194805194759,0.022028514963297496,0.08999999999999986,-0.14000000000000012,5186.33,5186.33,-0.08485142574816484,-0.08485142574816484,-0.0016568181818181651,"('Medium', ['Adequate decision sample size', 'No active shock flag', 'Signals partly aligned'])",Medium,"['Adequate decision sample size', 'No active shock flag', 'Signals partly aligned']"
2024-07-17,4.16,4.42,-0.2599999999999998,Flat / Inversion Risk,4.2,-0.376,-0.4143,3.09,5588.27,14.48,2.26,0.30000000000000027,0.15000000000000036,0.08000000000000007,-0.08000000000000007,-0.18000000000000016,-0.08000000000000007,-0.20000000000000018,0.1200000000000001,-0.045688888888888834,1.370000000000001,1.6300000000000008,-0.008100945879504495,0.05770337282810334,3.6,0.6000000000000001,5667.2,-0.013927512704686507,1.9000000000000004,0.0900000000000003,0.15000000000000036,-0.4734239664253308,Late Cycle,Triggered,Risk-On Confirmation,Neutral,0,60,No Shock,75.2,0,0,0,0,53.51428571428571,27.857142857142858,8.571428571428571,1.4285714285714286,0.0,46.0,74.5,18.038095238095238,10.476190476190478,37,63,25,34.2,58.0,14.0,Elevated,Moderate,Low,Easy / Supportive,SUPPORTIVE,Low,Elevated Divergence,Strong / Extended,Moderate,Moderate Complacency,No Setup,DE-RISKING,NO TRADE,14.257142857142858,Deteriorating / Rising Stress,REDUCE RISK,"{'final_decision': 'Divergence Warning', 'environment': 'Cross-asset signals are diverging', 'action': 'Avoid adding risk until credit, vol, and equities confirm', 'buy_trigger': 'Divergence fades and credit stabilizes', 'risk_off_trigger': 'Divergence worsens with HY widening or VIX spike'}",Divergence Warning,Cross-asset signals are diverging,"Avoid adding risk until credit, vol, and equities confirm",0.35,0.2,0.45,Neutral,"{'Macro stress': 20, 'Low VIX': 15, 'SP500 near highs': 12}","[('Benign Risk-On', np.float64(48.3)), ('Late-Cycle Melt-Up', np.float64(41.5)), ('Credit Tightening', np.float64(15.8)), ('COVID Crash', 0), ('Inflation / Duration Shock', 0)]",0.0006996798651461855,0.03431831318100231,0.10000000000000009,-0.09999999999999964,5186.33,5186.33,-0.07192565856696265,-0.07192565856696265,0.001144887952801165,"('Medium', ['Adequate decision sample size', 'No active shock flag', 'Signals partly aligned'])",Medium,"['Adequate decision sample size', 'No active shock flag', 'Signals partly aligned']"
2024-07-18,4.2,4.46,-0.2599999999999998,Flat / Inversion Risk,4.2,-0.376,-0.41361111111111115,3.09,5544.59,15.93,2.31,0.30000000000000027,0.13000000000000078,0.040000000000000036,-0.13000000000000034,-0.16999999999999993,-0.0900000000000003,-0.06999999999999984,-0.0600000000000005,-0.04338888888888892,2.7699999999999996,3.01,-0.007153677832014815,0.0478612222990773,3.6,0.6000000000000001,5667.2,-0.021635022586109498,1.8900000000000001,0.08000000000000007,0.13000000000000078,-0.529059624902796,Late Cycle,Triggered,Risk-On Confirmation,Neutral,0,42,No Shock,75.2,5,10,0,0,55.93333333333334,25.714285714285715,8.571428571428571,1.4285714285714286,0.0,37.5,72.7,19.038095238095245,5.238095238095241,24,56,25,32.3,58.3,16.5,Elevated,Moderate,Low,Easy / Supportive,SUPPORTIVE,Low,Moderate Divergence,Strong / Extended,Moderate,Moderate Complacency,No Setup,DE-RISKING,NO TRADE,12.138095238095243,Deteriorating / Rising Stress,REDUCE RISK,"{'final_decision': 'Neutral', 'environment': 'Mixed / neutral', 'action': 'Neutral positioning', 'buy_trigger': 'Wait for clearer mean-reversion or benign setup', 'risk_off_trigger': 'Shock flag or rising macro/credit stress'}",Neutral,Mixed / neutral,Neutral positioning,0.45,0.25,0.3,Neutral,"{'Macro stress': 20, 'Low VIX': 15}","[('Benign Risk-On', np.float64(46.1)), ('Late-Cycle Melt-Up', np.float64(40.0)), ('Credit Tightening', np.float64(15.4)), ('COVID Crash', 0), ('Inflation / Duration Shock', 0)]",0.008543463087441916,0.04877547302866381,0.06000000000000005,-0.10999999999999988,5186.33,5186.33,-0.06461433577595466,-0.06461433577595466,0.0044445583893488625,"('Medium', ['Adequate decision sample size', 'No active shock flag', 'Signals partly aligned'])",Medium,"['Adequate decision sample size', 'No active shock flag', 'Signals partly aligned']"
2024-07-19,4.25,4.49,-0.2400000000000002,Flat / Inversion Risk,4.2,-0.371,-0.41284444444444446,3.09,5505.0,16.52,2.32,0.30000000000000027,0.16999999999999993,0.03000000000000025,-0.11000000000000032,-0.16999999999999993,-0.10000000000000009,0.0,-0.11000000000000032,-0.04101111111111111,3.889999999999999,4.059999999999999,-0.01965149100234187,0.028197451265682183,3.6,0.6000000000000001,5667.2,-0.028620835686053003,1.9300000000000002,0.10000000000000053,0.16999999999999993,-0.3545530706320973,Late Cycle,Triggered,Risk-On Confirmation,Neutral,0,42,No Shock,74.8,5,10,0,12,58.333333333333336,22.857142857142858,8.571428571428571,1.2857142857142858,0.0,29.0,69.4,20.076190476190483,-0.7142857142857153,32,46,25,32.2,57.6,17.5,Elevated,Moderate,Low,Easy / Supportive,SUPPORTIVE,Low,Moderate Divergence,Healthy,Moderate,Moderate Complacency,No Setup,DE-RISKING,NO TRADE,9.680952380952384,Deteriorating / Rising Stress,REDUCE RISK,"{'final_decision': 'Neutral', 'environment': 'Mixed / neutral', 'action': 'Neutral positioning', 'buy_trigger': 'Wait for clearer mean-reversion or benign setup', 'risk_off_trigger': 'Shock flag or rising macro/credit stress'}",Neutral,Mixed / neutral,Neutral positioning,0.45,0.25,0.3,Neutral,"{'Macro stress': 20, 'Low VIX': 15}","[('Benign Risk-On', np.float64(44.6)), ('Late-Cycle Melt-Up', np.float64(38.4)), ('Credit Tightening', np.float64(14.0)), ('COVID Crash', 0), ('Inflation / Duration Shock', 0)]",0.026049046321525715,0.05635967302452327,0.040000000000000036,-0.1599999999999997,5186.33,5186.33,-0.057887375113533146,-0.057887375113533146,0.012322070844686572,"('Medium', ['Adequate decision sample size', 'No active shock flag', 'Signals partly aligned'])",Medium,"['Adequate decision sample size', 'No active shock flag', 'Signals partly aligned']"
2024-07-22,4.26,4.5,-0.2400000000000002,Flat / Inversion Risk,4.2,-0.371,-0.4120777777777777,3.05,5564.41,14.91,2.3,0.30000000000000027,0.17999999999999972,-0.03000000000000025,-0.15000000000000036,-0.15000000000000036,-0.08000000000000007,0.010000000000000231,-0.1600000000000006,-0.038633333333333186,2.33,1.790000000000001,-0.011864214148976648,0.039501509445241556,3.6,0.6000000000000001,5667.2,-0.018137704686617684,1.96,0.09999999999999964,0.17999999999999972,-0.22568976863549328,Late Cycle,Triggered,Risk-On Confirmation,Neutral,0,50,No Shock,74.8,5,10,0,0,60.75238095238095,20.0,8.571428571428571,1.2857142857142858,0.0,23.5,65.9,21.104761904761908,-4.0476190476190474,45,53,25,34.2,57.6,20.0,Elevated,Moderate,Low,Easy / Supportive,SUPPORTIVE,Low,Moderate Divergence,Healthy,Moderate,Moderate Complacency,Weak Setup,DE-RISKING,WAIT,8.52857142857143,Deteriorating / Rising Stress,REDUCE RISK,"{'final_decision': 'Neutral', 'environment': 'Mixed / neutral', 'action': 'Neutral positioning', 'buy_trigger': 'Wait for clearer mean-reversion or benign setup', 'risk_off_trigger': 'Shock flag or rising macro/credit stress'}",Neutral,Mixed / neutral,Neutral positioning,0.45,0.25,0.3,Neutral,"{'Macro stress': 20, 'Low VIX': 15, 'SP500 near highs': 12}","[('Benign Risk-On', np.float64(42.3)), ('Late-Cycle Melt-Up', np.float64(36.4)), ('Credit Tightening', np.float64(12.9)), ('COVID Crash', 0), ('Inflation / Duration Shock', 0)]",-0.006376237552588648,0.0499711559716125,0.26000000000000023,-0.1499999999999999,5186.33,5186.33,-0.0679461074938762,-0.0679461074938762,-0.002269306898664892,"('Medium', ['Adequate decision sample size', 'No active shock flag', 'Signals partly aligned'])",Medium,"['Adequate decision sample size', 'No active shock flag', 'Signals partly aligned']"
2024-07-23,4.25,4.4,-0.15000000000000036,Flat / Inversion Risk,4.2,-0.371,-0.4113111111111111,3.02,5555.74,14.72,2.29,0.30000000000000027,0.2699999999999996,0.10999999999999943,-0.1299999999999999,-0.1299999999999999,-0.06000000000000005,-0.0900000000000003,-0.03999999999999959,-0.036255555555555596,2.5,1.5300000000000011,-0.019667560700169395,0.03904065651890121,3.6,0.6000000000000001,5667.2,-0.019667560700169395,1.96,0.0699999999999994,0.2699999999999996,-0.23689367969802183,Late Cycle,Triggered,Risk-On Confirmation,Neutral,0,50,No Shock,73.0,5,10,0,0,63.08571428571428,19.047619047619047,8.571428571428571,1.2857142857142858,0.0,16.5,62.4,22.07619047619047,-5.714285714285715,45,53,25,35.2,57.6,21.0,Elevated,Low,Low,Easy / Supportive,SUPPORTIVE,Low,Low Divergence,Healthy,Moderate,Moderate Complacency,Weak Setup,DE-RISKING,WAIT,8.180952380952377,Deteriorating / Rising Stress,REDUCE RISK,"{'final_decision': 'Neutral', 'environment': 'Mixed / neutral', 'action': 'Neutral positioning', 'buy_trigger': 'Wait for clearer mean-reversion or benign setup', 'risk_off_trigger': 'Shock flag or rising macro/credit stress'}",Neutral,Mixed / neutral,Neutral positioning,0.45,0.25,0.3,Neutral,"{'Macro stress': 20, 'Low VIX': 15, 'SP500 near highs': 12}","[('Benign Risk-On', np.float64(40.0)), ('Late-Cycle Melt-Up', np.float64(34.5)), ('Credit Tightening', np.float64(12.2)), ('COVID Crash', 0), ('Inflation / Duration Shock', 0)]",-0.006420386843156822,0.05142969253420793,0.33000000000000007,-0.1299999999999999,5186.33,5186.33,-0.06649159247912972,-0.06649159247912972,-0.00228917407942057,"('Medium', ['Adequate decision sample size', 'No active shock flag', 'Signals partly aligned'])",Medium,"['Adequate decision sample size', 'No active shock flag', 'Signals partly aligned']"
2024-07-24,4.28,4.37,-0.08999999999999986,Flat / Inversion Risk,4.2,-0.371,-0.41054444444444443,3.1,5427.13,18.04,2.28,0.30000000000000027,0.2999999999999998,0.16999999999999993,-0.04999999999999982,-0.04999999999999982,0.010000000000000231,-0.010000000000000231,-0.03999999999999959,-0.033877777777777784,5.299999999999999,3.5599999999999987,-0.02883539986435879,0.012375041738251324,3.6,0.6000000000000001,5667.2,-0.04236130717108977,2.0000000000000004,0.010000000000000231,0.2999999999999998,-0.05795790735585066,Late Cycle,Triggered,Risk-On Confirmation,Neutral,0,0,No Shock,71.8,15,20,0,12,65.35238095238095,19.285714285714285,9.047619047619047,1.8571428571428572,0.0,11.0,53.9,22.96190476190477,-6.666666666666668,32,39,40,35.9,56.2,23.5,Elevated,Low,Low,Easy / Supportive,SUPPORTIVE,Low,Low Divergence,Healthy,Moderate,Moderate Complacency,Weak Setup,DE-RISKING,WAIT,8.14761904761905,Deteriorating / Rising Stress,REDUCE RISK,"{'final_decision': 'Neutral', 'environment': 'Mixed / neutral', 'action': 'Neutral positioning', 'buy_trigger': 'Wait for clearer mean-reversion or benign setup', 'risk_off_trigger': 'Shock flag or rising macro/credit stress'}",Neutral,Mixed / neutral,Neutral positioning,0.45,0.25,0.3,Neutral,{'Macro stress': 20},"[('Benign Risk-On', np.float64(37.3)), ('Late-Cycle Melt-Up', np.float64(31.3)), ('Credit Tightening', np.float64(13.3)), ('COVID Crash', 0), ('Inflation / Duration Shock', 0)]",0.014055311002316051,0.08062088064962514,0.18999999999999995,-0.2200000000000002,5186.33,5186.33,-0.04436967605345743,-0.04436967605345743,0.006924889951042223,"('Medium', ['Adequate decision sample size', 'No active shock flag', 'Signals partly aligned'])",Medium,"['Adequate decision sample size', 'No active shock flag', 'Signals partly aligned']"
2024-07-25,4.27,4.41,-0.14000000000000057,Flat / Inversion Risk,4.2,-0.371,-0.4097777777777778,3.08,5399.22,18.46,2.28,0.30000000000000027,0.2699999999999996,0.11999999999999922,-0.10999999999999988,-0.08000000000000007,-0.009999999999999787,0.06999999999999984,-0.17999999999999972,-0.03156666666666669,5.610000000000001,2.530000000000001,-0.026218349778793337,0.004446246921113728,3.6,0.6000000000000001,5667.2,-0.04728613777526813,1.9899999999999998,0.0,0.2699999999999996,-0.11706265287171337,Late Cycle,Triggered,Risk-On Confirmation,Neutral,0,0,No Shock,72.8,15,20,0,12,67.70476190476191,19.523809523809526,9.523809523809524,2.4285714285714284,0.0,5.5,46.9,23.933333333333344,-7.619047619047617,32,39,40,36.6,54.8,26.0,Elevated,Low,Low,Easy / Supportive,SUPPORTIVE,Low,Low Divergence,Healthy,Moderate,Moderate Complacency,Weak Setup,DE-RISKING,WAIT,8.157142857142864,Deteriorating / Rising Stress,REDUCE RISK,"{'final_decision': 'Neutral', 'environment': 'Mixed / neutral', 'action': 'Neutral positioning', 'buy_trigger': 'Wait for clearer mean-reversion or benign setup', 'risk_off_trigger': 'Shock flag or rising macro/credit stress'}",Neutral,Mixed / neutral,Neutral positioning,0.45,0.25,0.3,Neutral,{'Macro stress': 20},"[('Benign Risk-On', np.float64(34.5)), ('Late-Cycle Melt-Up', np.float64(28.0)), ('Credit Tightening', np.float64(14.3)), ('COVID Crash', 0), ('Inflation / Duration Shock', 0)]",0.0017039498297901634,0.08422698093428305,0.31000000000000005,-0.20000000000000018,5186.33,5186.33,-0.03942976948522203,-0.03942976948522203,0.0013667774234055736,"('Medium', ['Adequate decision sample size', 'No active shock flag', 'Signals partly aligned'])",Medium,"['Adequate decision sample size', 'No active shock flag', 'Signals partly aligned']"
2024-07-26,4.2,4.36,-0.16000000000000014,Flat / Inversion Risk,4.2,-0.368,-0.40900000000000003,3.1,5459.1,16.39,2.27,0.30000000000000027,0.23000000000000043,0.08000000000000007,0.010000000000000231,-0.029999999999999805,0.010000000000000231,-0.0900000000000003,0.10000000000000053,-0.029244444444444406,4.350000000000001,-0.129999999999999,-0.008337874659400502,0.007022650677085407,3.6,0.6000000000000001,5667.2,-0.036720073404855946,1.9300000000000002,-0.09999999999999964,0.23000000000000043,-0.42079101128225277,Late Cycle,Triggered,Neutral,Neutral,15,12,No Shock,73.2,20,20,0,12,70.1047619047619,20.0,10.0,3.0,0.0,1.5,41.1,23.857142857142854,-7.857142857142858,20,41,35,35.1,52.6,28.0,High Stress,Moderate,Low,Easy / Supportive,SUPPORTIVE,Low,Low Divergence,Healthy,Moderate,Moderate Complacency,Weak Setup,DEFENSIVE,WAIT,7.999999999999998,Deteriorating / Rising Stress,REDUCE RISK,"{'final_decision': 'Neutral', 'environment': 'Mixed / neutral', 'action': 'Neutral positioning', 'buy_trigger': 'Wait for clearer mean-reversion or benign setup', 'risk_off_trigger': 'Shock flag or rising macro/credit stress'}",Neutral,Mixed / neutral,Neutral positioning,0.45,0.25,0.3,Neutral,"{'Macro stress': 20, 'Low VIX': 15}","[('Benign Risk-On', np.float64(31.8)), ('Late-Cycle Melt-Up', np.float64(24.4)), ('Credit Tightening', np.float64(15.3)), ('COVID Crash', 0), ('Inflation / Duration Shock', 0)]",0.0021890055137292475,0.07182502610320363,0.2599999999999998,-0.18000000000000016,5186.33,5186.33,-0.04996611163012221,-0.04996611163012221,0.0015850524811781615,"('Medium', ['Adequate decision sample size', 'No active shock flag', 'Signals partly aligned'])",Medium,"['Adequate decision sample size', 'No active shock flag', 'Signals partly aligned']"
2024-07-29,4.17,4.36,-0.1900000000000004,Flat / Inversion Risk,4.2,-0.368,-0.40822222222222215,3.13,5463.54,16.6,2.25,0.30000000000000027,0.1899999999999995,0.04999999999999982,-0.07000000000000028,0.029999999999999805,0.08000000000000007,-0.009999999999999787,-0.0600000000000005,-0.026922222222222125,4.660000000000002,1.6900000000000013,-0.018127708058895742,0.005484252098922671,3.6,0.6000000000000001,5667.2,-0.03593661773009593,1.92,-0.08000000000000007,0.1899999999999995,-0.4840555191098421,Late Cycle,Triggered,Risk-On Confirmation,Neutral,0,12,No Shock,73.8,5,10,0,12,72.5142857142857,19.047619047619047,10.0,3.5714285714285716,0.0,1.5,35.3,23.86666666666666,-9.285714285714285,32,46,35,33.6,50.4,30.0,High Stress,Low,Low,Easy / Supportive,SUPPORTIVE,Low,Low Divergence,Weakening,Moderate,Moderate Complacency,Weak Setup,DEFENSIVE,WAIT,7.290476190476188,Deteriorating / Rising Stress,REDUCE RISK,"{'final_decision': 'Neutral', 'environment': 'Mixed / neutral', 'action': 'Neutral positioning', 'buy_trigger': 'Wait for clearer mean-reversion or benign setup', 'risk_off_trigger': 'Shock flag or rising macro/credit stress'}",Neutral,Mixed / neutral,Neutral positioning,0.45,0.25,0.3,Neutral,"{'Macro stress': 20, 'Low VIX': 15}","[('Benign Risk-On', np.float64(29.2)), ('Late-Cycle Melt-Up', np.float64(20.9)), ('Credit Tightening', np.float64(15.2)), ('COVID Crash', 0), ('Inflation / Duration Shock', 0)]",0.005853347829429367,0.06111056201656795,0.33000000000000007,-0.17999999999999972,5186.33,5186.33,-0.05073816609743864,-0.05073816609743864,0.003234006523243215,"('Medium', ['Adequate decision sample size', 'No active shock flag', 'Signals partly aligned'])",Medium,"['Adequate decision sample size', 'No active shock flag', 'Signals partly aligned']"
2024-07-30,4.15,4.35,-0.1999999999999993,Flat / Inversion Risk,4.2,-0.368,-0.40744444444444444,3.2,5436.44,17.69,2.25,0.30000000000000027,0.120000000000001,-0.049999999999998934,-0.08999999999999986,0.06000000000000005,0.18000000000000016,0.1299999999999999,-0.21999999999999975,-0.024600000000000066,5.030000000000001,2.9700000000000006,-0.021473287086868798,0.0008910818175122959,3.6,0.6000000000000001,5667.2,-0.04071852060982495,1.9000000000000004,-0.059999999999999165,0.120000000000001,-0.5923239595940554,Late Cycle,Triggered,Risk-On Confirmation,Neutral,0,0,No Shock,74.0,15,20,0,12,74.99047619047619,18.571428571428573,10.476190476190476,4.142857142857143,0.0,1.5,26.8,23.895238095238092,-9.76190476190476,32,46,50,33.1,48.2,32.5,High Stress,Low,Low,Easy / Supportive,SUPPORTIVE,Low,Low Divergence,Weakening,Moderate,Moderate Complacency,Weak Setup,DEFENSIVE,WAIT,7.066666666666666,Deteriorating / Rising Stress,REDUCE RISK,"{'final_decision': 'Neutral', 'environment': 'Mixed / neutral', 'action': 'Neutral positioning', 'buy_trigger': 'Wait for clearer mean-reversion or benign setup', 'risk_off_trigger': 'Shock flag or rising macro/credit stress'}",Neutral,Mixed / neutral,Neutral positioning,0.45,0.25,0.3,Neutral,"{'Macro stress': 20, 'Low VIX': 15}","[('Benign Risk-On', np.float64(26.1)), ('Late-Cycle Melt-Up', np.float64(17.1)), ('Credit Tightening', np.float64(15.4)), ('COVID Crash', 0), ('Inflation / Duration Shock', 0)]",0.021648358116708843,0.06868833280602749,0.23999999999999977,-0.27,5186.33,5186.33,-0.04600620994621474,-0.04600620994621474,0.01034176115251898,"('Medium', ['Adequate decision sample size', 'No active shock flag', 'Signals partly aligned'])",Medium,"['Adequate decision sample size', 'No active shock flag', 'Signals partly aligned']"
2024-07-31,4.09,4.29,-0.20000000000000018,Flat / Inversion Risk,4.2,-0.368,-0.4066666666666667,3.25,5522.3,16.36,2.24,0.30000000000000027,0.15000000000000036,-0.11000000000000032,-0.009999999999999787,0.20000000000000018,0.1499999999999999,0.17999999999999972,-0.1899999999999995,-0.02227777777777773,3.6099999999999994,-1.6799999999999997,0.01753597205152624,0.008965455498855412,3.6,0.6000000000000001,5667.2,-0.025568181818181768,1.8499999999999996,-0.08000000000000007,0.15000000000000036,-0.8547254934982048,Late Cycle,Triggered,Risk-On Confirmation,Neutral,0,42,No Shock,74.0,5,10,0,12,74.9047619047619,17.61904761904762,10.476190476190476,4.714285714285714,0.0,1.5,25.0,21.390476190476186,-10.238095238095237,39,46,35,33.3,46.5,33.5,High Stress,Low,Low,Easy / Supportive,SUPPORTIVE,Low,Low Divergence,Weakening,Moderate,Moderate Complacency,Weak Setup,DEFENSIVE,WAIT,5.576190476190474,Deteriorating / Rising Stress,REDUCE RISK,"{'final_decision': 'Neutral', 'environment': 'Mixed / neutral', 'action': 'Neutral positioning', 'buy_trigger': 'Wait for clearer mean-reversion or benign setup', 'risk_off_trigger': 'Shock flag or rising macro/credit stress'}",Neutral,Mixed / neutral,Neutral positioning,0.45,0.25,0.3,Neutral,"{'Macro stress': 20, 'Low VIX': 15}","[('Benign Risk-On', np.float64(25.9)), ('Late-Cycle Melt-Up', np.float64(16.0)), ('Credit Tightening', np.float64(15.5)), ('COVID Crash', 0), ('Inflation / Duration Shock', 0)]",0.013302428336019467,0.05175741991561478,0.14000000000000012,-0.3599999999999999,5186.33,5186.33,-0.060838780942723214,-0.060838780942723214,0.00658609275120876,"('Medium', ['Adequate decision sample size', 'No active shock flag', 'Signals partly aligned'])",Medium,"['Adequate decision sample size', 'No active shock flag', 'Signals partly aligned']"
2024-08-01,3.99,4.16,-0.16999999999999993,Flat / Inversion Risk,4.2,-0.368,-0.4058888888888889,3.35,5446.68,18.59,2.2,0.30000000000000027,0.20000000000000018,-0.02999999999999936,0.10999999999999988,0.27,0.27,0.2100000000000004,-0.10000000000000053,-0.020100000000000062,6.289999999999999,0.129999999999999,0.008790158578461327,-0.007353705009813916,3.7,0.5,5667.2,-0.03891163184641433,1.79,-0.07999999999999963,0.20000000000000018,-1.1683698310901744,Late Cycle,Triggered,Broad Risk-Off,Neutral,15,0,HY spread widening,58.4,30,30,0,12,74.05714285714286,17.857142857142858,11.428571428571429,5.285714285714286,0.0,3.0,20.8,18.123809523809527,-7.857142857142858,20,34,50,32.9,44.3,36.0,High Stress,Low,Low,Easy / Supportive,SUPPORTIVE,Low,Low Divergence,Weakening,Moderate,Moderate Complacency,Weak Setup,DEFENSIVE,WAIT,5.133333333333335,Deteriorating / Rising Stress,REDUCE RISK,"{'final_decision': 'Stress / Stabilization Watch', 'environment': 'Active deterioration or shock', 'action': 'Reduce risk and monitor for stabilization', 'buy_trigger': 'Wait for VIX rollover, HY spread stabilization, and equity drawdown exhaustion', 'risk_off_trigger': 'Already triggered'}",Stress / Stabilization Watch,Active deterioration or shock,Reduce risk and monitor for stabilization,0.25,0.15,0.6,Long Duration,"{'Active shock flag': 25, 'Macro stress': 20}","[('Benign Risk-On', np.float64(25.4)), ('Credit Tightening', np.float64(17.1)), ('Late-Cycle Melt-Up', np.float64(14.4)), ('COVID Crash', 0), ('Inflation / Duration Shock', 0)]",0.032926479984137114,0.06918710113316728,0.020000000000000018,-0.5300000000000002,5186.33,5186.33,-0.047799760588101425,-0.047799760588101425,0.009431619996034278,"('Low', ['Adequate decision sample size', 'Shock flag active', 'Signals conflicting'])",Low,"['Adequate decision sample size', 'Shock flag active', 'Signals conflicting']"
2024-08-02,3.8,3.88,-0.08000000000000007,Flat / Inversion Risk,4.2,-0.366,-0.4051222222222222,3.72,5346.56,23.39,2.04,0.30000000000000027,0.20999999999999996,0.08000000000000007,0.4900000000000002,0.6100000000000003,0.6200000000000001,0.16999999999999993,0.3200000000000003,-0.0179333333333333,10.110000000000001,7.0,-0.020615119708376817,-0.02313284622988132,3.7,0.5,5667.2,-0.05657820440429129,1.7599999999999998,-0.16000000000000014,0.20999999999999996,-1.325464147558601,Late Cycle,Triggered,Broad Risk-Off,Neutral,0,0,VIX spike | HY spread widening,56.6,92,45,0,40,73.08571428571429,19.142857142857142,13.095238095238095,7.190476190476191,0.0,3.0,16.6,14.752380952380953,-3.7142857142857153,8,8,75,30.5,40.5,41.0,High Stress,Low,Low,Easy / Supportive,SUPPORTIVE,Low,Low Divergence,Poor,Moderate,Moderate Complacency,Moderate Mean-Reversion Setup,DEFENSIVE,WATCH ENTRY,5.519047619047619,Deteriorating / Rising Stress,REDUCE RISK,"{'final_decision': 'Stress / Stabilization Watch', 'environment': 'Active deterioration or shock', 'action': 'Reduce risk and monitor for stabilization', 'buy_trigger': 'Wait for VIX rollover, HY spread stabilization, and equity drawdown exhaustion', 'risk_off_trigger': 'Already triggered'}",Stress / Stabilization Watch,Active deterioration or shock,Reduce risk and monitor for stabilization,0.25,0.15,0.6,Long Duration,"{'Active shock flag': 25, 'Macro stress': 20}","[('Benign Risk-On', np.float64(23.4)), ('Credit Tightening', np.float64(20.2)), ('Late-Cycle Melt-Up', np.float64(10.6)), ('Inflation / Duration Shock', np.float64(0.5)), ('COVID Crash', 0)]",0.05359146815896576,0.09096690208283453,-0.40000000000000036,-0.8700000000000001,5186.33,5186.33,-0.029968802370122227,-0.029968802370122227,0.01459786703974144,"('Low', ['Adequate decision sample size', 'Shock flag active', 'Signals conflicting'])",Low,"['Adequate decision sample size', 'Shock flag active', 'Signals conflicting']"
2024-08-05,3.78,3.89,-0.11000000000000032,Flat / Inversion Risk,4.2,-0.366,-0.4043555555555556,3.93,5186.33,38.57,2.07,0.30000000000000027,0.20999999999999908,0.08000000000000007,0.7200000000000002,0.7800000000000002,0.8000000000000003,0.10999999999999988,0.6100000000000003,-0.015766666666666596,25.37,21.97,-0.05073816609743864,-0.05092577342980842,3.7,0.5,5667.2,-0.08485142574816484,1.71,-0.2100000000000004,0.20999999999999908,-1.5790797797283622,Late Cycle,Triggered,Broad Risk-Off,Neutral,0,0,VIX spike | HY spread widening | Equity selloff,57.2,100,45,0,55,72.17142857142856,20.80952380952381,14.761904761904763,9.095238095238095,0.0,3.0,11.6,11.41904761904761,0.8095238095238102,0,8,100,26.0,36.0,48.5,High Stress,Moderate,Low,Easy / Supportive,SUPPORTIVE,Low,Low Divergence,Poor,Moderate,Low Complacency,Moderate Mean-Reversion Setup,DEFENSIVE,WATCH ENTRY,6.11428571428571,Deteriorating / Rising Stress,REDUCE RISK,"{'final_decision': 'Stress / Stabilization Watch', 'environment': 'Active deterioration or shock', 'action': 'Reduce risk and monitor for stabilization', 'buy_trigger': 'Wait for VIX rollover, HY spread stabilization, and equity drawdown exhaustion', 'risk_off_trigger': 'Already triggered'}",Stress / Stabilization Watch,Active deterioration or shock,Reduce risk and monitor for stabilization,0.25,0.15,0.6,Long Duration,"{'Active shock flag': 25, 'Macro stress': 20}","[('Credit Tightening', np.float64(23.4)), ('Benign Risk-On', np.float64(19.3)), ('Late-Cycle Melt-Up', np.float64(4.8)), ('Inflation / Duration Shock', np.float64(1.2)), ('COVID Crash', 0)]",0.08642913196807767,0.12096029369515637,-0.6800000000000002,-1.1300000000000003,5199.5,5199.5,0.0025393679152696524,0.0025393679152696524,0.022807282992019416,"('Low', ['Adequate decision sample size', 'Shock flag active', 'Signals conflicting'])",Low,"['Adequate decision sample size', 'Shock flag active', 'Signals conflicting']"
2024-08-06,3.9,3.99,-0.0900000000000003,Flat / Inversion Risk,4.2,-0.366,-0.4035888888888889,3.67,5240.03,27.71,2.12,0.30000000000000027,0.24999999999999956,0.10999999999999899,0.48,0.52,0.46999999999999975,0.04999999999999982,0.43000000000000016,-0.013600000000000056,14.38,10.02,-0.03612842227634261,-0.03815069008621719,3.7,0.5,5667.2,-0.07537584697910782,1.7799999999999998,-0.10000000000000053,0.24999999999999956,-1.2207884805030238,Late Cycle,Triggered,Broad Risk-Off,Neutral,0,0,VIX spike | HY spread widening | Equity selloff,56.8,100,45,0,40,71.21904761904761,25.095238095238095,16.428571428571427,11.0,0.0,3.0,6.6,8.133333333333333,6.0476190476190474,0,8,90,21.5,31.5,55.0,High Stress,Moderate,Low,Easy / Supportive,SUPPORTIVE,Low,Low Divergence,Poor,Moderate,Low Complacency,Moderate Mean-Reversion Setup,DEFENSIVE,WATCH ENTRY,7.09047619047619,Deteriorating / Rising Stress,REDUCE RISK,"{'final_decision': 'Stress / Stabilization Watch', 'environment': 'Active deterioration or shock', 'action': 'Reduce risk and monitor for stabilization', 'buy_trigger': 'Wait for VIX rollover, HY spread stabilization, and equity drawdown exhaustion', 'risk_off_trigger': 'Already triggered'}",Stress / Stabilization Watch,Active deterioration or shock,Reduce risk and monitor for stabilization,0.25,0.15,0.6,Long Duration,"{'Active shock flag': 25, 'Macro stress': 20}","[('Credit Tightening', np.float64(27.6)), ('Benign Risk-On', np.float64(14.7)), ('Inflation / Duration Shock', np.float64(2.2)), ('COVID Crash', 0), ('Late-Cycle Melt-Up', 0)]",0.07218088446058535,0.08882010217498748,-0.45999999999999996,-0.79,5199.5,5199.5,-0.007734688541859436,-0.007734688541859436,0.019245221115146337,"('Low', ['Adequate decision sample size', 'Shock flag active', 'Signals conflicting'])",Low,"['Adequate decision sample size', 'Shock flag active', 'Signals conflicting']"
2024-08-07,3.96,4.0,-0.040000000000000036,Flat / Inversion Risk,4.2,-0.366,-0.4028222222222222,3.57,5199.5,27.85,2.11,0.30000000000000027,0.34999999999999964,0.16000000000000014,0.3799999999999999,0.44999999999999973,0.31999999999999984,0.06999999999999984,0.31000000000000005,-0.011433333333333295,15.010000000000002,11.490000000000002,-0.05845390507578363,-0.04932989596474868,3.7,0.5,5667.2,-0.08252752682100506,1.85,-0.03000000000000025,0.34999999999999964,-0.8731034528134739,Late Cycle,Triggered,Broad Risk-Off,Neutral,0,0,VIX spike | HY spread widening | Equity selloff,55.8,100,45,0,40,70.23809523809524,28.666666666666668,18.095238095238095,12.904761904761905,0.0,3.0,6.6,4.885714285714286,9.380952380952383,0,8,90,18.3,28.4,60.0,High Stress,Moderate,Low,Easy / Supportive,SUPPORTIVE,Low,Low Divergence,Poor,Low,Low Complacency,Moderate Mean-Reversion Setup,DEFENSIVE,WATCH ENTRY,7.133333333333335,Deteriorating / Rising Stress,REDUCE RISK,"{'final_decision': 'Stress / Stabilization Watch', 'environment': 'Active deterioration or shock', 'action': 'Reduce risk and monitor for stabilization', 'buy_trigger': 'Wait for VIX rollover, HY spread stabilization, and equity drawdown exhaustion', 'risk_off_trigger': 'Already triggered'}",Stress / Stabilization Watch,Active deterioration or shock,Reduce risk and monitor for stabilization,0.25,0.15,0.6,Long Duration,"{'Active shock flag': 25, 'Macro stress': 20}","[('Credit Tightening', np.float64(30.4)), ('Benign Risk-On', np.float64(10.8)), ('Inflation / Duration Shock', np.float64(2.4)), ('COVID Crash', 0), ('Late-Cycle Melt-Up', 0)]",0.0988825848639292,0.1017982498317147,-0.46999999999999975,-0.7399999999999998,5319.31,5319.31,0.023042600250024137,0.023042600250024137,0.0259206462159823,"('Low', ['Adequate decision sample size', 'Shock flag active', 'Signals conflicting'])",Low,"['Adequate decision sample size', 'Shock flag active', 'Signals conflicting']"
2024-08-08,3.99,4.04,-0.04999999999999982,Flat / Inversion Risk,4.2,-0.366,-0.40205555555555555,3.48,5319.31,23.79,2.12,0.30000000000000027,0.33999999999999986,0.1200000000000001,0.2999999999999998,0.3599999999999999,0.1299999999999999,0.040000000000000036,0.2599999999999998,-0.008177777777777784,11.239999999999998,5.199999999999999,-0.0233848876746936,-0.02895087533543861,3.7,0.5,5667.2,-0.06138657538114045,1.87,-0.10999999999999988,0.33999999999999986,-0.7786698872180258,Late Cycle,Triggered,Broad Risk-Off,Neutral,0,0,VIX spike,56.0,80,45,0,40,69.24761904761904,31.285714285714285,19.761904761904763,14.80952380952381,0.0,3.0,6.6,1.5428571428571303,11.76190476190476,0,18,65,15.1,26.3,62.5,Elevated,Moderate,Low,Easy / Supportive,SUPPORTIVE,Low,Low Divergence,Poor,Low,Low Complacency,Moderate Mean-Reversion Setup,DE-RISKING,WATCH ENTRY,6.652380952380945,Deteriorating / Rising Stress,REDUCE RISK,"{'final_decision': 'Stress / Stabilization Watch', 'environment': 'Active deterioration or shock', 'action': 'Reduce risk and monitor for stabilization', 'buy_trigger': 'Wait for VIX rollover, HY spread stabilization, and equity drawdown exhaustion', 'risk_off_trigger': 'Already triggered'}",Stress / Stabilization Watch,Active deterioration or shock,Reduce risk and monitor for stabilization,0.25,0.15,0.6,Long Duration,"{'Active shock flag': 25, 'Macro stress': 20}","[('Credit Tightening', np.float64(32.3)), ('Benign Risk-On', np.float64(8.8)), ('Inflation / Duration Shock', np.float64(2.7)), ('COVID Crash', np.float64(2.0)), ('Late-Cycle Melt-Up', 0)]",0.07204693841870458,0.07395320069708267,-0.33000000000000007,-0.6099999999999999,5344.16,5344.16,0.004671658542179324,0.004671658542179324,0.019211734604676144,"('Low', ['Adequate decision sample size', 'Shock flag active', 'Signals conflicting'])",Low,"['Adequate decision sample size', 'Shock flag active', 'Signals conflicting']"
2024-08-09,3.94,4.05,-0.10999999999999988,Flat / Inversion Risk,4.2,-0.367,-0.4013555555555556,3.49,5344.16,20.37,2.1,0.30000000000000027,0.22999999999999998,-0.029999999999999805,0.28000000000000025,0.26000000000000023,-0.22999999999999998,0.06999999999999984,0.2100000000000004,-0.0062333333333333685,8.13,-3.0199999999999996,-0.00044888676083321144,-0.025298794244620115,3.7,0.5,5667.2,-0.05700169395821564,1.8399999999999999,-0.1600000000000006,0.22999999999999998,-0.9410388413820351,Late Cycle,Triggered,Broad Risk-Off,Neutral,0,0,No Shock,57.2,65,45,0,40,68.35238095238094,33.19047619047619,21.428571428571427,16.714285714285715,0.0,1.5,5.4,-1.7523809523809604,13.19047619047619,8,26,65,13.9,24.8,65.5,Elevated,Moderate,Moderate,Easy / Supportive,SUPPORTIVE,Low,Low Divergence,Poor,Low,Low Complacency,Moderate Mean-Reversion Setup,DE-RISKING,WATCH ENTRY,5.719047619047615,Deteriorating / Rising Stress,REDUCE RISK,"{'final_decision': 'Watch Entry', 'environment': 'Stress building but entry setup incomplete', 'action': 'Watch for entry, do not chase yet', 'buy_trigger': 'VIX > 25, SP500 drawdown > 5%, HY spread stabilization', 'risk_off_trigger': 'HY 5D widening > 0.25 and VIX +5'}",Watch Entry,Stress building but entry setup incomplete,"Watch for entry, do not chase yet",0.35,0.25,0.4,Neutral / Slight Long,{'Macro stress': 20},"[('Credit Tightening', np.float64(33.5)), ('Benign Risk-On', np.float64(6.5)), ('COVID Crash', np.float64(4.3)), ('Inflation / Duration Shock', np.float64(2.3)), ('Late-Cycle Melt-Up', 0)]",0.07005965390257773,0.08207089608095575,-0.3400000000000003,-0.6300000000000003,5344.39,5344.39,4.303763360380408e-05,4.303763360380408e-05,0.025320878865902206,"('Medium', ['Adequate decision sample size', 'No active shock flag', 'Signals conflicting'])",Medium,"['Adequate decision sample size', 'No active shock flag', 'Signals conflicting']"
2024-08-12,3.9,4.01,-0.10999999999999988,Flat / Inversion Risk,4.2,-0.367,-0.4006555555555556,3.52,5344.39,20.71,2.11,0.30000000000000027,0.20999999999999952,4.440892098500626e-16,0.33999999999999986,0.29000000000000004,-0.41000000000000014,0.050000000000000266,0.2899999999999996,-0.004288888888888898,8.270000000000001,-17.86,0.030476271274678002,-0.02126003574777291,3.7,0.5,5667.2,-0.05696110954263123,1.79,-0.2100000000000004,0.20999999999999952,-1.2064165439961398,Late Cycle,Triggered,Broad Risk-Off,Neutral,0,0,No Shock,57.2,77,45,0,40,67.4857142857143,35.666666666666664,23.095238095238095,18.61904761904762,0.0,1.5,4.2,-5.028571428571411,16.619047619047617,8,24,65,11.5,22.6,68.5,Elevated,Moderate,Moderate,Easy / Supportive,SUPPORTIVE,Low,Low Divergence,Poor,Low,Low Complacency,Moderate Mean-Reversion Setup,DE-RISKING,WATCH ENTRY,5.795238095238103,Deteriorating / Rising Stress,REDUCE RISK,"{'final_decision': 'Watch Entry', 'environment': 'Stress building but entry setup incomplete', 'action': 'Watch for entry, do not chase yet', 'buy_trigger': 'VIX > 25, SP500 drawdown > 5%, HY spread stabilization', 'risk_off_trigger': 'HY 5D widening > 0.25 and VIX +5'}",Watch Entry,Stress building but entry setup incomplete,"Watch for entry, do not chase yet",0.35,0.25,0.4,Neutral / Slight Long,{'Macro stress': 20},"[('Credit Tightening', np.float64(34.7)), ('COVID Crash', np.float64(7.1)), ('Benign Risk-On', np.float64(3.8)), ('Inflation / Duration Shock', np.float64(2.0)), ('Late-Cycle Melt-Up', 0)]",0.07270053270812937,0.10939508531375886,-0.31000000000000005,-0.7799999999999998,5408.42,5408.42,0.011980787330265974,0.011980787330265974,0.02624518644784528,"('Medium', ['Adequate decision sample size', 'No active shock flag', 'Signals conflicting'])",Medium,"['Adequate decision sample size', 'No active shock flag', 'Signals conflicting']"
2024-08-13,3.85,3.93,-0.08000000000000007,Flat / Inversion Risk,4.2,-0.367,-0.39995555555555556,3.54,5434.43,18.12,2.09,0.30000000000000027,0.2600000000000007,0.010000000000000231,0.33000000000000007,0.2999999999999998,-0.1299999999999999,0.1299999999999999,0.20000000000000018,-0.0023444444444444823,5.9,-9.59,0.037099024242227774,-0.00742636194108226,3.7,0.5,5667.2,-0.04107319311123647,1.7600000000000002,-0.20999999999999952,0.2600000000000007,-1.3617121181934964,Late Cycle,Triggered,Broad Risk-Off,Neutral,15,0,No Shock,56.6,67,45,0,27,66.64761904761906,38.38095238095238,25.238095238095237,19.904761904761905,0.0,3.0,4.2,-8.342857142857127,19.809523809523807,20,32,55,10.3,21.2,69.0,Elevated,Moderate,Moderate,Easy / Supportive,SUPPORTIVE,Low,Low Divergence,Poor,Low,Low Complacency,Moderate Mean-Reversion Setup,DE-RISKING,WATCH ENTRY,5.73333333333334,Deteriorating / Rising Stress,REDUCE RISK,"{'final_decision': 'Watch Entry', 'environment': 'Stress building but entry setup incomplete', 'action': 'Watch for entry, do not chase yet', 'buy_trigger': 'VIX > 25, SP500 drawdown > 5%, HY spread stabilization', 'risk_off_trigger': 'HY 5D widening > 0.25 and VIX +5'}",Watch Entry,Stress building but entry setup incomplete,"Watch for entry, do not chase yet",0.35,0.25,0.4,Neutral / Slight Long,{'Macro stress': 20},"[('Credit Tightening', np.float64(36.4)), ('COVID Crash', np.float64(9.0)), ('Benign Risk-On', np.float64(2.8)), ('Inflation / Duration Shock', np.float64(2.3)), ('Late-Cycle Melt-Up', 0)]",0.05296415631446161,0.09912171101661071,-0.3500000000000001,-0.81,5408.42,5408.42,-0.004786150525446176,-0.004786150525446176,0.01933745471006156,"('Medium', ['Adequate decision sample size', 'No active shock flag', 'Signals conflicting'])",Medium,"['Adequate decision sample size', 'No active shock flag', 'Signals conflicting']"
2024-08-14,3.83,3.94,-0.10999999999999988,Flat / Inversion Risk,4.2,-0.367,-0.39925555555555553,3.46,5455.21,16.19,2.06,0.30000000000000027,0.23000000000000087,-0.06999999999999984,0.22999999999999998,0.2799999999999998,-0.10999999999999988,0.14000000000000012,0.08999999999999986,-0.0005666666666666598,4.160000000000002,-11.66,0.049179728820078816,-0.009765819993065916,3.7,0.5,5667.2,-0.03740647939017505,1.77,-0.24999999999999956,0.23000000000000087,-1.3083337872917336,Late Cycle,Triggered,Broad Risk-Off,Credit Warning / Vol Complacency,30,27,No Shock,57.2,40,20,0,27,65.79047619047618,40.285714285714285,26.19047619047619,21.19047619047619,0.0,6.0,2.7,-9.114285714285714,22.666666666666664,20,49,40,8.4,21.5,69.5,Elevated,Elevated,Moderate,Neutral,NEUTRAL,Low,Low Divergence,Poor,Low,Low Complacency,Moderate Mean-Reversion Setup,DE-RISKING,WATCH ENTRY,6.776190476190475,Deteriorating / Rising Stress,REDUCE RISK,"{'final_decision': 'Watch Entry', 'environment': 'Stress building but entry setup incomplete', 'action': 'Watch for entry, do not chase yet', 'buy_trigger': 'VIX > 25, SP500 drawdown > 5%, HY spread stabilization', 'risk_off_trigger': 'HY 5D widening > 0.25 and VIX +5'}",Watch Entry,Stress building but entry setup incomplete,"Watch for entry, do not chase yet",0.35,0.25,0.4,Neutral / Slight Long,"{'Credit stress': 20, 'Macro stress': 20, 'Low VIX': 15}","[('Credit Tightening', np.float64(37.7)), ('COVID Crash', np.float64(10.0)), ('Inflation / Duration Shock', np.float64(2.5)), ('Benign Risk-On', np.float64(2.5)), ('Late-Cycle Melt-Up', 0)]",0.05318951974351127,0.09904843259929508,-0.31999999999999984,-0.8300000000000001,5408.42,5408.42,-0.008577121687341038,-0.008577121687341038,0.019416331910228943,"('Medium', ['Adequate decision sample size', 'No active shock flag', 'Signals conflicting'])",Medium,"['Adequate decision sample size', 'No active shock flag', 'Signals conflicting']"
2024-08-15,3.92,4.08,-0.16000000000000014,Flat / Inversion Risk,4.2,-0.367,-0.3985555555555556,3.31,5543.22,15.23,2.12,0.30000000000000027,0.20000000000000018,-0.11000000000000032,0.06000000000000005,0.16000000000000014,-0.16999999999999993,0.18000000000000016,-0.1200000000000001,0.0012111111111110517,3.1400000000000006,-8.559999999999999,0.042093805399572526,0.0011197358868126894,3.7,0.5,5667.2,-0.021876764539807914,1.7999999999999998,-0.2400000000000002,0.20000000000000018,-1.1517752623220492,Late Cycle,Triggered,Neutral,Neutral,15,42,No Shock,58.3,20,30,0,12,64.9857142857143,41.23809523809524,27.61904761904762,21.761904761904763,0.0,6.0,6.9,-9.07142857142857,23.380952380952383,20,49,25,8.4,23.0,67.0,Elevated,Elevated,Moderate,Neutral,NEUTRAL,Low,Low Divergence,Poor,Low,Low Complacency,Moderate Mean-Reversion Setup,DE-RISKING,WATCH ENTRY,7.154761904761907,Deteriorating / Rising Stress,REDUCE RISK,"{'final_decision': 'Watch Entry', 'environment': 'Stress building but entry setup incomplete', 'action': 'Watch for entry, do not chase yet', 'buy_trigger': 'VIX > 25, SP500 drawdown > 5%, HY spread stabilization', 'risk_off_trigger': 'HY 5D widening > 0.25 and VIX +5'}",Watch Entry,Stress building but entry setup incomplete,"Watch for entry, do not chase yet",0.35,0.25,0.4,Neutral / Slight Long,"{'Credit stress': 20, 'Macro stress': 20, 'Low VIX': 15}","[('Credit Tightening', np.float64(39.1)), ('COVID Crash', np.float64(9.3)), ('Benign Risk-On', np.float64(4.8)), ('Inflation / Duration Shock', np.float64(3.4)), ('Late-Cycle Melt-Up', 0)]",0.035169089446206225,0.07951515545116372,-0.16999999999999993,-0.7000000000000002,5408.42,5408.42,-0.024317995677602622,-0.024317995677602622,0.013109181306172179,"('Medium', ['Adequate decision sample size', 'No active shock flag', 'Signals partly aligned'])",Medium,"['Adequate decision sample size', 'No active shock flag', 'Signals partly aligned']"
2024-08-16,3.89,4.06,-0.16999999999999948,Flat / Inversion Risk,4.2,-0.376,-0.3980111111111111,3.29,5554.25,14.8,2.08,0.30000000000000027,0.2100000000000004,-0.05999999999999961,0.020000000000000018,0.1499999999999999,-0.20000000000000018,0.20000000000000018,-0.18000000000000016,0.0028333333333333544,2.3200000000000003,-5.57,0.039312071494865375,-0.00232433238312324,3.7,0.5,5667.2,-0.01993047713156404,1.81,-0.1900000000000004,0.2100000000000004,-1.0968312167397094,Late Cycle,Triggered,Broad Risk-Off,Neutral,35,50,No Shock,58.6,20,30,0,0,64.1952380952381,41.95238095238095,28.571428571428573,21.761904761904763,0.0,9.5,11.9,-8.890476190476193,22.809523809523807,33,56,25,10.9,27.8,62.0,Elevated,Elevated,Moderate,Neutral,NEUTRAL,Low,Low Divergence,Poor,Low,Low Complacency,Moderate Mean-Reversion Setup,DE-RISKING,WATCH ENTRY,6.959523809523807,Deteriorating / Rising Stress,REDUCE RISK,"{'final_decision': 'Watch Entry', 'environment': 'Stress building but entry setup incomplete', 'action': 'Watch for entry, do not chase yet', 'buy_trigger': 'VIX > 25, SP500 drawdown > 5%, HY spread stabilization', 'risk_off_trigger': 'HY 5D widening > 0.25 and VIX +5'}",Watch Entry,Stress building but entry setup incomplete,"Watch for entry, do not chase yet",0.35,0.25,0.4,Neutral / Slight Long,"{'Credit stress': 20, 'Macro stress': 20, 'Low VIX': 15, 'SP500 near highs': 12}","[('Credit Tightening', np.float64(40.5)), ('Benign Risk-On', np.float64(9.5)), ('COVID Crash', np.float64(6.8)), ('Inflation / Duration Shock', np.float64(4.8)), ('Late-Cycle Melt-Up', 0)]",0.0374902101993968,0.07762164108565517,-0.26000000000000023,-0.6499999999999999,5408.42,5408.42,-0.02625557005896384,-0.02625557005896384,0.01392157356978888,"('Medium', ['Adequate decision sample size', 'No active shock flag', 'Signals conflicting'])",Medium,"['Adequate decision sample size', 'No active shock flag', 'Signals conflicting']"
2024-08-19,3.86,4.06,-0.19999999999999973,Flat / Inversion Risk,4.2,-0.376,-0.39746666666666663,3.21,5608.25,14.65,2.07,0.30000000000000027,0.2200000000000002,-0.08999999999999986,0.009999999999999787,0.10999999999999988,-0.31000000000000005,0.0900000000000003,-0.08000000000000052,0.004455555555555546,2.280000000000001,-6.0600000000000005,0.049371396922754496,0.006352225521950139,3.7,0.5,5667.2,-0.010401962168266499,1.79,-0.3599999999999999,0.2200000000000002,-1.1934155524944479,Late Cycle,Triggered,Neutral,Neutral,35,50,No Shock,59.4,20,30,0,0,63.46190476190476,42.666666666666664,29.523809523809526,21.19047619047619,0.0,13.0,16.9,-8.709523809523802,21.857142857142854,33,56,25,14.2,32.6,54.5,Elevated,Elevated,Moderate,Neutral,NEUTRAL,Low,Low Divergence,Poor,Low,Low Complacency,Moderate Mean-Reversion Setup,DE-RISKING,WATCH ENTRY,6.573809523809526,Deteriorating / Rising Stress,REDUCE RISK,"{'final_decision': 'Watch Entry', 'environment': 'Stress building but entry setup incomplete', 'action': 'Watch for entry, do not chase yet', 'buy_trigger': 'VIX > 25, SP500 drawdown > 5%, HY spread stabilization', 'risk_off_trigger': 'HY 5D widening > 0.25 and VIX +5'}",Watch Entry,Stress building but entry setup incomplete,"Watch for entry, do not chase yet",0.35,0.25,0.4,Neutral / Slight Long,"{'Credit stress': 20, 'Macro stress': 20, 'Low VIX': 15, 'SP500 near highs': 12}","[('Credit Tightening', np.float64(41.1)), ('Benign Risk-On', np.float64(15.4)), ('Inflation / Duration Shock', np.float64(6.2)), ('COVID Crash', np.float64(2.8)), ('Late-Cycle Melt-Up', 0)]",0.017920028529398557,0.06078901618151833,-0.14000000000000012,-0.6099999999999999,5408.42,5408.42,-0.03563143583114159,-0.03563143583114159,0.007072009985289495,"('Medium', ['Adequate decision sample size', 'No active shock flag', 'Signals partly aligned'])",Medium,"['Adequate decision sample size', 'No active shock flag', 'Signals partly aligned']"
2024-08-20,3.82,3.99,-0.17000000000000037,Flat / Inversion Risk,4.2,-0.376,-0.39692222222222223,3.25,5597.12,15.88,2.07,0.30000000000000027,0.19999999999999973,-0.0900000000000003,0.040000000000000036,0.08999999999999986,-0.29000000000000004,0.10999999999999988,-0.06999999999999984,0.0060777777777777375,3.370000000000001,-2.24,0.02993690230622148,0.003611273484932731,3.7,0.5,5667.2,-0.012365894974590619,1.75,-0.4099999999999997,0.19999999999999973,-1.3896379755657555,Late Cycle,Triggered,Neutral,Neutral,35,42,No Shock,58.9,20,30,0,12,62.7047619047619,43.38095238095238,30.476190476190474,21.761904761904763,0.0,16.5,21.1,-8.514285714285712,18.285714285714285,33,56,25,17.5,37.4,48.0,Elevated,Elevated,Moderate,Neutral,NEUTRAL,Low,Low Divergence,Weakening,Low,Low Complacency,Moderate Mean-Reversion Setup,DE-RISKING,WATCH ENTRY,4.885714285714286,Deteriorating / Rising Stress,REDUCE RISK,"{'final_decision': 'Watch Entry', 'environment': 'Stress building but entry setup incomplete', 'action': 'Watch for entry, do not chase yet', 'buy_trigger': 'VIX > 25, SP500 drawdown > 5%, HY spread stabilization', 'risk_off_trigger': 'HY 5D widening > 0.25 and VIX +5'}",Watch Entry,Stress building but entry setup incomplete,"Watch for entry, do not chase yet",0.35,0.25,0.4,Neutral / Slight Long,"{'Credit stress': 20, 'Macro stress': 20, 'Low VIX': 15, 'SP500 near highs': 12}","[('Credit Tightening', np.float64(40.5)), ('Benign Risk-On', np.float64(20.3)), ('Inflation / Duration Shock', np.float64(6.7)), ('Late-Cycle Melt-Up', np.float64(5.9)), ('COVID Crash', 0)]",0.02008532959807896,0.04886441598536395,-0.18999999999999995,-0.5299999999999998,5408.42,5408.42,-0.033713767080212675,-0.033713767080212675,0.007829865359327635,"('Medium', ['Adequate decision sample size', 'No active shock flag', 'Signals partly aligned'])",Medium,"['Adequate decision sample size', 'No active shock flag', 'Signals partly aligned']"
2024-08-21,3.79,3.92,-0.1299999999999999,Flat / Inversion Risk,4.2,-0.376,-0.3963777777777778,3.27,5620.85,16.27,2.07,0.30000000000000027,0.25,-0.020000000000000018,0.10000000000000009,0.020000000000000018,-0.18999999999999995,0.06000000000000005,0.040000000000000036,0.007544444444444465,3.42,0.0799999999999983,0.030363634030587283,-0.002318105898035161,3.7,0.5,5667.2,-0.008178642010163606,1.7200000000000002,-0.3899999999999997,0.25,-1.532306304659193,Late Cycle,Triggered,Broad Risk-Off,Neutral,35,52,No Shock,58.2,20,30,0,12,62.0,44.095238095238095,31.428571428571427,22.333333333333332,0.0,20.0,26.3,-8.23809523809524,15.428571428571427,33,56,25,20.8,42.2,41.5,Elevated,Elevated,Moderate,Neutral,NEUTRAL,Low,Moderate Divergence,Weakening,Moderate,Moderate Complacency,Moderate Mean-Reversion Setup,DE-RISKING,WATCH ENTRY,3.595238095238093,Deteriorating / Rising Stress,REDUCE RISK,"{'final_decision': 'Watch Entry', 'environment': 'Stress building but entry setup incomplete', 'action': 'Watch for entry, do not chase yet', 'buy_trigger': 'VIX > 25, SP500 drawdown > 5%, HY spread stabilization', 'risk_off_trigger': 'HY 5D widening > 0.25 and VIX +5'}",Watch Entry,Stress building but entry setup incomplete,"Watch for entry, do not chase yet",0.35,0.25,0.4,Neutral / Slight Long,"{'Credit stress': 20, 'Macro stress': 20, 'Low VIX': 15, 'SP500 near highs': 12}","[('Credit Tightening', np.float64(38.8)), ('Benign Risk-On', np.float64(24.5)), ('Late-Cycle Melt-Up', np.float64(11.8)), ('Inflation / Duration Shock', np.float64(6.4)), ('COVID Crash', 0)]",0.014070825586877334,0.04852824750704965,-0.22999999999999998,-0.5499999999999998,5408.42,5408.42,-0.03779321632849131,-0.03779321632849131,0.005724788955407067,"('Medium', ['Adequate decision sample size', 'No active shock flag', 'Signals conflicting'])",Medium,"['Adequate decision sample size', 'No active shock flag', 'Signals conflicting']"
2024-08-22,3.86,3.99,-0.13000000000000034,Flat / Inversion Risk,4.2,-0.376,-0.3958333333333333,3.21,5570.64,17.55,2.1,0.30000000000000027,0.16999999999999948,0.029999999999999805,0.029999999999999805,-0.06999999999999984,-0.10000000000000009,0.0900000000000003,-0.0600000000000005,0.009011111111111136,4.630000000000001,2.3200000000000003,0.004946583393767634,-0.002489014314518201,3.7,0.5,5667.2,-0.0170383963862224,1.7599999999999998,-0.43999999999999995,0.16999999999999948,-1.3186080921179755,Late Cycle,Triggered,Broad Risk-Off,Neutral,35,27,No Shock,58.3,20,30,0,12,61.357142857142854,44.333333333333336,31.904761904761905,22.333333333333332,0.0,23.5,29.0,-7.8904761904761855,13.047619047619051,33,56,25,24.1,46.0,37.5,Elevated,Elevated,Moderate,Neutral,NEUTRAL,Low,Moderate Divergence,Weakening,Moderate,Moderate Complacency,Weak Setup,DE-RISKING,WAIT,2.5785714285714327,Deteriorating / Rising Stress,REDUCE RISK,"{'final_decision': 'Neutral', 'environment': 'Mixed / neutral', 'action': 'Neutral positioning', 'buy_trigger': 'Wait for clearer mean-reversion or benign setup', 'risk_off_trigger': 'Shock flag or rising macro/credit stress'}",Neutral,Mixed / neutral,Neutral positioning,0.45,0.25,0.3,Neutral,"{'Credit stress': 20, 'Macro stress': 20, 'Low VIX': 15, 'SP500 near highs': 12}","[('Credit Tightening', np.float64(36.9)), ('Benign Risk-On', np.float64(27.0)), ('Late-Cycle Melt-Up', np.float64(15.9)), ('Inflation / Duration Shock', np.float64(5.6)), ('COVID Crash', 0)]",0.03238945614866506,0.062172389527953564,-0.31999999999999984,-0.52,5408.42,5408.42,-0.029120531931699056,-0.029120531931699056,0.015175255266899279,"('Medium', ['Adequate decision sample size', 'No active shock flag', 'Signals conflicting'])",Medium,"['Adequate decision sample size', 'No active shock flag', 'Signals conflicting']"
2024-08-23,3.81,3.9,-0.08999999999999986,Flat / Inversion Risk,4.2,-0.386,-0.39545555555555556,3.19,5634.61,15.86,2.13,0.30000000000000027,0.20999999999999996,0.07999999999999963,0.0,-0.16999999999999993,-0.10000000000000009,0.040000000000000036,-0.040000000000000036,0.01031111111111116,3.3999999999999986,1.0599999999999987,0.014468200027006217,0.0034298841568201066,3.7,0.5,5667.2,-0.0057506352343309475,1.6800000000000002,-0.5599999999999996,0.20999999999999996,-1.7094374324806563,Late Cycle,Triggered,Neutral,Neutral,0,37,No Shock,57.6,10,20,0,12,60.63333333333334,44.095238095238095,31.904761904761905,22.333333333333332,0.0,23.5,32.7,-7.7190476190476005,10.904761904761905,33,56,25,26.6,49.0,33.5,Elevated,Elevated,Moderate,Neutral,NEUTRAL,Low,Moderate Divergence,Weakening,Moderate,Moderate Complacency,Weak Setup,DE-RISKING,WAIT,1.5928571428571523,Deteriorating / Rising Stress,REDUCE RISK,"{'final_decision': 'Neutral', 'environment': 'Mixed / neutral', 'action': 'Neutral positioning', 'buy_trigger': 'Wait for clearer mean-reversion or benign setup', 'risk_off_trigger': 'Shock flag or rising macro/credit stress'}",Neutral,Mixed / neutral,Neutral positioning,0.45,0.25,0.3,Neutral,"{'Credit stress': 20, 'Macro stress': 20, 'Low VIX': 15, 'SP500 near highs': 12}","[('Credit Tightening', np.float64(34.7)), ('Benign Risk-On', np.float64(29.5)), ('Late-Cycle Melt-Up', np.float64(19.7)), ('Inflation / Duration Shock', np.float64(4.7)), ('COVID Crash', 0)]",0.01088451552103864,0.05013656668340838,-0.23999999999999977,-0.52,5408.42,5408.42,-0.04014297351546947,-0.04014297351546947,0.005498031984467388,"('Medium', ['Adequate decision sample size', 'No active shock flag', 'Signals partly aligned'])",Medium,"['Adequate decision sample size', 'No active shock flag', 'Signals partly aligned']"
2024-08-26,3.82,3.91,-0.0900000000000003,Flat / Inversion Risk,4.2,-0.386,-0.3950777777777778,3.15,5616.84,16.15,2.15,0.30000000000000027,0.24999999999999956,0.10999999999999943,0.020000000000000018,-0.27,-0.06000000000000005,-0.06000000000000005,0.08000000000000007,0.011611111111111072,3.0299999999999994,1.4999999999999982,0.001531672090224312,-0.0025536207074133843,3.7,0.5,5667.2,-0.00888622247317894,1.67,-0.5299999999999998,0.24999999999999956,-1.7486742789787129,Late Cycle,Triggered,Broad Risk-Off,Neutral,35,37,No Shock,57.7,20,30,0,12,59.89523809523809,44.095238095238095,32.38095238095238,22.333333333333332,0.0,27.0,36.4,-7.590476190476203,8.42857142857143,33,56,25,29.1,52.2,29.5,Elevated,Elevated,Moderate,Neutral,NEUTRAL,Low,Moderate Divergence,Weakening,Moderate,Moderate Complacency,Weak Setup,DE-RISKING,WAIT,0.419047619047614,Deteriorating / Rising Stress,REDUCE RISK,"{'final_decision': 'Neutral', 'environment': 'Mixed / neutral', 'action': 'Neutral positioning', 'buy_trigger': 'Wait for clearer mean-reversion or benign setup', 'risk_off_trigger': 'Shock flag or rising macro/credit stress'}",Neutral,Mixed / neutral,Neutral positioning,0.45,0.25,0.3,Neutral,"{'Credit stress': 20, 'Macro stress': 20, 'Low VIX': 15, 'SP500 near highs': 12}","[('Credit Tightening', np.float64(32.2)), ('Benign Risk-On', np.float64(31.6)), ('Late-Cycle Melt-Up', np.float64(23.3)), ('Inflation / Duration Shock', np.float64(3.5)), ('COVID Crash', 0)]",0.02390846098518029,0.05908482349506117,-0.1599999999999997,-0.54,5408.42,5408.42,-0.037106273278213364,-0.037106273278213364,0.01135880744333113,"('Medium', ['Adequate decision sample size', 'No active shock flag', 'Signals conflicting'])",Medium,"['Adequate decision sample size', 'No active shock flag', 'Signals conflicting']"
2024-08-27,3.83,3.83,0.0,Flat / Inversion Risk,4.2,-0.386,-0.39469999999999994,3.17,5625.8,15.43,2.15,0.30000000000000027,0.34000000000000075,0.17000000000000037,0.08999999999999986,-0.2200000000000002,-0.08000000000000007,-0.1200000000000001,0.20999999999999996,0.012911111111111095,2.24,-0.45000000000000107,0.00512406380424224,-0.007305194805194759,3.7,0.5,5667.2,-0.007305194805194759,1.6800000000000002,-0.5599999999999996,0.34000000000000075,-1.6850533018721012,Neutral,Triggered,Broad Risk-Off,Neutral,35,37,No Shock,56.0,35,30,0,0,59.04761904761905,45.523809523809526,33.333333333333336,21.761904761904763,0.0,29.0,40.1,-7.6000000000000085,7.142857142857146,33,56,25,30.4,54.6,26.5,Elevated,Elevated,Moderate,Neutral,NEUTRAL,Low,Moderate Divergence,Healthy,Moderate,Moderate Complacency,Weak Setup,DE-RISKING,WAIT,-0.2285714285714313,Panic / Stabilizing,WATCH FOR RECOVERY,"{'final_decision': 'Neutral', 'environment': 'Mixed / neutral', 'action': 'Neutral positioning', 'buy_trigger': 'Wait for clearer mean-reversion or benign setup', 'risk_off_trigger': 'Shock flag or rising macro/credit stress'}",Neutral,Mixed / neutral,Neutral positioning,0.45,0.25,0.3,Neutral,"{'Credit stress': 20, 'Macro stress': 20, 'Low VIX': 15, 'SP500 near highs': 12}","[('Benign Risk-On', np.float64(32.5)), ('Credit Tightening', np.float64(30.9)), ('Late-Cycle Melt-Up', np.float64(25.5)), ('Inflation / Duration Shock', np.float64(2.6)), ('COVID Crash', 0)]",0.029549575171531117,0.0610650929645562,-0.22999999999999998,-0.56,5408.42,5408.42,-0.03863983788972236,-0.03863983788972236,0.013897308827189004,"('Medium', ['Adequate decision sample size', 'No active shock flag', 'Signals conflicting'])",Medium,"['Adequate decision sample size', 'No active shock flag', 'Signals conflicting']"
2024-08-28,3.84,3.83,0.009999999999999787,Normal,4.2,-0.386,-0.3943222222222223,3.19,5592.18,17.11,2.15,0.30000000000000027,0.35999999999999943,0.13999999999999968,0.10000000000000009,-0.18000000000000016,-0.08000000000000007,-0.08000000000000007,0.18000000000000016,0.014055555555555432,2.629999999999999,0.8399999999999999,-0.005100652036613695,0.0006996798651461855,3.7,0.5,5667.2,-0.013237577639751419,1.69,-0.52,0.35999999999999943,-1.6225250526003347,Neutral,Triggered,Neutral,Neutral,35,27,No Shock,55.9,35,30,0,0,58.18571428571429,46.476190476190474,33.80952380952381,21.19047619047619,0.0,29.5,40.1,-7.604761904761894,6.19047619047619,33,56,25,31.7,55.3,25.0,Elevated,Elevated,Moderate,Neutral,NEUTRAL,Low,Moderate Divergence,Healthy,Moderate,Moderate Complacency,Weak Setup,DE-RISKING,WAIT,-0.707142857142852,Panic / Stabilizing,WATCH FOR RECOVERY,"{'final_decision': 'Neutral', 'environment': 'Mixed / neutral', 'action': 'Neutral positioning', 'buy_trigger': 'Wait for clearer mean-reversion or benign setup', 'risk_off_trigger': 'Shock flag or rising macro/credit stress'}",Neutral,Mixed / neutral,Neutral positioning,0.45,0.25,0.3,Neutral,"{'Credit stress': 20, 'Macro stress': 20, 'Low VIX': 15, 'SP500 near highs': 12}","[('Benign Risk-On', np.float64(33.0)), ('Credit Tightening', np.float64(30.5)), ('Late-Cycle Melt-Up', np.float64(26.3)), ('Inflation / Duration Shock', np.float64(2.2)), ('COVID Crash', 0)]",0.03359512748159044,0.07066832612684126,-0.19999999999999973,-0.5499999999999998,5408.42,5408.42,-0.03286017259816387,-0.03286017259816387,0.015717807366715696,"('Medium', ['Adequate decision sample size', 'No active shock flag', 'Signals partly aligned'])",Medium,"['Adequate decision sample size', 'No active shock flag', 'Signals partly aligned']"
2024-08-29,3.87,3.87,0.0,Flat / Inversion Risk,4.2,-0.386,-0.39394444444444443,3.15,5591.96,15.65,2.16,0.30000000000000027,0.34999999999999964,0.13000000000000034,0.06000000000000005,-0.14000000000000012,-0.06000000000000005,-0.13000000000000034,0.1900000000000004,0.015199999999999991,-0.27999999999999936,-1.9000000000000004,0.0038272083638504206,0.008543463087441916,3.7,0.5,5667.2,-0.013276397515527893,1.71,-0.5,0.34999999999999964,-1.5130706374632519,Neutral,Triggered,Neutral,Neutral,35,27,No Shock,56.2,25,20,0,0,57.33809523809524,47.42857142857143,34.285714285714285,20.61904761904762,0.0,31.5,38.6,-7.647619047619052,6.19047619047619,43,56,25,34.0,56.0,25.0,Elevated,Elevated,Moderate,Neutral,NEUTRAL,Low,Moderate Divergence,Weakening,Moderate,Moderate Complacency,Weak Setup,DE-RISKING,WAIT,-0.7285714285714313,Panic / Stabilizing,WATCH FOR RECOVERY,"{'final_decision': 'Neutral', 'environment': 'Mixed / neutral', 'action': 'Neutral positioning', 'buy_trigger': 'Wait for clearer mean-reversion or benign setup', 'risk_off_trigger': 'Shock flag or rising macro/credit stress'}",Neutral,Mixed / neutral,Neutral positioning,0.45,0.25,0.3,Neutral,"{'Credit stress': 20, 'Macro stress': 20, 'Low VIX': 15, 'SP500 near highs': 12}","[('Benign Risk-On', np.float64(33.0)), ('Credit Tightening', np.float64(30.7)), ('Late-Cycle Melt-Up', np.float64(26.7)), ('Inflation / Duration Shock', np.float64(2.0)), ('COVID Crash', 0)]",0.03989120093849019,0.076837101839069,-0.16999999999999993,-0.46999999999999975,5408.42,5408.42,-0.03282212319115296,-0.03282212319115296,0.018551040422320586,"('Medium', ['Adequate decision sample size', 'No active shock flag', 'Signals partly aligned'])",Medium,"['Adequate decision sample size', 'No active shock flag', 'Signals partly aligned']"
2024-08-30,3.91,3.91,0.0,Flat / Inversion Risk,4.2,-0.397,-0.3937111111111112,3.13,5648.4,15.0,2.15,0.30000000000000027,0.25,0.08999999999999986,0.040000000000000036,-0.07000000000000028,-0.06000000000000005,-0.11000000000000032,0.15000000000000036,0.016199999999999992,-1.5199999999999996,-0.8599999999999994,0.0024473743524395797,0.026049046321525715,3.7,0.5,5667.2,-0.0033173348390740376,1.7600000000000002,-0.43999999999999995,0.25,-1.2614523686522487,Neutral,Triggered,Neutral,Neutral,55,52,No Shock,56.3,25,20,0,0,57.23809523809524,47.19047619047619,33.80952380952381,20.047619047619047,0.0,33.5,38.8,-6.9571428571428555,5.238095238095241,43,56,25,35.0,56.0,25.0,Elevated,Elevated,Moderate,Neutral,NEUTRAL,Low,Moderate Divergence,Weakening,Moderate,Moderate Complacency,Weak Setup,DE-RISKING,WAIT,-0.8595238095238074,Panic / Stabilizing,WATCH FOR RECOVERY,"{'final_decision': 'Neutral', 'environment': 'Mixed / neutral', 'action': 'Neutral positioning', 'buy_trigger': 'Wait for clearer mean-reversion or benign setup', 'risk_off_trigger': 'Shock flag or rising macro/credit stress'}",Neutral,Mixed / neutral,Neutral positioning,0.45,0.25,0.3,Neutral,"{'Credit stress': 20, 'Macro stress': 20, 'Low VIX': 15, 'SP500 near highs': 12}","[('Benign Risk-On', np.float64(33.2)), ('Credit Tightening', np.float64(30.7)), ('Late-Cycle Melt-Up', np.float64(26.9)), ('Inflation / Duration Shock', np.float64(1.9)), ('COVID Crash', 0)]",0.02954110898661577,0.06202464414701514,-0.19999999999999973,-0.43999999999999995,5408.42,5408.42,-0.04248636782097581,-0.04248636782097581,0.013893499043977098,"('Medium', ['Adequate decision sample size', 'No active shock flag', 'Signals partly aligned'])",Medium,"['Adequate decision sample size', 'No active shock flag', 'Signals partly aligned']"
2024-09-03,3.84,3.88,-0.040000000000000036,Flat / Inversion Risk,4.2,-0.397,-0.39324444444444445,3.31,5528.93,20.72,2.11,0.30000000000000027,0.1999999999999993,0.050000000000000266,0.26000000000000023,0.1200000000000001,0.16000000000000014,-0.15000000000000036,0.4100000000000006,0.0174333333333333,5.809999999999999,4.57,-0.015651149044658585,-0.006376237552588648,3.7,0.5,5667.2,-0.02439829192546572,1.73,-0.5100000000000002,0.1999999999999993,-1.403758263803986,Late Cycle,Triggered,Broad Risk-Off,Neutral,0,0,No Shock,57.2,75,55,0,27,57.26666666666667,46.38095238095238,34.285714285714285,19.428571428571427,0.0,30.0,33.8,-6.195238095238089,3.7142857142857153,20,42,55,33.7,54.6,28.0,Elevated,Elevated,Moderate,Easy / Supportive,SUPPORTIVE,Low,Moderate Divergence,Weakening,Moderate,Moderate Complacency,Weak Setup,DE-RISKING,WAIT,-1.240476190476187,Panic / Stabilizing,WATCH FOR RECOVERY,"{'final_decision': 'Neutral', 'environment': 'Mixed / neutral', 'action': 'Neutral positioning', 'buy_trigger': 'Wait for clearer mean-reversion or benign setup', 'risk_off_trigger': 'Shock flag or rising macro/credit stress'}",Neutral,Mixed / neutral,Neutral positioning,0.45,0.25,0.3,Neutral,"{'Credit stress': 20, 'Macro stress': 20}","[('Benign Risk-On', np.float64(32.7)), ('Credit Tightening', np.float64(32.2)), ('Late-Cycle Melt-Up', np.float64(25.5)), ('Inflation / Duration Shock', np.float64(2.6)), ('COVID Crash', 0)]",0.056708983474198504,0.0910574017034036,-0.41000000000000014,-0.5899999999999999,5408.42,5408.42,-0.021796260759315178,-0.021796260759315178,0.026119042563389327,"('Medium', ['Adequate decision sample size', 'No active shock flag', 'Signals conflicting'])",Medium,"['Adequate decision sample size', 'No active shock flag', 'Signals conflicting']"
2024-09-04,3.77,3.76,0.010000000000000231,Normal,4.2,-0.397,-0.39301111111111103,3.35,5520.07,21.32,2.07,0.30000000000000027,0.27,0.010000000000000231,0.33000000000000007,0.10999999999999988,0.18000000000000016,-0.1299999999999999,0.45999999999999996,0.018433333333333413,6.6,5.890000000000001,-0.0187937715524904,-0.006420386843156822,3.7,0.5,5667.2,-0.025961674195369877,1.7000000000000002,-0.5800000000000001,0.27,-1.543804286967049,Neutral,Triggered,Broad Risk-Off,Neutral,0,0,VIX spike,56.3,75,55,0,27,57.22380952380953,45.19047619047619,34.76190476190476,18.095238095238095,0.0,26.5,29.6,-5.480952380952374,1.8095238095238102,20,42,55,32.4,53.2,31.0,Elevated,Elevated,Moderate,Easy / Supportive,SUPPORTIVE,Low,Moderate Divergence,Weakening,Moderate,Moderate Complacency,Weak Setup,DE-RISKING,WAIT,-1.8357142857142819,Panic / Stabilizing,WATCH FOR RECOVERY,"{'final_decision': 'Stress / Stabilization Watch', 'environment': 'Active deterioration or shock', 'action': 'Reduce risk and monitor for stabilization', 'buy_trigger': 'Wait for VIX rollover, HY spread stabilization, and equity drawdown exhaustion', 'risk_off_trigger': 'Already triggered'}",Stress / Stabilization Watch,Active deterioration or shock,Reduce risk and monitor for stabilization,0.25,0.15,0.6,Long Duration,"{'Active shock flag': 25, 'Credit stress': 20, 'Macro stress': 20}","[('Credit Tightening', np.float64(33.4)), ('Benign Risk-On', np.float64(32.2)), ('Late-Cycle Melt-Up', np.float64(24.3)), ('Inflation / Duration Shock', np.float64(3.2)), ('COVID Crash', 0)]",0.05822389933461003,0.09548429639479217,-0.45999999999999996,-0.6699999999999999,5408.42,5408.42,-0.020226192783787122,-0.020226192783787122,0.015755974833652507,"('Low', ['Adequate decision sample size', 'Shock flag active', 'Signals conflicting'])",Low,"['Adequate decision sample size', 'Shock flag active', 'Signals conflicting']"
2024-09-05,3.73,3.75,-0.020000000000000018,Flat / Inversion Risk,4.2,-0.397,-0.3927777777777777,3.29,5503.41,19.9,2.03,0.30000000000000027,0.27,-0.029999999999999805,0.18999999999999995,0.1299999999999999,0.10000000000000009,-0.04999999999999982,0.23999999999999977,0.019311111111111168,1.8599999999999994,2.789999999999999,-0.01587395255517532,0.014055311002316051,3.7,0.5,5667.2,-0.028901397515527893,1.7000000000000002,-0.5399999999999996,0.27,-1.5328975566763732,Late Cycle,Triggered,Neutral,Neutral,35,15,No Shock,56.9,25,20,0,0,57.228571428571435,41.61904761904762,33.57142857142857,16.19047619047619,0.0,26.5,25.9,-4.771428571428565,-2.4761904761904745,28,34,25,31.9,51.0,31.0,Elevated,Elevated,Moderate,Easy / Supportive,SUPPORTIVE,Low,Moderate Divergence,Weakening,Moderate,Moderate Complacency,Weak Setup,DE-RISKING,WAIT,-3.62380952380952,Panic / Stabilizing,WATCH FOR RECOVERY,"{'final_decision': 'Neutral', 'environment': 'Mixed / neutral', 'action': 'Neutral positioning', 'buy_trigger': 'Wait for clearer mean-reversion or benign setup', 'risk_off_trigger': 'Shock flag or rising macro/credit stress'}",Neutral,Mixed / neutral,Neutral positioning,0.45,0.25,0.3,Neutral,"{'Credit stress': 20, 'Macro stress': 20}","[('Benign Risk-On', np.float64(34.2)), ('Credit Tightening', np.float64(32.6)), ('Late-Cycle Melt-Up', np.float64(24.7)), ('Inflation / Duration Shock', np.float64(3.5)), ('COVID Crash', 0)]",0.06564293774223628,0.09929661791507449,-0.41000000000000014,-0.6299999999999999,5408.42,5408.42,-0.01726020776209658,-0.01726020776209658,0.030139321984006328,"('Medium', ['Adequate decision sample size', 'No active shock flag', 'Signals partly aligned'])",Medium,"['Adequate decision sample size', 'No active shock flag', 'Signals partly aligned']"
2024-09-06,3.72,3.66,0.06000000000000005,Normal,4.2,-0.409,-0.3926777777777778,3.39,5408.42,22.38,2.03,0.30000000000000027,0.3999999999999999,0.06000000000000005,0.31000000000000005,0.27,0.2400000000000002,-0.10999999999999988,0.41999999999999993,0.020055555555555493,3.919999999999998,6.729999999999999,-0.03282212319115296,0.0017039498297901634,3.7,0.5,5667.2,-0.045662761151891496,1.6900000000000004,-0.5299999999999994,0.3999999999999999,-1.5686246756302924,Neutral,Triggered,Neutral,Neutral,0,0,VIX spike | Equity selloff,55.4,65,45,0,27,57.2095238095238,39.95238095238095,33.57142857142857,15.571428571428571,0.0,23.0,23.2,-4.147619047619052,-4.380952380952387,28,26,40,31.4,48.0,32.5,Elevated,Moderate,Moderate,Easy / Supportive,SUPPORTIVE,Low,Moderate Divergence,Weakening,Moderate,Moderate Complacency,Weak Setup,DE-RISKING,WAIT,-4.26428571428572,Panic / Stabilizing,WATCH FOR RECOVERY,"{'final_decision': 'Stress / Stabilization Watch', 'environment': 'Active deterioration or shock', 'action': 'Reduce risk and monitor for stabilization', 'buy_trigger': 'Wait for VIX rollover, HY spread stabilization, and equity drawdown exhaustion', 'risk_off_trigger': 'Already triggered'}",Stress / Stabilization Watch,Active deterioration or shock,Reduce risk and monitor for stabilization,0.25,0.15,0.6,Long Duration,"{'Active shock flag': 25, 'Macro stress': 20}","[('Benign Risk-On', np.float64(34.5)), ('Credit Tightening', np.float64(33.4)), ('Late-Cycle Melt-Up', np.float64(23.2)), ('Inflation / Duration Shock', np.float64(4.2)), ('COVID Crash', 0)]",0.08238265519319876,0.12537302946146922,-0.5100000000000002,-0.73,5471.05,5471.05,0.01158009178281283,0.01158009178281283,0.02179566379829969,"('Medium', ['Adequate decision sample size', 'Shock flag active', 'Signals partly aligned'])",Medium,"['Adequate decision sample size', 'Shock flag active', 'Signals partly aligned']"
2024-09-09,3.7,3.68,0.020000000000000018,Normal,4.2,-0.409,-0.3925777777777778,3.36,5471.05,19.45,2.04,0.30000000000000027,0.36999999999999966,0.020000000000000018,0.2599999999999998,0.17999999999999972,0.22999999999999998,0.010000000000000231,0.24999999999999956,0.020799999999999985,3.0599999999999987,4.449999999999999,-0.03139827207704826,0.0021890055137292475,3.7,0.5,5667.2,-0.03461144833427432,1.6600000000000001,-0.6200000000000001,0.36999999999999966,-1.6986537382040818,Neutral,Triggered,Neutral,Neutral,15,0,Equity selloff,56.3,45,45,0,27,57.22380952380953,38.285714285714285,33.57142857142857,14.952380952380953,0.0,24.5,19.5,-3.4095238095238116,-5.80952380952381,28,34,40,30.9,45.8,34.0,Elevated,Moderate,Moderate,Easy / Supportive,SUPPORTIVE,Low,Moderate Divergence,Poor,Moderate,Moderate Complacency,Weak Setup,DE-RISKING,WAIT,-4.609523809523811,Panic / Stabilizing,WATCH FOR RECOVERY,"{'final_decision': 'Stress / Stabilization Watch', 'environment': 'Active deterioration or shock', 'action': 'Reduce risk and monitor for stabilization', 'buy_trigger': 'Wait for VIX rollover, HY spread stabilization, and equity drawdown exhaustion', 'risk_off_trigger': 'Already triggered'}",Stress / Stabilization Watch,Active deterioration or shock,Reduce risk and monitor for stabilization,0.25,0.15,0.6,Long Duration,"{'Active shock flag': 25, 'Macro stress': 20}","[('Benign Risk-On', np.float64(34.5)), ('Credit Tightening', np.float64(33.7)), ('Late-Cycle Melt-Up', np.float64(21.9)), ('Inflation / Duration Shock', np.float64(4.6)), ('COVID Crash', 0)]",0.06948391990568537,0.11041025031758056,-0.43999999999999995,-0.6999999999999997,5495.52,5495.52,0.004472633223969957,0.004472633223969957,0.01857097997642134,"('Medium', ['Adequate decision sample size', 'Shock flag active', 'Signals partly aligned'])",Medium,"['Adequate decision sample size', 'Shock flag active', 'Signals partly aligned']"
2024-09-10,3.65,3.59,0.06000000000000005,Normal,4.2,-0.409,-0.39247777777777776,3.46,5495.52,19.08,2.02,0.30000000000000027,0.3900000000000001,0.10000000000000009,0.33000000000000007,0.25,0.1499999999999999,-0.07000000000000028,0.40000000000000036,0.021544444444444477,2.479999999999997,-1.6400000000000006,-0.0060427605341358825,0.005853347829429367,3.7,0.5,5667.2,-0.030293619424054063,1.63,-0.6200000000000001,0.3900000000000001,-1.8261452350417304,Neutral,Triggered,Neutral,Neutral,15,0,No Shock,55.5,55,45,0,15,57.142857142857146,37.80952380952381,33.57142857142857,13.761904761904763,0.0,22.5,15.8,-2.752380952380946,-6.285714285714285,28,34,40,30.4,43.6,35.5,Elevated,Moderate,Moderate,Easy / Supportive,SUPPORTIVE,Low,Moderate Divergence,Poor,Moderate,Moderate Complacency,Weak Setup,DE-RISKING,WAIT,-4.519047619047615,Panic / Stabilizing,WATCH FOR RECOVERY,"{'final_decision': 'Neutral', 'environment': 'Mixed / neutral', 'action': 'Neutral positioning', 'buy_trigger': 'Wait for clearer mean-reversion or benign setup', 'risk_off_trigger': 'Shock flag or rising macro/credit stress'}",Neutral,Mixed / neutral,Neutral positioning,0.45,0.25,0.3,Neutral,{'Macro stress': 20},"[('Credit Tightening', np.float64(34.6)), ('Benign Risk-On', np.float64(34.0)), ('Late-Cycle Melt-Up', np.float64(20.2)), ('Inflation / Duration Shock', np.float64(5.1)), ('COVID Crash', 0)]",0.0549356566803505,0.10822451742510264,-0.5099999999999998,-0.79,5554.13,5554.13,0.010665050805019227,0.010665050805019227,0.025321045506157724,"('Medium', ['Adequate decision sample size', 'No active shock flag', 'Signals partly aligned'])",Medium,"['Adequate decision sample size', 'No active shock flag', 'Signals partly aligned']"
2024-09-11,3.65,3.62,0.029999999999999805,Normal,4.2,-0.409,-0.39237777777777777,3.44,5554.13,17.69,2.04,0.30000000000000027,0.31999999999999984,0.019999999999999574,0.23999999999999977,0.2799999999999998,0.08999999999999986,-0.08999999999999986,0.3299999999999996,0.022288888888888914,0.0,-3.629999999999999,0.006170211609635379,0.021648358116708843,3.7,0.5,5667.2,-0.019951651609260268,1.6099999999999999,-0.6000000000000001,0.31999999999999984,-1.9031005450134904,Neutral,Triggered,Hidden Credit Stress,Credit Warning / Vol Complacency,70,42,No Shock,56.2,65,20,0,15,57.095238095238095,37.23809523809524,32.38095238095238,12.571428571428571,0.0,26.0,16.3,-1.952380952380956,-8.285714285714285,41,48,40,31.2,42.8,37.0,Elevated,Moderate,Moderate,Easy / Supportive,SUPPORTIVE,Low,Moderate Divergence,Poor,Moderate,Moderate Complacency,Weak Setup,DE-RISKING,WAIT,-5.11904761904762,Panic / Stabilizing,WATCH FOR RECOVERY,"{'final_decision': 'Credit Warning', 'environment': 'Equities firm but credit deteriorating', 'action': 'Avoid adding risk until credit confirms', 'buy_trigger': 'HY spreads stop widening and VIX remains contained', 'risk_off_trigger': 'HY widening continues while equities stay complacent'}",Credit Warning,Equities firm but credit deteriorating,Avoid adding risk until credit confirms,0.35,0.15,0.5,Neutral,"{'Macro stress': 20, 'Low VIX': 15, 'SP500 near highs': 12}","[('Credit Tightening', np.float64(34.9)), ('Benign Risk-On', np.float64(33.4)), ('Late-Cycle Melt-Up', np.float64(19.3)), ('Inflation / Duration Shock', np.float64(5.1)), ('COVID Crash', 0)]",0.04604321468888917,0.08979264079162719,-0.5099999999999998,-0.77,5595.76,5595.76,0.007495323299958834,0.007495323299958834,0.017115125141111208,"('Low', ['Limited decision sample size', 'No active shock flag', 'Signals conflicting'])",Low,"['Limited decision sample size', 'No active shock flag', 'Signals conflicting']"
2024-09-12,3.68,3.64,0.040000000000000036,Normal,4.2,-0.409,-0.3922777777777778,3.39,5595.76,17.07,2.05,0.30000000000000027,0.34999999999999964,0.06000000000000005,0.14000000000000012,0.31000000000000005,0.10000000000000009,-0.009999999999999787,0.1499999999999999,0.022933333333333306,0.7100000000000009,-2.8299999999999983,0.016780505177699023,0.013302428336019467,3.7,0.5,5667.2,-0.012605872388480988,1.6300000000000003,-0.5199999999999996,0.34999999999999964,-1.7902058044095626,Neutral,Triggered,Neutral,Neutral,55,42,No Shock,56.0,10,20,0,0,57.06666666666666,34.523809523809526,31.19047619047619,11.285714285714286,0.0,28.0,17.8,-1.1190476190476275,-11.952380952380949,48,48,25,32.7,42.0,37.0,Elevated,Moderate,Moderate,Easy / Supportive,SUPPORTIVE,Low,Moderate Divergence,Poor,Moderate,Moderate Complacency,Weak Setup,DE-RISKING,WAIT,-6.535714285714288,Panic / Stabilizing,WATCH FOR RECOVERY,"{'final_decision': 'Neutral', 'environment': 'Mixed / neutral', 'action': 'Neutral positioning', 'buy_trigger': 'Wait for clearer mean-reversion or benign setup', 'risk_off_trigger': 'Shock flag or rising macro/credit stress'}",Neutral,Mixed / neutral,Neutral positioning,0.45,0.25,0.3,Neutral,"{'Macro stress': 20, 'Low VIX': 15, 'SP500 near highs': 12}","[('Benign Risk-On', np.float64(34.5)), ('Credit Tightening', np.float64(33.5)), ('Late-Cycle Melt-Up', np.float64(19.7)), ('Inflation / Duration Shock', np.float64(4.8)), ('COVID Crash', 0)]",0.03795016226571546,0.07847906271891558,-0.5,-0.7200000000000002,5618.26,5618.26,0.0040209015397372205,0.0040209015397372205,0.017677573019571957,"('Medium', ['Adequate decision sample size', 'No active shock flag', 'Signals partly aligned'])",Medium,"['Adequate decision sample size', 'No active shock flag', 'Signals partly aligned']"
2024-09-13,3.66,3.57,0.0900000000000003,Normal,4.2,-0.418,-0.3922666666666666,3.37,5626.02,16.56,2.08,0.30000000000000027,0.4200000000000004,0.03000000000000025,0.020000000000000018,0.3400000000000003,-0.020000000000000018,0.10999999999999988,-0.08999999999999986,0.023488888888888948,-2.030000000000001,-5.82,0.040233561742616164,0.032926479984137114,3.7,0.5,5667.2,-0.0072663749294182844,1.58,-0.56,0.4200000000000004,-2.005778522659863,Neutral,Triggered,Neutral,Neutral,55,67,No Shock,55.1,10,20,0,0,56.966666666666676,33.095238095238095,31.19047619047619,10.0,0.0,30.0,21.8,-0.37142857142856656,-14.333333333333336,58,48,25,34.2,41.2,37.0,Elevated,Moderate,Moderate,Easy / Supportive,SUPPORTIVE,Low,Moderate Divergence,Weakening,Moderate,Moderate Complacency,Weak Setup,DE-RISKING,WAIT,-7.352380952380951,Panic / Stabilizing,WATCH FOR RECOVERY,"{'final_decision': 'Neutral', 'environment': 'Mixed / neutral', 'action': 'Neutral positioning', 'buy_trigger': 'Wait for clearer mean-reversion or benign setup', 'risk_off_trigger': 'Shock flag or rising macro/credit stress'}",Neutral,Mixed / neutral,Neutral positioning,0.45,0.25,0.3,Neutral,"{'Macro stress': 20, 'Low VIX': 15, 'SP500 near highs': 12}","[('Benign Risk-On', np.float64(35.0)), ('Credit Tightening', np.float64(32.8)), ('Late-Cycle Melt-Up', np.float64(19.7)), ('Inflation / Duration Shock', np.float64(4.6)), ('COVID Crash', 0)]",0.035104745450602826,0.08143767707900063,-0.5500000000000003,-0.73,5618.26,5618.26,-0.001379305441502221,-0.001379305441502221,0.016397135452771272,"('Medium', ['Adequate decision sample size', 'No active shock flag', 'Signals partly aligned'])",Medium,"['Adequate decision sample size', 'No active shock flag', 'Signals partly aligned']"
2024-09-16,3.63,3.56,0.06999999999999984,Normal,4.2,-0.418,-0.3922555555555555,3.32,5633.09,17.14,2.09,0.30000000000000027,0.4200000000000004,0.04999999999999982,-0.40000000000000036,0.2599999999999998,-0.040000000000000036,0.4900000000000002,-0.8900000000000006,0.02404444444444448,-6.25,-2.3099999999999987,0.029617715063835925,0.05359146815896576,3.7,0.5,5667.2,-0.006018845285149621,1.54,-0.6099999999999999,0.4200000000000004,-2.168324508732909,Neutral,Triggered,Risk-On Confirmation,Neutral,0,92,No Shock,55.5,0,10,0,0,56.833333333333336,32.142857142857146,30.238095238095237,9.428571428571429,0.0,24.5,25.8,-0.4047619047619051,-15.047619047619044,98,75,25,39.7,43.1,37.0,Elevated,Moderate,Moderate,Easy / Supportive,SUPPORTIVE,Low,Moderate Divergence,Weakening,Moderate,Moderate Complacency,Weak Setup,DE-RISKING,WAIT,-7.7261904761904745,Panic / Stabilizing,WATCH FOR RECOVERY,"{'final_decision': 'Neutral', 'environment': 'Mixed / neutral', 'action': 'Neutral positioning', 'buy_trigger': 'Wait for clearer mean-reversion or benign setup', 'risk_off_trigger': 'Shock flag or rising macro/credit stress'}",Neutral,Mixed / neutral,Neutral positioning,0.45,0.25,0.3,Neutral,"{'Macro stress': 20, 'Low VIX': 15, 'HY spread compression': 14, 'VIX compression': 12, 'SP500 near highs': 12}","[('Benign Risk-On', np.float64(35.5)), ('Credit Tightening', np.float64(31.8)), ('Late-Cycle Melt-Up', np.float64(21.2)), ('Inflation / Duration Shock', np.float64(3.9)), ('COVID Crash', 0)]",0.03547431338750129,0.07423279230404622,-0.46999999999999975,-0.6599999999999997,5618.26,5618.26,-0.0026326580970656988,-0.0026326580970656988,0.01656344102437558,"('Medium', ['Adequate decision sample size', 'No active shock flag', 'Signals partly aligned'])",Medium,"['Adequate decision sample size', 'No active shock flag', 'Signals partly aligned']"
2024-09-17,3.65,3.59,0.06000000000000005,Normal,4.2,-0.418,-0.3922444444444445,3.25,5634.58,17.61,2.12,0.30000000000000027,0.4199999999999995,0.0,-0.6800000000000002,0.1499999999999999,-0.20999999999999996,0.7200000000000002,-1.4000000000000004,0.0245999999999999,-20.96,-1.4699999999999989,0.02530424782368179,0.08642913196807767,3.7,0.5,5667.2,-0.005755928853754977,1.5299999999999998,-0.6400000000000006,0.4199999999999995,-2.186393592172315,Neutral,Triggered,Risk-On Confirmation,Neutral,0,92,No Shock,55.8,0,10,0,0,56.7,31.19047619047619,29.285714285714285,9.428571428571429,0.0,24.5,35.0,-0.56666666666667,-15.19047619047619,98,75,25,47.5,46.4,34.0,Elevated,Moderate,Moderate,Easy / Supportive,SUPPORTIVE,Low,Moderate Divergence,Weakening,Elevated,Moderate Complacency,Weak Setup,DE-RISKING,WAIT,-7.87857142857143,Panic / Stabilizing,WATCH FOR RECOVERY,"{'final_decision': 'Neutral', 'environment': 'Mixed / neutral', 'action': 'Neutral positioning', 'buy_trigger': 'Wait for clearer mean-reversion or benign setup', 'risk_off_trigger': 'Shock flag or rising macro/credit stress'}",Neutral,Mixed / neutral,Neutral positioning,0.45,0.25,0.3,Neutral,"{'Macro stress': 20, 'Low VIX': 15, 'HY spread compression': 14, 'VIX compression': 12, 'SP500 near highs': 12}","[('Benign Risk-On', np.float64(37.6)), ('Credit Tightening', np.float64(29.4)), ('Late-Cycle Melt-Up', np.float64(24.9)), ('Inflation / Duration Shock', np.float64(2.9)), ('COVID Crash', 0)]",0.03178409038473151,0.07392032769079515,-0.4500000000000002,-0.5699999999999998,5618.26,5618.26,-0.0028964004415590328,-0.0028964004415590328,0.01490284067312918,"('Medium', ['Adequate decision sample size', 'No active shock flag', 'Signals partly aligned'])",Medium,"['Adequate decision sample size', 'No active shock flag', 'Signals partly aligned']"
2024-09-18,3.7,3.61,0.0900000000000003,Normal,4.2,-0.418,-0.3922333333333334,3.21,5618.26,18.23,2.12,0.30000000000000027,0.43999999999999995,0.0600000000000005,-0.45999999999999996,0.06999999999999984,-0.22999999999999998,0.48,-0.94,0.025155555555555487,-9.48,0.5399999999999991,0.011546362796693632,0.07218088446058535,3.7,0.5,5667.2,-0.008635657820440401,1.58,-0.5500000000000003,0.43999999999999995,-1.932679881424963,Neutral,Triggered,Risk-On Confirmation,Neutral,0,65,No Shock,55.2,0,10,0,0,56.5,30.238095238095237,28.333333333333332,9.428571428571429,0.0,24.5,41.5,-0.7238095238095283,-14.952380952380953,98,68,25,55.3,49.0,31.0,Elevated,Moderate,Moderate,Easy / Supportive,SUPPORTIVE,Low,Moderate Divergence,Healthy,Elevated,Moderate Complacency,Weak Setup,DE-RISKING,WAIT,-7.8380952380952404,Panic / Stabilizing,WATCH FOR RECOVERY,"{'final_decision': 'Neutral', 'environment': 'Mixed / neutral', 'action': 'Neutral positioning', 'buy_trigger': 'Wait for clearer mean-reversion or benign setup', 'risk_off_trigger': 'Shock flag or rising macro/credit stress'}",Neutral,Mixed / neutral,Neutral positioning,0.45,0.25,0.3,Neutral,"{'Macro stress': 20, 'HY spread compression': 14, 'VIX compression': 12, 'SP500 near highs': 12}","[('Benign Risk-On', np.float64(39.6)), ('Late-Cycle Melt-Up', np.float64(28.1)), ('Credit Tightening', np.float64(27.1)), ('Inflation / Duration Shock', np.float64(1.8)), ('COVID Crash', 0)]",0.015519039702683646,0.08113188068903887,-0.33000000000000007,-0.52,5695.94,5695.94,0.013826344811382674,0.013826344811382674,0.007583567866207641,"('Medium', ['Adequate decision sample size', 'No active shock flag', 'Signals partly aligned'])",Medium,"['Adequate decision sample size', 'No active shock flag', 'Signals partly aligned']"
2024-09-19,3.73,3.59,0.14000000000000012,Normal,4.2,-0.418,-0.39222222222222225,3.1,5713.64,16.33,2.17,0.30000000000000027,0.5100000000000002,0.10000000000000009,-0.46999999999999975,-0.020000000000000018,-0.29000000000000004,0.3799999999999999,-0.8499999999999996,0.025633333333333286,-11.520000000000003,-0.740000000000002,0.021065949933521066,0.0988825848639292,3.7,0.5,5713.64,0.0,1.56,-0.6000000000000001,0.5100000000000002,-2.001310598479385,Neutral,Triggered,Risk-On Confirmation,Neutral,0,92,No Shock,64.3,0,10,20,0,56.75714285714286,29.285714285714285,27.38095238095238,8.857142857142858,0.9523809523809523,21.0,49.2,-0.4714285714285751,-12.333333333333336,98,75,25,62.3,53.1,31.0,Elevated,Moderate,Moderate,Easy / Supportive,SUPPORTIVE,Low,Moderate Divergence,Healthy,Elevated,Moderate Complacency,Weak Setup,DE-RISKING,WAIT,-6.402380952380955,Panic / Stabilizing,WATCH FOR RECOVERY,"{'final_decision': 'Neutral', 'environment': 'Mixed / neutral', 'action': 'Neutral positioning', 'buy_trigger': 'Wait for clearer mean-reversion or benign setup', 'risk_off_trigger': 'Shock flag or rising macro/credit stress'}",Neutral,Mixed / neutral,Neutral positioning,0.45,0.25,0.3,Neutral,"{'Macro stress': 20, 'Low VIX': 15, 'HY spread compression': 14, 'VIX compression': 12, 'SP500 near highs': 12}","[('Benign Risk-On', np.float64(39.4)), ('Late-Cycle Melt-Up', np.float64(30.7)), ('Credit Tightening', np.float64(25.6)), ('Inflation / Duration Shock', np.float64(1.2)), ('COVID Crash', 0)]",0.002653299822879873,0.058976414334819705,-0.27,-0.3500000000000001,5695.94,5695.94,-0.0030978500570565393,-0.0030978500570565393,0.001793984920295943,"('Medium', ['Adequate decision sample size', 'No active shock flag', 'Signals partly aligned'])",Medium,"['Adequate decision sample size', 'No active shock flag', 'Signals partly aligned']"
2024-09-20,3.73,3.55,0.18000000000000016,Normal,4.2,-0.426,-0.3922999999999999,3.15,5702.55,16.15,2.15,0.30000000000000027,0.5499999999999994,0.08999999999999986,-0.33000000000000007,0.009999999999999787,-0.2200000000000002,0.2999999999999998,-0.6299999999999999,0.02602222222222228,-7.640000000000001,-0.41000000000000014,0.013602866680175296,0.07204693841870458,3.7,0.5,5713.64,-0.0019409693295342478,1.58,-0.5700000000000003,0.5499999999999994,-1.8887911507563082,Neutral,Triggered,Risk-On Confirmation,Neutral,0,77,No Shock,63.5,0,10,20,0,57.00952380952381,28.333333333333332,26.428571428571427,8.285714285714286,1.9047619047619047,21.0,56.9,-0.19999999999998863,-11.619047619047617,98,75,25,69.3,58.0,29.5,Elevated,Moderate,Moderate,Easy / Supportive,SUPPORTIVE,Low,Moderate Divergence,Healthy,Elevated,Moderate Complacency,Weak Setup,DE-RISKING,WAIT,-5.909523809523803,Panic / Stabilizing,WATCH FOR RECOVERY,"{'final_decision': 'Neutral', 'environment': 'Mixed / neutral', 'action': 'Neutral positioning', 'buy_trigger': 'Wait for clearer mean-reversion or benign setup', 'risk_off_trigger': 'Shock flag or rising macro/credit stress'}",Neutral,Mixed / neutral,Neutral positioning,0.45,0.25,0.3,Neutral,"{'Macro stress': 20, 'Low VIX': 15, 'HY spread compression': 14, 'VIX compression': 12, 'SP500 near highs': 12}","[('Benign Risk-On', np.float64(39.6)), ('Late-Cycle Melt-Up', np.float64(34.3)), ('Credit Tightening', np.float64(23.1)), ('COVID Crash', 0), ('Inflation / Duration Shock', 0)]",0.0017781518794222073,0.029742834346038194,-0.2799999999999998,-0.41999999999999993,5695.94,5695.94,-0.0011591305643967598,-0.0011591305643967598,0.0014001683457399933,"('Medium', ['Adequate decision sample size', 'No active shock flag', 'Signals partly aligned'])",Medium,"['Adequate decision sample size', 'No active shock flag', 'Signals partly aligned']"
2024-09-23,3.75,3.57,0.18000000000000016,Normal,4.2,-0.426,-0.39237777777777777,3.15,5718.57,15.89,2.17,0.30000000000000027,0.5399999999999996,0.11000000000000032,-0.3400000000000003,0.009999999999999787,-0.16999999999999993,0.28000000000000025,-0.6200000000000006,0.026411111111111163,-4.48,-1.25,0.015174619968791436,0.07005965390257773,3.7,0.5,5718.57,0.0,1.58,-0.54,0.5399999999999996,-1.868063241708149,Neutral,Triggered,Risk-On Confirmation,Neutral,0,77,No Shock,63.5,0,10,20,0,57.25714285714286,27.38095238095238,25.476190476190474,7.714285714285714,2.857142857142857,19.5,64.6,0.03333333333333144,-10.904761904761905,75,68,25,74.0,61.4,28.0,Elevated,Moderate,Moderate,Easy / Supportive,SUPPORTIVE,Low,Low Divergence,Healthy,High,Moderate Complacency,Weak Setup,DE-RISKING,WAIT,-5.435714285714287,Panic / Stabilizing,WATCH FOR RECOVERY,"{'final_decision': 'Neutral', 'environment': 'Mixed / neutral', 'action': 'Neutral positioning', 'buy_trigger': 'Wait for clearer mean-reversion or benign setup', 'risk_off_trigger': 'Shock flag or rising macro/credit stress'}",Neutral,Mixed / neutral,Neutral positioning,0.45,0.25,0.3,Neutral,"{'Macro stress': 20, 'High risk appetite': 16, 'Low VIX': 15, 'HY spread compression': 14, 'SP500 near highs': 12}","[('Benign Risk-On', np.float64(39.7)), ('Late-Cycle Melt-Up', np.float64(36.9)), ('Credit Tightening', np.float64(21.0)), ('COVID Crash', 0), ('Inflation / Duration Shock', 0)]",0.011224834180573184,0.02596977915807619,-0.29000000000000004,-0.23999999999999977,5695.94,5695.94,-0.003957283027050451,-0.003957283027050451,0.005651175381257933,"('Medium', ['Adequate decision sample size', 'No active shock flag', 'Signals partly aligned'])",Medium,"['Adequate decision sample size', 'No active shock flag', 'Signals partly aligned']"
2024-09-24,3.74,3.49,0.25,Normal,4.2,-0.426,-0.39245555555555556,3.21,5732.93,15.39,2.19,0.30000000000000027,0.6200000000000001,0.18999999999999995,-0.31000000000000005,0.08000000000000007,-0.040000000000000036,0.33999999999999986,-0.6499999999999999,0.02679999999999999,-5.32,-2.219999999999999,0.017454717121773156,0.07270053270812937,3.7,0.5,5732.93,0.0,1.5500000000000003,-0.5,0.6200000000000001,-1.9784586634989954,Neutral,Triggered,Risk-On Confirmation,Neutral,0,92,No Shock,62.1,0,10,20,0,57.47142857142857,26.904761904761905,25.0,7.142857142857143,3.8095238095238093,18.0,73.8,0.3285714285714221,-10.904761904761905,90,85,25,80.2,66.5,26.5,Elevated,Moderate,Moderate,Easy / Supportive,SUPPORTIVE,Low,Low Divergence,Strong / Extended,High,Moderate Complacency,Weak Setup,DE-RISKING,WAIT,-5.2880952380952415,Panic / Stabilizing,WATCH FOR RECOVERY,"{'final_decision': 'Neutral', 'environment': 'Mixed / neutral', 'action': 'Neutral positioning', 'buy_trigger': 'Wait for clearer mean-reversion or benign setup', 'risk_off_trigger': 'Shock flag or rising macro/credit stress'}",Neutral,Mixed / neutral,Neutral positioning,0.45,0.25,0.3,Neutral,"{'Macro stress': 20, 'High risk appetite': 16, 'Low VIX': 15, 'HY spread compression': 14, 'VIX compression': 12, 'SP500 near highs': 12}","[('Late-Cycle Melt-Up', np.float64(39.9)), ('Benign Risk-On', np.float64(38.8)), ('Credit Tightening', np.float64(18.1)), ('COVID Crash', 0), ('Inflation / Duration Shock', 0)]",0.03420763902576862,0.03452335891071412,-0.46999999999999975,-0.3500000000000001,5695.94,5695.94,-0.006452198090679762,-0.006452198090679762,0.01599343756159588,"('Medium', ['Adequate decision sample size', 'No active shock flag', 'Signals partly aligned'])",Medium,"['Adequate decision sample size', 'No active shock flag', 'Signals partly aligned']"
2024-09-25,3.79,3.53,0.26000000000000023,Normal,4.2,-0.426,-0.39253333333333335,3.19,5722.26,15.41,2.18,0.30000000000000027,0.6600000000000006,0.16999999999999993,-0.3500000000000001,0.10999999999999988,-0.020000000000000018,0.33000000000000007,-0.6800000000000002,0.027188888888888874,-2.710000000000001,-2.8200000000000003,0.018511069263437374,0.05296415631446161,3.7,0.5,5732.93,-0.0018611774432969463,1.6099999999999999,-0.45999999999999996,0.6600000000000006,-1.6928958517102597,Neutral,Triggered,Risk-On Confirmation,Neutral,0,77,No Shock,62.0,0,10,20,0,57.67619047619048,25.952380952380953,24.047619047619047,6.571428571428571,4.761904761904762,11.0,77.3,0.5809523809523824,-11.285714285714288,75,78,25,83.6,69.5,25.0,Elevated,Moderate,Moderate,Easy / Supportive,SUPPORTIVE,Low,Low Divergence,Strong / Extended,High,Moderate Complacency,Weak Setup,DE-RISKING,WAIT,-5.352380952380953,Panic / Stabilizing,WATCH FOR RECOVERY,"{'final_decision': 'Neutral', 'environment': 'Mixed / neutral', 'action': 'Neutral positioning', 'buy_trigger': 'Wait for clearer mean-reversion or benign setup', 'risk_off_trigger': 'Shock flag or rising macro/credit stress'}",Neutral,Mixed / neutral,Neutral positioning,0.45,0.25,0.3,Neutral,"{'Macro stress': 20, 'High risk appetite': 16, 'Low VIX': 15, 'HY spread compression': 14, 'SP500 near highs': 12}","[('Late-Cycle Melt-Up', np.float64(42.1)), ('Benign Risk-On', np.float64(38.5)), ('Credit Tightening', np.float64(15.9)), ('COVID Crash', 0), ('Inflation / Duration Shock', 0)]",0.04383582710327749,0.044005340547266236,-0.45999999999999996,-0.33999999999999986,5695.94,5695.94,-0.004599581284317811,-0.004599581284317811,0.020326122196474873,"('Medium', ['Adequate decision sample size', 'No active shock flag', 'Signals partly aligned'])",Medium,"['Adequate decision sample size', 'No active shock flag', 'Signals partly aligned']"
2024-09-26,3.79,3.6,0.18999999999999995,Normal,4.2,-0.426,-0.392611111111111,3.14,5745.37,15.37,2.16,0.30000000000000027,0.6000000000000001,0.04999999999999982,-0.31999999999999984,0.050000000000000266,0.040000000000000036,0.22999999999999998,-0.5499999999999998,0.027488888888889007,-0.8200000000000021,-0.9599999999999991,0.0055533775316609635,0.05318951974351127,3.7,0.5,5745.37,0.0,1.63,-0.4700000000000002,0.6000000000000001,-1.5885236377007748,Neutral,Triggered,Risk-On Confirmation,Neutral,0,62,No Shock,63.4,0,10,20,0,58.02857142857143,24.285714285714285,23.095238095238095,6.571428571428571,5.714285714285714,5.5,79.3,0.9619047619047691,-10.23809523809524,75,78,25,86.3,72.5,25.0,Elevated,Moderate,Moderate,Easy / Supportive,SUPPORTIVE,Low,Low Divergence,Strong / Extended,High,Elevated Complacency,Weak Setup,DE-RISKING,WAIT,-4.638095238095236,Panic / Stabilizing,WATCH FOR RECOVERY,"{'final_decision': 'Hold / Do Not Chase', 'environment': 'Stable but crowded', 'action': 'Hold existing risk, avoid aggressive new risk', 'buy_trigger': 'Wait for better entry after volatility or credit repricing', 'risk_off_trigger': '5D VIX spike or HY widening'}",Hold / Do Not Chase,Stable but crowded,"Hold existing risk, avoid aggressive new risk",0.4,0.25,0.35,Neutral,"{'Elevated complacency': 20, 'Macro stress': 20, 'High risk appetite': 16, 'Low VIX': 15, 'HY spread compression': 14, 'SP500 near highs': 12}","[('Late-Cycle Melt-Up', np.float64(43.5)), ('Benign Risk-On', np.float64(37.5)), ('Credit Tightening', np.float64(13.7)), ('COVID Crash', 0), ('Inflation / Duration Shock', 0)]",0.0435428875773014,0.05128825471640641,-0.5100000000000002,-0.28000000000000025,5695.94,5695.94,-0.0086034493862015,-0.0086034493862015,0.01811715503092056,"('Medium', ['Adequate decision sample size', 'No active shock flag', 'Signals partly aligned'])",Medium,"['Adequate decision sample size', 'No active shock flag', 'Signals partly aligned']"
2024-09-27,3.75,3.55,0.20000000000000018,Normal,4.2,-0.433,-0.3927777777777777,3.14,5738.17,16.96,2.15,0.30000000000000027,0.5800000000000001,0.020000000000000018,-0.16999999999999993,0.07000000000000028,-0.009999999999999787,0.06000000000000005,-0.22999999999999998,0.027700000000000002,1.7300000000000004,0.8100000000000023,0.006246328396945167,0.035169089446206225,3.7,0.5,5745.37,-0.0012531829977877607,1.6,-0.5100000000000002,0.5800000000000001,-1.7041685324552618,Neutral,Triggered,Risk-On Confirmation,Neutral,0,52,No Shock,63.2,0,10,20,0,58.37619047619048,22.61904761904762,22.142857142857142,6.571428571428571,6.666666666666667,0.0,77.8,1.4095238095238045,-10.476190476190474,52,63,25,85.7,74.0,25.0,Elevated,Moderate,Moderate,Easy / Supportive,SUPPORTIVE,Low,Low Divergence,Strong / Extended,High,Elevated Complacency,Weak Setup,DE-RISKING,WAIT,-4.533333333333335,Panic / Stabilizing,WATCH FOR RECOVERY,"{'final_decision': 'Hold / Do Not Chase', 'environment': 'Stable but crowded', 'action': 'Hold existing risk, avoid aggressive new risk', 'buy_trigger': 'Wait for better entry after volatility or credit repricing', 'risk_off_trigger': '5D VIX spike or HY widening'}",Hold / Do Not Chase,Stable but crowded,"Hold existing risk, avoid aggressive new risk",0.4,0.25,0.35,Neutral,"{'Elevated complacency': 20, 'Macro stress': 20, 'High risk appetite': 16, 'Low VIX': 15, 'SP500 near highs': 12}","[('Late-Cycle Melt-Up', np.float64(44.3)), ('Benign Risk-On', np.float64(36.9)), ('Credit Tightening', np.float64(12.3)), ('COVID Crash', 0), ('Inflation / Duration Shock', 0)]",0.04283944184295696,0.052180398977374365,-0.5300000000000002,-0.28000000000000025,5695.94,5695.94,-0.007359489175120415,-0.007359489175120415,0.017835776737182785,"('Medium', ['Adequate decision sample size', 'No active shock flag', 'Signals partly aligned'])",Medium,"['Adequate decision sample size', 'No active shock flag', 'Signals partly aligned']"
2024-09-30,3.81,3.66,0.1499999999999999,Normal,4.2,-0.433,-0.3929444444444444,3.03,5762.48,16.73,2.18,0.30000000000000027,0.56,-0.03000000000000025,-0.26000000000000023,-0.040000000000000036,-0.1200000000000001,0.020000000000000018,-0.28000000000000025,0.02791111111111122,1.9299999999999997,0.8399999999999999,0.007678493049835922,0.0374902101993968,3.7,0.5,5762.48,0.0,1.63,-0.4600000000000004,0.56,-1.557940806605438,Neutral,Triggered,Risk-On Confirmation,Neutral,0,52,No Shock,64.2,0,10,20,0,58.75714285714285,21.428571428571427,21.666666666666668,6.571428571428571,7.619047619047619,0.0,73.8,1.923809523809517,-10.714285714285719,52,63,25,81.1,72.8,25.0,Elevated,Moderate,Moderate,Easy / Supportive,SUPPORTIVE,Low,Low Divergence,Strong / Extended,High,Elevated Complacency,Weak Setup,DE-RISKING,WAIT,-4.395238095238101,Panic / Stabilizing,WATCH FOR RECOVERY,"{'final_decision': 'Hold / Do Not Chase', 'environment': 'Stable but crowded', 'action': 'Hold existing risk, avoid aggressive new risk', 'buy_trigger': 'Wait for better entry after volatility or credit repricing', 'risk_off_trigger': '5D VIX spike or HY widening'}",Hold / Do Not Chase,Stable but crowded,"Hold existing risk, avoid aggressive new risk",0.4,0.25,0.35,Neutral,"{'Elevated complacency': 20, 'Macro stress': 20, 'High risk appetite': 16, 'Low VIX': 15, 'SP500 near highs': 12}","[('Late-Cycle Melt-Up', np.float64(44.1)), ('Benign Risk-On', np.float64(37.5)), ('Credit Tightening', np.float64(12.6)), ('COVID Crash', 0), ('Inflation / Duration Shock', 0)]",0.03868126223431578,0.036158043064791645,-0.3899999999999997,-0.18999999999999995,5695.94,5695.94,-0.011547111660257348,-0.011547111660257348,0.016172504893726312,"('Medium', ['Adequate decision sample size', 'No active shock flag', 'Signals partly aligned'])",Medium,"['Adequate decision sample size', 'No active shock flag', 'Signals partly aligned']"
2024-10-01,3.74,3.61,0.13000000000000034,Normal,4.1,-0.433,-0.3931111111111111,3.07,5708.75,19.26,2.19,0.19999999999999973,0.5600000000000009,-0.11999999999999966,-0.14000000000000012,-0.040000000000000036,-0.14000000000000012,0.009999999999999787,-0.1499999999999999,0.02812222222222227,4.610000000000001,3.870000000000001,-0.0042177385734694095,0.017920028529398557,3.7,0.39999999999999947,5762.48,-0.009324110452443968,1.5500000000000003,-0.5499999999999994,0.5600000000000009,-1.8886409932519144,Neutral,Watch,Risk-On Confirmation,Neutral,0,25,No Shock,63.6,5,20,20,12,59.10476190476191,20.476190476190474,21.666666666666668,7.142857142857143,8.571428571428571,0.0,67.1,2.404761904761905,-10.714285714285715,52,46,25,76.5,69.9,25.0,Elevated,Moderate,Moderate,Easy / Supportive,SUPPORTIVE,Low,Low Divergence,Healthy,High,Moderate Complacency,Weak Setup,DE-RISKING,WAIT,-4.154761904761905,Panic / Stabilizing,WATCH FOR RECOVERY,"{'final_decision': 'Neutral', 'environment': 'Mixed / neutral', 'action': 'Neutral positioning', 'buy_trigger': 'Wait for clearer mean-reversion or benign setup', 'risk_off_trigger': 'Shock flag or rising macro/credit stress'}",Neutral,Mixed / neutral,Neutral positioning,0.45,0.25,0.3,Neutral,"{'Macro stress': 20, 'High risk appetite': 16, 'SP500 near highs': 12}","[('Late-Cycle Melt-Up', np.float64(43.3)), ('Benign Risk-On', np.float64(38.6)), ('Credit Tightening', np.float64(13.9)), ('COVID Crash', 0), ('Inflation / Duration Shock', 0)]",0.04211429822640689,0.03471688197941747,-0.46999999999999975,-0.1299999999999999,5695.94,5695.94,-0.0022439238011824347,-0.0022439238011824347,0.0195514342018831,"('High', ['Adequate decision sample size', 'No active shock flag', 'Signals partly aligned', 'Labor warning watch'])",High,"['Adequate decision sample size', 'No active shock flag', 'Signals partly aligned', 'Labor warning watch']"
2024-10-02,3.79,3.63,0.16000000000000014,Normal,4.1,-0.433,-0.3932777777777777,3.06,5709.54,18.9,2.21,0.19999999999999973,0.6000000000000005,-0.10000000000000009,-0.18999999999999995,-0.040000000000000036,-0.1299999999999999,0.040000000000000036,-0.22999999999999998,0.028333333333333377,3.019999999999998,3.4899999999999984,-0.0022228979459165688,0.02008532959807896,3.7,0.39999999999999947,5762.48,-0.009187016701142525,1.58,-0.5899999999999999,0.6000000000000005,-1.7396671633585987,Neutral,Watch,Risk-On Confirmation,Neutral,0,40,No Shock,63.1,5,20,20,12,59.38571428571428,17.142857142857142,20.0,6.428571428571429,9.523809523809524,0.0,64.6,2.885714285714279,-13.095238095238095,52,46,25,71.9,67.7,25.0,Elevated,Low,Moderate,Easy / Supportive,SUPPORTIVE,Low,Low Divergence,Healthy,High,Moderate Complacency,Weak Setup,DE-RISKING,WAIT,-5.104761904761908,Panic / Stabilizing,WATCH FOR RECOVERY,"{'final_decision': 'Neutral', 'environment': 'Mixed / neutral', 'action': 'Neutral positioning', 'buy_trigger': 'Wait for clearer mean-reversion or benign setup', 'risk_off_trigger': 'Shock flag or rising macro/credit stress'}",Neutral,Mixed / neutral,Neutral positioning,0.45,0.25,0.3,Neutral,"{'Macro stress': 20, 'High risk appetite': 16, 'SP500 near highs': 12}","[('Late-Cycle Melt-Up', np.float64(43.0)), ('Benign Risk-On', np.float64(39.7)), ('Credit Tightening', np.float64(13.2)), ('COVID Crash', 0), ('Inflation / Duration Shock', 0)]",0.028212430423466772,0.030140781919383963,-0.33999999999999986,-0.14000000000000012,5695.94,5695.94,-0.0023819782329225214,-0.0023819782329225214,0.013295593690560048,"('High', ['Adequate decision sample size', 'No active shock flag', 'Signals partly aligned', 'Labor warning watch'])",High,"['Adequate decision sample size', 'No active shock flag', 'Signals partly aligned', 'Labor warning watch']"
2024-10-03,3.85,3.7,0.1499999999999999,Normal,4.1,-0.433,-0.39344444444444443,3.04,5699.94,20.49,2.21,0.19999999999999973,0.6199999999999997,-0.040000000000000036,-0.22999999999999998,-0.06999999999999984,-0.10000000000000009,0.10000000000000009,-0.33000000000000007,0.028455555555555623,4.219999999999999,5.119999999999999,-0.007907236609652646,0.014070825586877334,3.7,0.39999999999999947,5762.48,-0.010852966084047178,1.6400000000000001,-0.5,0.6199999999999997,-1.4667045917786925,Neutral,Watch,Risk-On Confirmation,Neutral,0,15,VIX spike,63.3,15,20,20,12,59.719047619047615,14.285714285714286,18.333333333333332,5.714285714285714,10.476190476190476,0.0,56.9,2.961904761904755,-14.999999999999998,52,46,25,67.3,64.8,25.0,Elevated,Low,Low,Easy / Supportive,SUPPORTIVE,Low,Low Divergence,Healthy,Elevated,Moderate Complacency,Weak Setup,DE-RISKING,WAIT,-6.019047619047622,Panic / Stabilizing,WATCH FOR RECOVERY,"{'final_decision': 'Stress / Stabilization Watch', 'environment': 'Active deterioration or shock', 'action': 'Reduce risk and monitor for stabilization', 'buy_trigger': 'Wait for VIX rollover, HY spread stabilization, and equity drawdown exhaustion', 'risk_off_trigger': 'Already triggered'}",Stress / Stabilization Watch,Active deterioration or shock,Reduce risk and monitor for stabilization,0.25,0.15,0.6,Long Duration,"{'Active shock flag': 25, 'Macro stress': 20, 'SP500 near highs': 12}","[('Late-Cycle Melt-Up', np.float64(42.0)), ('Benign Risk-On', np.float64(40.8)), ('Credit Tightening', np.float64(12.9)), ('COVID Crash', 0), ('Inflation / Duration Shock', 0)]",0.03397930504531632,0.029581013133471723,-0.31999999999999984,-0.16000000000000014,5695.94,5695.94,-0.0007017617729309089,-0.0007017617729309089,0.00969482626132908,"('Medium', ['Adequate decision sample size', 'Shock flag active', 'Signals partly aligned', 'Labor warning watch'])",Medium,"['Adequate decision sample size', 'Shock flag active', 'Signals partly aligned', 'Labor warning watch']"
2024-10-04,3.98,3.93,0.04999999999999982,Normal,4.1,-0.437,-0.3936888888888889,2.89,5751.07,19.21,2.23,0.19999999999999973,0.4500000000000002,-0.15000000000000036,-0.31999999999999984,-0.19999999999999973,-0.25,0.029999999999999805,-0.34999999999999964,0.02878888888888892,1.6600000000000001,2.25,0.0022481034894399343,0.03238945614866506,3.7,0.39999999999999947,5762.48,-0.001980050256139676,1.75,-0.4500000000000002,0.4500000000000002,-0.9807906656191697,Neutral,Watch,Risk-On Confirmation,Neutral,0,40,No Shock,55.3,0,10,0,0,59.642857142857146,13.095238095238095,17.857142857142858,5.714285714285714,10.476190476190476,0.0,53.2,2.633333333333333,-15.238095238095237,65,69,25,64.0,64.2,25.0,Elevated,Low,Low,Easy / Supportive,SUPPORTIVE,Low,Low Divergence,Healthy,Elevated,Moderate Complacency,Weak Setup,DE-RISKING,WAIT,-6.302380952380952,Panic / Stabilizing,WATCH FOR RECOVERY,"{'final_decision': 'Neutral', 'environment': 'Mixed / neutral', 'action': 'Neutral positioning', 'buy_trigger': 'Wait for clearer mean-reversion or benign setup', 'risk_off_trigger': 'Shock flag or rising macro/credit stress'}",Neutral,Mixed / neutral,Neutral positioning,0.45,0.25,0.3,Neutral,"{'Macro stress': 20, 'HY spread tightness': 18, 'HY spread compression': 14, 'SP500 near highs': 12}","[('Late-Cycle Melt-Up', np.float64(41.8)), ('Benign Risk-On', np.float64(41.1)), ('Credit Tightening', np.float64(12.4)), ('COVID Crash', 0), ('Inflation / Duration Shock', 0)]",0.028848544705593948,0.033280763405766356,-0.20000000000000018,-0.08000000000000007,5695.94,5695.94,-0.009586042249529192,-0.009586042249529192,0.013581845117517278,"('High', ['Adequate decision sample size', 'No active shock flag', 'Signals partly aligned', 'Labor warning watch'])",High,"['Adequate decision sample size', 'No active shock flag', 'Signals partly aligned', 'Labor warning watch']"
2024-10-07,4.03,3.99,0.040000000000000036,Normal,4.1,-0.437,-0.39393333333333336,2.95,5695.94,22.64,2.27,0.19999999999999973,0.3899999999999997,-0.10999999999999988,-0.23999999999999977,-0.19999999999999973,-0.07999999999999963,0.0,-0.23999999999999977,0.028833333333333322,6.780000000000001,5.91,-0.011547111660257348,0.01088451552103864,3.7,0.39999999999999947,5762.48,-0.011547111660257348,1.7600000000000002,-0.4900000000000002,0.3899999999999997,-0.9306370871119236,Neutral,Watch,Risk-On Confirmation,Neutral,0,0,VIX spike,55.5,30,30,0,12,59.64761904761905,11.428571428571429,17.142857142857142,5.0,10.476190476190476,0.0,45.5,2.3904761904761926,-15.95238095238095,52,46,40,61.7,62.0,26.5,Elevated,Low,Low,Easy / Supportive,SUPPORTIVE,Low,Low Divergence,Healthy,Elevated,Moderate Complacency,Weak Setup,DE-RISKING,WAIT,-6.780952380952379,Panic / Stabilizing,WATCH FOR RECOVERY,"{'final_decision': 'Stress / Stabilization Watch', 'environment': 'Active deterioration or shock', 'action': 'Reduce risk and monitor for stabilization', 'buy_trigger': 'Wait for VIX rollover, HY spread stabilization, and equity drawdown exhaustion', 'risk_off_trigger': 'Already triggered'}",Stress / Stabilization Watch,Active deterioration or shock,Reduce risk and monitor for stabilization,0.25,0.15,0.6,Long Duration,"{'Active shock flag': 25, 'Macro stress': 20, 'HY spread tightness': 18, 'SP500 near highs': 12}","[('Benign Risk-On', np.float64(41.2)), ('Late-Cycle Melt-Up', np.float64(40.2)), ('Credit Tightening', np.float64(12.7)), ('COVID Crash', 0), ('Inflation / Duration Shock', 0)]",0.038829411826669435,0.04905950554254446,-0.28000000000000025,-0.1900000000000004,5705.45,5705.45,0.0016696102838162918,0.0016696102838162918,0.010907352956667359,"('Medium', ['Adequate decision sample size', 'Shock flag active', 'Signals partly aligned', 'Labor warning watch'])",Medium,"['Adequate decision sample size', 'Shock flag active', 'Signals partly aligned', 'Labor warning watch']"
2024-10-08,4.04,3.98,0.06000000000000005,Normal,4.1,-0.437,-0.3941777777777778,2.99,5751.13,21.42,2.27,0.19999999999999973,0.43000000000000016,-0.07000000000000028,-0.1599999999999997,-0.19999999999999973,-0.07999999999999963,0.020000000000000018,-0.17999999999999972,0.028877777777777724,5.270000000000003,2.16,0.007423691701335722,0.02390846098518029,3.7,0.39999999999999947,5762.48,-0.0019696380724965046,1.77,-0.41999999999999993,0.43000000000000016,-0.8805234045309319,Neutral,Watch,Risk-On Confirmation,Neutral,0,25,No Shock,55.1,30,30,0,12,59.590476190476195,10.714285714285714,16.428571428571427,4.285714285714286,10.476190476190476,0.0,38.8,2.1190476190476275,-16.19047619047619,52,54,40,57.9,58.9,28.0,Elevated,Low,Low,Easy / Supportive,SUPPORTIVE,Low,Low Divergence,Weakening,Elevated,Moderate Complacency,Weak Setup,DE-RISKING,WAIT,-7.035714285714281,Panic / Stabilizing,WATCH FOR RECOVERY,"{'final_decision': 'Neutral', 'environment': 'Mixed / neutral', 'action': 'Neutral positioning', 'buy_trigger': 'Wait for clearer mean-reversion or benign setup', 'risk_off_trigger': 'Shock flag or rising macro/credit stress'}",Neutral,Mixed / neutral,Neutral positioning,0.45,0.25,0.3,Neutral,"{'Macro stress': 20, 'HY spread tightness': 18, 'SP500 near highs': 12}","[('Benign Risk-On', np.float64(41.4)), ('Late-Cycle Melt-Up', np.float64(38.1)), ('Credit Tightening', np.float64(13.9)), ('Inflation / Duration Shock', np.float64(0.6)), ('COVID Crash', 0)]",0.034354987628518296,0.02745547396772463,-0.38000000000000034,-0.20000000000000018,5705.45,5705.45,-0.007942786895792753,-0.007942786895792753,0.016059744432833235,"('High', ['Adequate decision sample size', 'No active shock flag', 'Signals partly aligned', 'Labor warning watch'])",High,"['Adequate decision sample size', 'No active shock flag', 'Signals partly aligned', 'Labor warning watch']"
2024-10-09,4.06,3.99,0.0699999999999994,Normal,4.1,-0.437,-0.3944222222222223,2.94,5792.04,20.86,2.29,0.19999999999999973,0.4499999999999993,-0.09000000000000075,-0.22999999999999998,-0.26000000000000023,-0.1200000000000001,0.08999999999999986,-0.31999999999999984,0.028822222222222138,5.43,1.9600000000000009,0.014449500310007357,0.029549575171531117,3.7,0.39999999999999947,5792.04,0.0,1.7699999999999996,-0.3900000000000001,0.4499999999999993,-0.8756086411586458,Neutral,Watch,Risk-On Confirmation,Neutral,0,25,No Shock,54.9,30,30,0,12,59.56190476190477,9.523809523809524,15.714285714285714,4.142857142857143,10.476190476190476,0.0,33.6,1.8857142857142932,-16.42857142857143,52,54,40,55.6,56.5,29.5,Elevated,Low,Low,Easy / Supportive,SUPPORTIVE,Low,Low Divergence,Weakening,Elevated,Moderate Complacency,Weak Setup,DE-RISKING,WAIT,-7.271428571428569,Panic / Stabilizing,WATCH FOR RECOVERY,"{'final_decision': 'Neutral', 'environment': 'Mixed / neutral', 'action': 'Neutral positioning', 'buy_trigger': 'Wait for clearer mean-reversion or benign setup', 'risk_off_trigger': 'Shock flag or rising macro/credit stress'}",Neutral,Mixed / neutral,Neutral positioning,0.45,0.25,0.3,Neutral,"{'Macro stress': 20, 'HY spread tightness': 18, 'SP500 near highs': 12}","[('Benign Risk-On', np.float64(41.2)), ('Late-Cycle Melt-Up', np.float64(36.2)), ('Credit Tightening', np.float64(14.4)), ('Inflation / Duration Shock', np.float64(1.1)), ('COVID Crash', 0)]",0.030610976443532945,0.021790250067333705,-0.33000000000000007,-0.10000000000000009,5705.45,5705.45,-0.014949827694560103,-0.014949827694560103,0.014374939399589825,"('High', ['Adequate decision sample size', 'No active shock flag', 'Signals partly aligned', 'Labor warning watch'])",High,"['Adequate decision sample size', 'No active shock flag', 'Signals partly aligned', 'Labor warning watch']"
2024-10-10,4.09,3.98,0.10999999999999988,Normal,4.1,-0.437,-0.3946666666666666,2.99,5780.05,20.93,2.33,0.19999999999999973,0.52,-0.040000000000000036,-0.19999999999999973,-0.17999999999999972,-0.04999999999999982,0.10000000000000009,-0.2999999999999998,0.028766666666666663,3.8200000000000003,0.4400000000000013,0.014054533907374545,0.03359512748159044,3.7,0.39999999999999947,5792.04,-0.0020700823889336917,1.7599999999999998,-0.3200000000000003,0.52,-0.9137907811603215,Neutral,Watch,Risk-On Confirmation,Neutral,0,40,No Shock,64.1,20,20,20,12,59.938095238095244,7.380952380952381,15.714285714285714,4.0,11.428571428571429,0.0,31.4,1.9095238095238116,-16.904761904761905,52,54,25,53.3,54.1,29.5,Elevated,Low,Low,Easy / Supportive,SUPPORTIVE,Low,Low Divergence,Weakening,Elevated,Moderate Complacency,Weak Setup,DE-RISKING,WAIT,-7.497619047619047,Panic / Stabilizing,WATCH FOR RECOVERY,"{'final_decision': 'Neutral', 'environment': 'Mixed / neutral', 'action': 'Neutral positioning', 'buy_trigger': 'Wait for clearer mean-reversion or benign setup', 'risk_off_trigger': 'Shock flag or rising macro/credit stress'}",Neutral,Mixed / neutral,Neutral positioning,0.45,0.25,0.3,Neutral,"{'Macro stress': 20, 'HY spread tightness': 18, 'SP500 near highs': 12}","[('Benign Risk-On', np.float64(41.2)), ('Late-Cycle Melt-Up', np.float64(34.7)), ('Credit Tightening', np.float64(13.9)), ('Inflation / Duration Shock', np.float64(1.7)), ('COVID Crash', 0)]",0.035868201832164104,0.02390982776965589,-0.3500000000000001,-0.17000000000000037,5705.45,5705.45,-0.012906462746862135,-0.012906462746862135,0.016740690824473846,"('High', ['Adequate decision sample size', 'No active shock flag', 'Signals partly aligned', 'Labor warning watch'])",High,"['Adequate decision sample size', 'No active shock flag', 'Signals partly aligned', 'Labor warning watch']"
2024-10-11,4.08,3.95,0.1299999999999999,Normal,4.1,-0.441,-0.3950222222222222,2.98,5815.03,20.46,2.33,0.19999999999999973,0.5699999999999994,0.08000000000000007,-0.16999999999999993,-0.2400000000000002,0.08999999999999986,0.06000000000000005,-0.22999999999999998,0.02859999999999996,4.8100000000000005,1.25,0.011121408711770142,0.03989120093849019,3.7,0.39999999999999947,5815.03,0.0,1.75,-0.27,0.5699999999999994,-0.9513961390672663,Neutral,Watch,Risk-On Confirmation,Neutral,0,40,No Shock,63.7,20,20,20,12,60.30476190476191,7.857142857142857,15.714285714285714,4.571428571428571,12.380952380952381,0.0,30.2,1.9285714285714306,-14.761904761904763,52,54,25,53.3,53.2,29.5,Elevated,Low,Low,Easy / Supportive,SUPPORTIVE,Low,Low Divergence,Weakening,Elevated,Moderate Complacency,Weak Setup,DE-RISKING,WAIT,-6.416666666666666,Panic / Stabilizing,WATCH FOR RECOVERY,"{'final_decision': 'Neutral', 'environment': 'Mixed / neutral', 'action': 'Neutral positioning', 'buy_trigger': 'Wait for clearer mean-reversion or benign setup', 'risk_off_trigger': 'Shock flag or rising macro/credit stress'}",Neutral,Mixed / neutral,Neutral positioning,0.45,0.25,0.3,Neutral,"{'Macro stress': 20, 'HY spread tightness': 18, 'SP500 near highs': 12}","[('Benign Risk-On', np.float64(41.0)), ('Late-Cycle Melt-Up', np.float64(34.1)), ('Credit Tightening', np.float64(14.8)), ('Inflation / Duration Shock', np.float64(3.0)), ('COVID Crash', 0)]",0.03552862152043934,0.002065337582093374,-0.2999999999999998,-0.16999999999999993,5705.45,5705.45,-0.01884427079481965,-0.01884427079481965,0.016587879684197705,"('High', ['Adequate decision sample size', 'No active shock flag', 'Signals partly aligned', 'Labor warning watch'])",High,"['Adequate decision sample size', 'No active shock flag', 'Signals partly aligned', 'Labor warning watch']"
2024-10-15,4.03,3.95,0.08000000000000007,Normal,4.1,-0.441,-0.3957333333333333,2.93,5815.26,20.64,2.28,0.19999999999999973,0.5099999999999998,0.040000000000000036,-0.19999999999999973,-0.27,-0.020000000000000018,0.040000000000000036,-0.23999999999999977,0.028077777777777813,5.640000000000001,-2.0,0.02094825437065717,0.02954110898661577,3.7,0.39999999999999947,5815.26,0.0,1.7500000000000004,-0.23999999999999977,0.5099999999999998,-0.9449406285133934,Neutral,Watch,Risk-On Confirmation,Neutral,0,40,No Shock,64.6,30,30,20,12,60.75714285714285,8.80952380952381,16.19047619047619,5.142857142857143,13.333333333333334,0.0,29.0,2.0,-12.619047619047617,52,54,40,53.3,52.3,31.0,Elevated,Low,Low,Easy / Supportive,SUPPORTIVE,Low,Low Divergence,Weakening,Elevated,Moderate Complacency,Weak Setup,DE-RISKING,WAIT,-5.309523809523808,Panic / Stabilizing,WATCH FOR RECOVERY,"{'final_decision': 'Neutral', 'environment': 'Mixed / neutral', 'action': 'Neutral positioning', 'buy_trigger': 'Wait for clearer mean-reversion or benign setup', 'risk_off_trigger': 'Shock flag or rising macro/credit stress'}",Neutral,Mixed / neutral,Neutral positioning,0.45,0.25,0.3,Neutral,"{'Macro stress': 20, 'HY spread tightness': 18, 'SP500 near highs': 12}","[('Benign Risk-On', np.float64(40.0)), ('Late-Cycle Melt-Up', np.float64(32.8)), ('Credit Tightening', np.float64(16.6)), ('Inflation / Duration Shock', np.float64(4.7)), ('COVID Crash', 0)]",0.03155146975371692,0.0036043100394478333,-0.2400000000000002,-0.08000000000000007,5705.45,5705.45,-0.018883076595027637,-0.018883076595027637,0.014798161389172615,"('High', ['Adequate decision sample size', 'No active shock flag', 'Signals partly aligned', 'Labor warning watch'])",High,"['Adequate decision sample size', 'No active shock flag', 'Signals partly aligned', 'Labor warning watch']"
2024-10-16,4.02,3.93,0.08999999999999941,Normal,4.1,-0.441,-0.39608888888888893,2.9,5842.47,19.58,2.27,0.19999999999999973,0.5299999999999989,0.02999999999999936,-0.41000000000000014,-0.30000000000000027,-0.0900000000000003,0.26000000000000023,-0.6700000000000004,0.02791111111111111,-1.1400000000000006,-1.8400000000000034,0.015882096214135277,0.056708983474198504,3.7,0.39999999999999947,5842.47,0.0,1.7499999999999996,-0.2500000000000009,0.5299999999999989,-0.9378258373667421,Neutral,Watch,Risk-On Confirmation,Neutral,0,65,No Shock,64.4,0,10,20,0,61.18095238095238,8.80952380952381,16.19047619047619,5.142857142857143,14.285714285714286,0.0,33.0,2.076190476190469,-11.666666666666664,75,69,25,55.6,54.6,31.0,Elevated,Low,Low,Easy / Supportive,SUPPORTIVE,Low,Low Divergence,Weakening,Elevated,Moderate Complacency,Weak Setup,DE-RISKING,WAIT,-4.795238095238098,Panic / Stabilizing,WATCH FOR RECOVERY,"{'final_decision': 'Neutral', 'environment': 'Mixed / neutral', 'action': 'Neutral positioning', 'buy_trigger': 'Wait for clearer mean-reversion or benign setup', 'risk_off_trigger': 'Shock flag or rising macro/credit stress'}",Neutral,Mixed / neutral,Neutral positioning,0.45,0.25,0.3,Neutral,"{'Macro stress': 20, 'HY spread tightness': 18, 'HY spread compression': 14, 'SP500 near highs': 12}","[('Benign Risk-On', np.float64(39.2)), ('Late-Cycle Melt-Up', np.float64(33.8)), ('Credit Tightening', np.float64(16.1)), ('Inflation / Duration Shock', np.float64(4.6)), ('COVID Crash', 0)]",0.03250508774542271,7.531061349053125e-05,-0.17999999999999972,-0.10000000000000009,5705.45,5705.45,-0.023452409682891084,-0.023452409682891084,0.01522728948544022,"('High', ['Adequate decision sample size', 'No active shock flag', 'Signals partly aligned', 'Labor warning watch'])",High,"['Adequate decision sample size', 'No active shock flag', 'Signals partly aligned', 'Labor warning watch']"
2024-10-17,4.09,3.96,0.1299999999999999,Normal,4.1,-0.441,-0.39644444444444443,2.89,5841.47,19.11,2.3,0.19999999999999973,0.5700000000000003,0.0600000000000005,-0.45999999999999996,-0.2599999999999998,-0.04999999999999982,0.33000000000000007,-0.79,0.027600000000000013,-2.210000000000001,-1.75,0.008534126145537613,0.05822389933461003,3.7,0.39999999999999947,5842.47,-0.00017116048520571248,1.79,-0.33999999999999986,0.5700000000000003,-0.749790396080904,Neutral,Watch,Risk-On Confirmation,Neutral,0,50,No Shock,63.6,0,10,20,0,61.55238095238095,8.80952380952381,16.19047619047619,5.142857142857143,15.238095238095237,0.0,34.0,2.1666666666666714,-8.333333333333332,68,69,25,57.2,56.9,31.0,Elevated,Low,Low,Easy / Supportive,SUPPORTIVE,Low,Low Divergence,Weakening,Elevated,Moderate Complacency,Weak Setup,DE-RISKING,WAIT,-3.0833333333333304,Panic / Stabilizing,WATCH FOR RECOVERY,"{'final_decision': 'Neutral', 'environment': 'Mixed / neutral', 'action': 'Neutral positioning', 'buy_trigger': 'Wait for clearer mean-reversion or benign setup', 'risk_off_trigger': 'Shock flag or rising macro/credit stress'}",Neutral,Mixed / neutral,Neutral positioning,0.45,0.25,0.3,Neutral,"{'Macro stress': 20, 'HY spread tightness': 18, 'HY spread compression': 14, 'SP500 near highs': 12}","[('Benign Risk-On', np.float64(38.4)), ('Late-Cycle Melt-Up', np.float64(34.8)), ('Credit Tightening', np.float64(15.5)), ('Inflation / Duration Shock', np.float64(4.5)), ('COVID Crash', 0)]",0.03521031521175311,0.018563820408219023,-0.20999999999999996,-0.16999999999999993,5705.45,5705.45,-0.023285234709756297,-0.023285234709756297,0.016444641845288897,"('High', ['Adequate decision sample size', 'No active shock flag', 'Signals partly aligned', 'Labor warning watch'])",High,"['Adequate decision sample size', 'No active shock flag', 'Signals partly aligned', 'Labor warning watch']"
2024-10-18,4.08,3.95,0.1299999999999999,Normal,4.1,-0.445,-0.39692222222222223,2.88,5864.67,18.03,2.31,0.19999999999999973,0.5300000000000002,0.020000000000000018,-0.41000000000000014,-0.27,-0.11000000000000032,0.18999999999999995,-0.6000000000000001,0.027166666666666672,-1.8699999999999974,-2.8999999999999986,0.014640011764604166,0.06564293774223628,3.7,0.39999999999999947,5864.67,0.0,1.77,-0.3899999999999997,0.5300000000000002,-0.8357720268848784,Neutral,Watch,Risk-On Confirmation,Neutral,0,50,No Shock,63.6,0,10,20,0,61.95238095238095,8.80952380952381,16.19047619047619,5.142857142857143,16.19047619047619,0.0,37.5,2.2333333333333343,-5.476190476190476,68,69,25,58.8,59.2,31.0,Elevated,Low,Low,Easy / Supportive,SUPPORTIVE,Low,Low Divergence,Weakening,Elevated,Moderate Complacency,Weak Setup,DE-RISKING,WAIT,-1.621428571428571,Panic / Stabilizing,WATCH FOR RECOVERY,"{'final_decision': 'Neutral', 'environment': 'Mixed / neutral', 'action': 'Neutral positioning', 'buy_trigger': 'Wait for clearer mean-reversion or benign setup', 'risk_off_trigger': 'Shock flag or rising macro/credit stress'}",Neutral,Mixed / neutral,Neutral positioning,0.45,0.25,0.3,Neutral,"{'Macro stress': 20, 'HY spread tightness': 18, 'HY spread compression': 14, 'SP500 near highs': 12}","[('Benign Risk-On', np.float64(37.5)), ('Late-Cycle Melt-Up', np.float64(35.7)), ('Credit Tightening', np.float64(14.9)), ('Inflation / Duration Shock', np.float64(4.4)), ('COVID Crash', 0)]",0.03158063454550719,0.01239114903310834,-0.21999999999999975,-0.1499999999999999,5705.45,5705.45,-0.027149012646917936,-0.027149012646917936,0.014811285545478236,"('High', ['Adequate decision sample size', 'No active shock flag', 'Signals partly aligned', 'Labor warning watch'])",High,"['Adequate decision sample size', 'No active shock flag', 'Signals partly aligned', 'Labor warning watch']"
2024-10-21,4.19,4.02,0.17000000000000082,Normal,4.1,-0.445,-0.3974,2.88,5853.98,18.37,2.31,0.19999999999999973,0.5900000000000007,0.040000000000000924,-0.5100000000000002,-0.31000000000000005,-0.10000000000000009,0.31000000000000005,-0.8200000000000003,0.02673333333333333,-4.009999999999998,-2.09,0.006698159768737222,0.08238265519319876,3.7,0.39999999999999947,5864.67,-0.0018227794573267841,1.8800000000000003,-0.23999999999999932,0.5900000000000007,-0.3224482223311011,Neutral,Watch,Risk-On Confirmation,Neutral,0,50,No Shock,62.7,0,10,20,0,61.87619047619047,8.80952380952381,16.19047619047619,5.142857142857143,16.19047619047619,0.0,38.5,2.233333333333327,-4.285714285714285,68,69,25,59.1,59.2,31.0,Elevated,Low,Low,Easy / Supportive,SUPPORTIVE,Low,Low Divergence,Weakening,Elevated,Moderate Complacency,Weak Setup,DE-RISKING,WAIT,-1.0261904761904788,Panic / Stabilizing,WATCH FOR RECOVERY,"{'final_decision': 'Neutral', 'environment': 'Mixed / neutral', 'action': 'Neutral positioning', 'buy_trigger': 'Wait for clearer mean-reversion or benign setup', 'risk_off_trigger': 'Shock flag or rising macro/credit stress'}",Neutral,Mixed / neutral,Neutral positioning,0.45,0.25,0.3,Neutral,"{'Macro stress': 20, 'HY spread tightness': 18, 'HY spread compression': 14, 'SP500 near highs': 12}","[('Benign Risk-On', np.float64(37.6)), ('Late-Cycle Melt-Up', np.float64(35.8)), ('Credit Tightening', np.float64(14.9)), ('Inflation / Duration Shock', np.float64(4.4)), ('COVID Crash', 0)]",0.03971827713794718,0.024373161507214025,-0.21999999999999975,-0.23999999999999977,5705.45,5705.45,-0.02537248162788386,-0.02537248162788386,0.01847322471207623,"('High', ['Adequate decision sample size', 'No active shock flag', 'Signals partly aligned', 'Labor warning watch'])",High,"['Adequate decision sample size', 'No active shock flag', 'Signals partly aligned', 'Labor warning watch']"
2024-10-22,4.2,4.03,0.16999999999999993,Normal,4.1,-0.445,-0.3978777777777778,2.92,5851.2,18.2,2.33,0.19999999999999973,0.6100000000000003,0.08999999999999986,-0.43999999999999995,-0.16999999999999993,-0.010000000000000231,0.2599999999999998,-0.6999999999999997,0.026299999999999935,-1.25,-2.4400000000000013,0.00618029116496932,0.06948391990568537,3.7,0.39999999999999947,5864.67,-0.0022968044237783314,1.87,-0.2199999999999993,0.6100000000000003,-0.36205807128560563,Neutral,Watch,Risk-On Confirmation,Neutral,0,50,No Shock,62.7,0,10,20,0,61.838095238095235,8.80952380952381,16.19047619047619,5.142857142857143,16.19047619047619,0.0,43.5,2.1904761904761827,-2.6190476190476186,68,69,25,60.7,61.5,29.5,Elevated,Low,Low,Easy / Supportive,SUPPORTIVE,Low,Low Divergence,Healthy,Elevated,Moderate Complacency,Weak Setup,DE-RISKING,WAIT,-0.21428571428571797,Panic / Stabilizing,WATCH FOR RECOVERY,"{'final_decision': 'Neutral', 'environment': 'Mixed / neutral', 'action': 'Neutral positioning', 'buy_trigger': 'Wait for clearer mean-reversion or benign setup', 'risk_off_trigger': 'Shock flag or rising macro/credit stress'}",Neutral,Mixed / neutral,Neutral positioning,0.45,0.25,0.3,Neutral,"{'Macro stress': 20, 'HY spread tightness': 18, 'HY spread compression': 14, 'SP500 near highs': 12}","[('Benign Risk-On', np.float64(37.8)), ('Late-Cycle Melt-Up', np.float64(37.6)), ('Credit Tightening', np.float64(13.5)), ('Inflation / Duration Shock', np.float64(3.3)), ('COVID Crash', 0)]",0.03826736395952968,0.033846048673776385,-0.2599999999999998,-0.31000000000000005,5705.45,5705.45,-0.0249094202898551,-0.0249094202898551,0.017820313781788354,"('High', ['Adequate decision sample size', 'No active shock flag', 'Signals partly aligned', 'Labor warning watch'])",High,"['Adequate decision sample size', 'No active shock flag', 'Signals partly aligned', 'Labor warning watch']"
2024-10-23,4.24,4.07,0.16999999999999993,Normal,4.1,-0.445,-0.3983555555555555,2.95,5797.42,19.24,2.31,0.19999999999999973,0.6099999999999994,0.08000000000000052,-0.5099999999999998,-0.25,0.050000000000000266,0.33000000000000007,-0.8399999999999999,0.025866666666666704,0.16000000000000014,-0.33999999999999986,-0.007710779858518757,0.0549356566803505,3.7,0.39999999999999947,5864.67,-0.011466970861105596,1.9300000000000002,-0.10000000000000009,0.6099999999999994,-0.07020743772603892,Neutral,Watch,Risk-On Confirmation,Neutral,0,40,No Shock,62.7,0,10,20,0,61.8,8.80952380952381,16.19047619047619,5.142857142857143,16.19047619047619,0.0,45.0,2.2095238095238017,-1.9047619047619033,58,61,25,61.3,62.2,28.0,Elevated,Low,Low,Easy / Supportive,SUPPORTIVE,Low,Low Divergence,Healthy,Elevated,Moderate Complacency,Weak Setup,DE-RISKING,WAIT,0.15238095238094918,Deteriorating / Rising Stress,REDUCE RISK,"{'final_decision': 'Neutral', 'environment': 'Mixed / neutral', 'action': 'Neutral positioning', 'buy_trigger': 'Wait for clearer mean-reversion or benign setup', 'risk_off_trigger': 'Shock flag or rising macro/credit stress'}",Neutral,Mixed / neutral,Neutral positioning,0.45,0.25,0.3,Neutral,"{'Macro stress': 20, 'HY spread tightness': 18, 'HY spread compression': 14, 'SP500 near highs': 12}","[('Late-Cycle Melt-Up', np.float64(38.7)), ('Benign Risk-On', np.float64(38.3)), ('Credit Tightening', np.float64(12.8)), ('Inflation / Duration Shock', np.float64(2.9)), ('COVID Crash', 0)]",0.050513849263982946,0.0498411362295641,-0.28000000000000025,-0.3600000000000003,5705.45,5705.45,-0.015863953275767506,-0.015863953275767506,0.023331232168792328,"('High', ['Adequate decision sample size', 'No active shock flag', 'Signals partly aligned', 'Labor warning watch'])",High,"['Adequate decision sample size', 'No active shock flag', 'Signals partly aligned', 'Labor warning watch']"
2024-10-24,4.21,4.07,0.13999999999999968,Normal,4.1,-0.445,-0.39883333333333326,2.93,5809.86,19.08,2.3,0.19999999999999973,0.6099999999999994,0.009999999999999787,-0.5099999999999998,-0.3599999999999999,0.040000000000000036,0.23999999999999977,-0.7499999999999996,0.025277777777777788,1.389999999999997,-0.030000000000001137,-0.005411309139651599,0.04604321468888917,3.7,0.39999999999999947,5864.67,-0.009345794392523477,1.9100000000000001,-0.1200000000000001,0.6099999999999994,-0.1571930605661683,Neutral,Watch,Risk-On Confirmation,Neutral,0,40,No Shock,63.2,0,10,20,0,61.852380952380955,8.80952380952381,16.19047619047619,5.142857142857143,16.19047619047619,0.0,46.5,2.290476190476184,-0.7142857142857135,58,61,25,61.9,62.9,26.5,Elevated,Low,Low,Easy / Supportive,SUPPORTIVE,Low,Low Divergence,Healthy,Elevated,Moderate Complacency,Weak Setup,DE-RISKING,WAIT,0.7880952380952353,Deteriorating / Rising Stress,REDUCE RISK,"{'final_decision': 'Neutral', 'environment': 'Mixed / neutral', 'action': 'Neutral positioning', 'buy_trigger': 'Wait for clearer mean-reversion or benign setup', 'risk_off_trigger': 'Shock flag or rising macro/credit stress'}",Neutral,Mixed / neutral,Neutral positioning,0.45,0.25,0.3,Neutral,"{'Macro stress': 20, 'HY spread tightness': 18, 'HY spread compression': 14, 'SP500 near highs': 12}","[('Late-Cycle Melt-Up', np.float64(39.6)), ('Benign Risk-On', np.float64(38.8)), ('Credit Tightening', np.float64(12.0)), ('Inflation / Duration Shock', np.float64(2.5)), ('COVID Crash', 0)]",0.04182372724988226,0.05315962863132673,-0.26000000000000023,-0.3200000000000003,5705.45,5705.45,-0.01797117314358687,-0.01797117314358687,0.019420677262447016,"('High', ['Adequate decision sample size', 'No active shock flag', 'Signals partly aligned', 'Labor warning watch'])",High,"['Adequate decision sample size', 'No active shock flag', 'Signals partly aligned', 'Labor warning watch']"
2024-10-25,4.25,4.11,0.13999999999999968,Normal,4.1,-0.45,-0.39945555555555556,2.89,5808.12,20.33,2.29,0.19999999999999973,0.6099999999999994,0.009999999999999787,-0.5,-0.36999999999999966,0.010000000000000231,0.14000000000000012,-0.6400000000000001,0.024544444444444424,3.259999999999998,2.299999999999997,-0.00964248627800035,0.03795016226571546,3.7,0.39999999999999947,5864.67,-0.00964248627800035,1.96,-0.10000000000000009,0.6099999999999994,0.09409719065700345,Neutral,Watch,Risk-On Confirmation,Neutral,0,40,No Shock,63.2,20,20,20,2,61.90952380952382,9.761904761904763,16.666666666666668,5.238095238095238,16.19047619047619,0.0,46.5,1.971428571428575,2.3809523809523814,50,61,25,61.7,63.6,26.5,Elevated,Low,Low,Easy / Supportive,SUPPORTIVE,Low,Low Divergence,Healthy,Elevated,Moderate Complacency,Weak Setup,DE-RISKING,WAIT,2.1761904761904782,Deteriorating / Rising Stress,REDUCE RISK,"{'final_decision': 'Neutral', 'environment': 'Mixed / neutral', 'action': 'Neutral positioning', 'buy_trigger': 'Wait for clearer mean-reversion or benign setup', 'risk_off_trigger': 'Shock flag or rising macro/credit stress'}",Neutral,Mixed / neutral,Neutral positioning,0.45,0.25,0.3,Neutral,"{'Macro stress': 20, 'HY spread tightness': 18, 'HY spread compression': 14, 'SP500 near highs': 12}","[('Late-Cycle Melt-Up', np.float64(39.9)), ('Benign Risk-On', np.float64(38.5)), ('Credit Tightening', np.float64(12.4)), ('Inflation / Duration Shock', np.float64(2.6)), ('COVID Crash', 0)]",0.039047058256372,0.050467276846897,-0.2200000000000002,-0.29000000000000004,5705.45,5705.45,-0.01767697637101162,-0.01767697637101162,0.0181711762153674,"('High', ['Adequate decision sample size', 'No active shock flag', 'Signals partly aligned', 'Labor warning watch'])",High,"['Adequate decision sample size', 'No active shock flag', 'Signals partly aligned', 'Labor warning watch']"
2024-10-28,4.28,4.12,0.16000000000000014,Normal,4.1,-0.45,-0.40007777777777775,2.82,5823.52,19.8,2.29,0.19999999999999973,0.6300000000000008,-0.010000000000000675,-0.5500000000000003,-0.4200000000000004,-0.06000000000000005,0.020000000000000018,-0.5700000000000003,0.023811111111111116,3.240000000000002,1.4299999999999997,-0.00520329758557414,0.035104745450602826,3.7,0.39999999999999947,5864.67,-0.007016592578951486,1.9900000000000002,-0.019999999999999574,0.6300000000000008,0.25480367246308633,Neutral,Watch,Risk-On Confirmation,Neutral,0,40,No Shock,62.7,10,20,20,2,61.87619047619047,10.238095238095237,17.142857142857142,5.333333333333333,16.19047619047619,0.0,46.5,1.5714285714285623,2.3809523809523805,50,61,25,61.5,64.3,26.5,Elevated,Low,Low,Easy / Supportive,SUPPORTIVE,Low,Low Divergence,Healthy,Elevated,Moderate Complacency,Weak Setup,DE-RISKING,WAIT,1.9761904761904714,Deteriorating / Rising Stress,REDUCE RISK,"{'final_decision': 'Neutral', 'environment': 'Mixed / neutral', 'action': 'Neutral positioning', 'buy_trigger': 'Wait for clearer mean-reversion or benign setup', 'risk_off_trigger': 'Shock flag or rising macro/credit stress'}",Neutral,Mixed / neutral,Neutral positioning,0.45,0.25,0.3,Neutral,"{'Macro stress': 20, 'HY spread tightness': 18, 'HY spread compression': 14, 'SP500 near highs': 12}","[('Late-Cycle Melt-Up', np.float64(40.2)), ('Benign Risk-On', np.float64(38.3)), ('Credit Tightening', np.float64(12.4)), ('Inflation / Duration Shock', np.float64(2.6)), ('COVID Crash', 0)]",0.044761587493474586,0.03241338571860308,-0.17999999999999972,-0.1599999999999997,5705.45,5705.45,-0.020274679231804926,-0.020274679231804926,0.020742714372063563,"('High', ['Adequate decision sample size', 'No active shock flag', 'Signals partly aligned', 'Labor warning watch'])",High,"['Adequate decision sample size', 'No active shock flag', 'Signals partly aligned', 'Labor warning watch']"
2024-10-29,4.28,4.11,0.16999999999999993,Normal,4.1,-0.45,-0.4007,2.85,5832.92,19.34,2.3,0.19999999999999973,0.6200000000000001,0.0,-0.46999999999999975,-0.3799999999999999,-0.06999999999999984,-0.40000000000000036,-0.0699999999999994,0.02296666666666669,2.1999999999999993,1.1400000000000006,-0.003124145474432516,0.03547431338750129,3.7,0.39999999999999947,5864.67,-0.005413774347064693,1.9800000000000004,-0.019999999999999574,0.6200000000000001,0.21694946916313637,Neutral,Watch,Risk-On Confirmation,Neutral,0,40,No Shock,62.4,10,20,20,0,61.838095238095235,10.714285714285714,17.61904761904762,5.333333333333333,16.19047619047619,0.0,46.5,1.0809523809523824,1.9047619047619033,50,61,25,61.3,65.0,25.0,Elevated,Low,Low,Easy / Supportive,SUPPORTIVE,Low,Low Divergence,Healthy,Elevated,Moderate Complacency,Weak Setup,DE-RISKING,WAIT,1.4928571428571429,Deteriorating / Rising Stress,REDUCE RISK,"{'final_decision': 'Neutral', 'environment': 'Mixed / neutral', 'action': 'Neutral positioning', 'buy_trigger': 'Wait for clearer mean-reversion or benign setup', 'risk_off_trigger': 'Shock flag or rising macro/credit stress'}",Neutral,Mixed / neutral,Neutral positioning,0.45,0.25,0.3,Neutral,"{'Macro stress': 20, 'HY spread tightness': 18, 'HY spread compression': 14, 'SP500 near highs': 12}","[('Late-Cycle Melt-Up', np.float64(41.2)), ('Benign Risk-On', np.float64(38.8)), ('Credit Tightening', np.float64(12.0)), ('Inflation / Duration Shock', np.float64(2.3)), ('COVID Crash', 0)]",0.03743065222907216,0.0402508520603746,-0.18999999999999995,-0.18999999999999995,5705.45,5705.45,-0.021853548480006646,-0.021853548480006646,0.01744379350308247,"('High', ['Adequate decision sample size', 'No active shock flag', 'Signals partly aligned', 'Labor warning watch'])",High,"['Adequate decision sample size', 'No active shock flag', 'Signals partly aligned', 'Labor warning watch']"
2024-10-30,4.29,4.15,0.13999999999999968,Normal,4.1,-0.45,-0.40132222222222225,2.8,5813.67,20.35,2.34,0.19999999999999973,0.5899999999999999,-0.03000000000000025,-0.4500000000000002,-0.41000000000000014,-0.15000000000000036,-0.6800000000000002,0.22999999999999998,0.022055555555555495,2.740000000000002,1.110000000000003,0.0028029709767447564,0.03178409038473151,3.7,0.39999999999999947,5864.67,-0.008696141470875607,1.9500000000000002,-0.06999999999999984,0.5899999999999999,0.07660936203305523,Neutral,Watch,Risk-On Confirmation,Neutral,0,40,No Shock,63.0,35,20,20,0,61.780952380952385,12.380952380952381,18.095238095238095,5.333333333333333,16.19047619047619,0.0,44.0,0.6000000000000085,3.571428571428571,50,61,25,58.8,64.2,25.0,Elevated,Low,Low,Easy / Supportive,SUPPORTIVE,Low,Low Divergence,Healthy,Elevated,Moderate Complacency,Weak Setup,DE-RISKING,WAIT,2.08571428571429,Deteriorating / Rising Stress,REDUCE RISK,"{'final_decision': 'Neutral', 'environment': 'Mixed / neutral', 'action': 'Neutral positioning', 'buy_trigger': 'Wait for clearer mean-reversion or benign setup', 'risk_off_trigger': 'Shock flag or rising macro/credit stress'}",Neutral,Mixed / neutral,Neutral positioning,0.45,0.25,0.3,Neutral,"{'Macro stress': 20, 'HY spread tightness': 18, 'HY spread compression': 14, 'SP500 near highs': 12}","[('Late-Cycle Melt-Up', np.float64(40.8)), ('Benign Risk-On', np.float64(39.0)), ('Credit Tightening', np.float64(13.6)), ('Inflation / Duration Shock', np.float64(3.4)), ('COVID Crash', 0)]",0.04083823127215691,0.0388119724717777,-0.11999999999999966,-0.11999999999999966,5705.45,5705.45,-0.018614747655095742,-0.018614747655095742,0.01897720407247061,"('High', ['Adequate decision sample size', 'No active shock flag', 'Signals partly aligned', 'Labor warning watch'])",High,"['Adequate decision sample size', 'No active shock flag', 'Signals partly aligned', 'Labor warning watch']"
2024-10-31,4.28,4.16,0.1200000000000001,Normal,4.1,-0.45,-0.40194444444444444,2.88,5705.45,23.16,2.33,0.19999999999999973,0.5800000000000001,-0.019999999999999574,-0.33000000000000007,-0.31000000000000005,-0.050000000000000266,-0.45999999999999996,0.1299999999999999,0.02114444444444441,4.93,4.080000000000002,-0.01797117314358687,0.015519039702683646,3.7,0.39999999999999947,5864.67,-0.027149012646917936,1.9500000000000002,-0.07999999999999963,0.5800000000000001,0.08764851941237707,Neutral,Watch,Risk-On Confirmation,Neutral,0,15,No Shock,63.3,20,20,20,2,61.766666666666666,13.095238095238095,18.095238095238095,4.857142857142857,16.19047619047619,0.0,40.5,0.2142857142857153,4.285714285714285,37,46,25,55.7,61.9,25.0,Elevated,Low,Low,Easy / Supportive,SUPPORTIVE,Low,Low Divergence,Healthy,Elevated,Moderate Complacency,Weak Setup,DE-RISKING,WAIT,2.25,Deteriorating / Rising Stress,REDUCE RISK,"{'final_decision': 'Neutral', 'environment': 'Mixed / neutral', 'action': 'Neutral positioning', 'buy_trigger': 'Wait for clearer mean-reversion or benign setup', 'risk_off_trigger': 'Shock flag or rising macro/credit stress'}",Neutral,Mixed / neutral,Neutral positioning,0.45,0.25,0.3,Neutral,"{'Macro stress': 20, 'HY spread tightness': 18, 'HY spread compression': 14}","[('Late-Cycle Melt-Up', np.float64(39.8)), ('Benign Risk-On', np.float64(39.7)), ('Credit Tightening', np.float64(15.1)), ('Inflation / Duration Shock', np.float64(4.8)), ('COVID Crash', 0)]",0.06461015344977183,0.06410011480251354,-0.18999999999999995,-0.20999999999999996,5712.69,5712.69,0.0012689621326975598,0.0012689621326975598,0.029674569052397327,"('High', ['Adequate decision sample size', 'No active shock flag', 'Signals partly aligned', 'Labor warning watch'])",High,"['Adequate decision sample size', 'No active shock flag', 'Signals partly aligned', 'Labor warning watch']"
2024-11-01,4.37,4.21,0.16000000000000014,Normal,4.2,-0.456,-0.40271111111111113,2.83,5728.8,21.88,2.33,0.30000000000000027,0.5800000000000001,0.020000000000000462,-0.27,-0.3599999999999999,-0.06000000000000005,-0.46999999999999975,0.19999999999999973,0.02008888888888888,5.550000000000001,1.5500000000000007,-0.013656742629284513,0.002653299822879873,3.7,0.5,5864.67,-0.023167543953879766,2.04,0.029999999999999805,0.5800000000000001,0.5676626967707328,Neutral,Triggered,Risk-On Confirmation,Neutral,0,0,No Shock,63.4,45,30,20,12,61.780952380952385,15.0,18.571428571428573,4.857142857142857,16.19047619047619,0.0,35.5,-0.17142857142856371,6.19047619047619,32,47,40,52.1,59.7,26.5,Elevated,Low,Low,Easy / Supportive,SUPPORTIVE,Low,Low Divergence,Weakening,Elevated,Moderate Complacency,Weak Setup,DE-RISKING,WAIT,3.009523809523813,Deteriorating / Rising Stress,REDUCE RISK,"{'final_decision': 'Neutral', 'environment': 'Mixed / neutral', 'action': 'Neutral positioning', 'buy_trigger': 'Wait for clearer mean-reversion or benign setup', 'risk_off_trigger': 'Shock flag or rising macro/credit stress'}",Neutral,Mixed / neutral,Neutral positioning,0.45,0.25,0.3,Neutral,"{'Macro stress': 20, 'HY spread tightness': 18}","[('Benign Risk-On', np.float64(39.5)), ('Late-Cycle Melt-Up', np.float64(38.0)), ('Credit Tightening', np.float64(18.0)), ('Inflation / Duration Shock', np.float64(6.7)), ('COVID Crash', 0)]",0.05617406786761614,0.05441453707582733,-0.08000000000000007,-0.1499999999999999,5712.69,5712.69,-0.002812107247591178,-0.002812107247591178,0.025878330540427263,"('Medium', ['Adequate decision sample size', 'No active shock flag', 'Signals partly aligned'])",Medium,"['Adequate decision sample size', 'No active shock flag', 'Signals partly aligned']"
2024-11-04,4.31,4.17,0.13999999999999968,Normal,4.2,-0.456,-0.4034777777777777,2.87,5712.69,21.98,2.28,0.30000000000000027,0.5299999999999994,-0.020000000000000462,-0.2799999999999998,-0.31000000000000005,0.050000000000000266,-0.33000000000000007,0.050000000000000266,0.019033333333333458,5.830000000000002,2.1799999999999997,-0.019031444899305083,0.0017781518794222073,3.7,0.5,5864.67,-0.025914501583209404,2.03,-0.030000000000000693,0.5299999999999994,0.527297263634084,Neutral,Triggered,Risk-On Confirmation,Neutral,0,0,No Shock,63.7,30,30,20,12,61.80000000000001,15.714285714285714,19.047619047619047,4.857142857142857,16.19047619047619,0.0,30.5,-0.07619047619046171,6.904761904761903,32,47,40,48.5,57.5,28.0,Elevated,Low,Low,Easy / Supportive,SUPPORTIVE,Low,Low Divergence,Weakening,Elevated,Moderate Complacency,Weak Setup,DE-RISKING,WAIT,3.414285714285721,Deteriorating / Rising Stress,REDUCE RISK,"{'final_decision': 'Neutral', 'environment': 'Mixed / neutral', 'action': 'Neutral positioning', 'buy_trigger': 'Wait for clearer mean-reversion or benign setup', 'risk_off_trigger': 'Shock flag or rising macro/credit stress'}",Neutral,Mixed / neutral,Neutral positioning,0.45,0.25,0.3,Neutral,"{'Macro stress': 20, 'HY spread tightness': 18}","[('Benign Risk-On', np.float64(39.2)), ('Late-Cycle Melt-Up', np.float64(36.1)), ('Credit Tightening', np.float64(19.9)), ('Inflation / Duration Shock', np.float64(8.0)), ('COVID Crash', 0)]",0.027915045276393435,0.04934277897102768,-0.14000000000000012,-0.14000000000000012,5782.76,5782.76,0.012265675189796932,0.012265675189796932,0.013161770374377046,"('Medium', ['Adequate decision sample size', 'No active shock flag', 'Signals partly aligned'])",Medium,"['Adequate decision sample size', 'No active shock flag', 'Signals partly aligned']"
2024-11-05,4.26,4.19,0.0699999999999994,Normal,4.2,-0.456,-0.4042444444444444,2.86,5782.76,20.49,2.27,0.30000000000000027,0.47999999999999954,-0.10000000000000053,-0.29000000000000004,-0.3500000000000001,0.009999999999999787,-0.3400000000000003,0.050000000000000266,0.017977777777777815,4.599999999999998,1.1499999999999986,-0.008599466476481687,0.011224834180573184,3.7,0.5,5864.67,-0.013966685252537636,1.9899999999999998,-0.04000000000000048,0.47999999999999954,0.32426061490975194,Neutral,Triggered,Risk-On Confirmation,Neutral,0,15,No Shock,55.0,20,20,0,12,61.785714285714285,16.666666666666668,19.523809523809526,5.428571428571429,16.19047619047619,0.0,27.0,-0.05238095238095042,7.857142857142858,45,54,25,46.2,56.0,28.0,Elevated,Low,Low,Easy / Supportive,SUPPORTIVE,Low,Low Divergence,Weakening,Elevated,Moderate Complacency,Weak Setup,DE-RISKING,WAIT,3.9023809523809536,Deteriorating / Rising Stress,REDUCE RISK,"{'final_decision': 'Neutral', 'environment': 'Mixed / neutral', 'action': 'Neutral positioning', 'buy_trigger': 'Wait for clearer mean-reversion or benign setup', 'risk_off_trigger': 'Shock flag or rising macro/credit stress'}",Neutral,Mixed / neutral,Neutral positioning,0.45,0.25,0.3,Neutral,"{'Macro stress': 20, 'HY spread tightness': 18, 'SP500 near highs': 12}","[('Benign Risk-On', np.float64(39.4)), ('Late-Cycle Melt-Up', np.float64(35.3)), ('Credit Tightening', np.float64(21.2)), ('Inflation / Duration Shock', np.float64(9.0)), ('COVID Crash', 0)]",0.014581272610310503,0.04411734189210681,0.050000000000000266,-0.1499999999999999,5867.08,5827.04,0.014581272610310503,0.007657243254086232,0.007161572674639727,"('Medium', ['Adequate decision sample size', 'No active shock flag', 'Signals partly aligned'])",Medium,"['Adequate decision sample size', 'No active shock flag', 'Signals partly aligned']"
2024-11-06,4.42,4.27,0.15000000000000036,Normal,4.2,-0.456,-0.40501111111111104,2.74,5929.04,16.27,2.38,0.30000000000000027,0.5,0.010000000000000675,-0.46999999999999975,-0.43999999999999995,-0.05999999999999961,-0.31000000000000005,-0.1599999999999997,0.016755555555555635,0.879999999999999,-4.080000000000002,0.01984460762306761,0.03420763902576862,3.7,0.5,5929.04,0.0,2.04,-0.04000000000000048,0.5,0.5942075835826814,Neutral,Triggered,Risk-On Confirmation,Neutral,0,67,No Shock,53.3,0,10,0,0,61.68095238095238,15.238095238095237,18.571428571428573,4.857142857142857,16.19047619047619,0.0,29.7,-0.1190476190476204,6.428571428571427,58,75,25,46.2,57.4,28.0,Elevated,Low,Low,Easy / Supportive,SUPPORTIVE,Low,Low Divergence,Weakening,Elevated,Moderate Complacency,Weak Setup,DE-RISKING,WAIT,3.1547619047619033,Deteriorating / Rising Stress,REDUCE RISK,"{'final_decision': 'Neutral', 'environment': 'Mixed / neutral', 'action': 'Neutral positioning', 'buy_trigger': 'Wait for clearer mean-reversion or benign setup', 'risk_off_trigger': 'Shock flag or rising macro/credit stress'}",Neutral,Mixed / neutral,Neutral positioning,0.45,0.25,0.3,Neutral,"{'Macro stress': 20, 'HY spread tightness': 18, 'Low VIX': 15, 'HY spread compression': 14, 'SP500 near highs': 12}","[('Benign Risk-On', np.float64(39.4)), ('Late-Cycle Melt-Up', np.float64(36.2)), ('Credit Tightening', np.float64(19.6)), ('Inflation / Duration Shock', np.float64(7.9)), ('COVID Crash', 0)]",0.0003052770768960933,0.02233751163763431,0.11999999999999966,-0.050000000000000266,5867.08,5827.04,-0.010450258389216427,-0.017203459581989655,0.000737374684603242,"('Medium', ['Adequate decision sample size', 'No active shock flag', 'Signals partly aligned'])",Medium,"['Adequate decision sample size', 'No active shock flag', 'Signals partly aligned']"
2024-11-07,4.31,4.21,0.09999999999999964,Normal,4.2,-0.456,-0.40577777777777774,2.73,5973.1,15.2,2.33,0.0,0.3899999999999988,-0.020000000000000462,-0.45999999999999996,-0.48,-0.1499999999999999,-0.3500000000000001,-0.10999999999999988,0.015533333333333343,-0.21000000000000085,-7.960000000000001,0.04691128657686949,0.04383582710327749,3.7,0.5,5973.1,0.0,1.9799999999999995,-0.18000000000000105,0.3899999999999988,0.28224722038351663,Neutral,Triggered,Risk-On Confirmation,Neutral,0,67,No Shock,29.2,0,10,0,0,60.44761904761905,13.80952380952381,17.61904761904762,4.285714285714286,16.19047619047619,0.0,32.4,-1.404761904761905,5.0,68,83,25,47.2,59.6,28.0,Elevated,Low,Low,Easy / Supportive,SUPPORTIVE,Low,Low Divergence,Weakening,Elevated,Moderate Complacency,Weak Setup,DE-RISKING,WAIT,1.7976190476190474,Deteriorating / Rising Stress,REDUCE RISK,"{'final_decision': 'Neutral', 'environment': 'Mixed / neutral', 'action': 'Neutral positioning', 'buy_trigger': 'Wait for clearer mean-reversion or benign setup', 'risk_off_trigger': 'Shock flag or rising macro/credit stress'}",Neutral,Mixed / neutral,Neutral positioning,0.45,0.25,0.3,Neutral,"{'Macro stress': 20, 'HY spread tightness': 18, 'Low VIX': 15, 'HY spread compression': 14, 'SP500 near highs': 12}","[('Benign Risk-On', np.float64(40.0)), ('Late-Cycle Melt-Up', np.float64(38.3)), ('Credit Tightening', np.float64(17.9)), ('Inflation / Duration Shock', np.float64(6.3)), ('COVID Crash', 0)]",0.00016239473640133895,0.01849458405183224,0.1200000000000001,-0.06999999999999984,5867.08,5827.04,-0.01774957727143367,-0.024452964122482546,0.0006730776313806024,"('Medium', ['Adequate decision sample size', 'No active shock flag', 'Signals partly aligned'])",Medium,"['Adequate decision sample size', 'No active shock flag', 'Signals partly aligned']"
2024-11-08,4.3,4.26,0.040000000000000036,Normal,4.2,-0.463,-0.40667777777777775,2.63,5995.54,14.94,2.35,0.0,0.35000000000000053,-0.1200000000000001,-0.5100000000000002,-0.6000000000000001,-0.20000000000000018,-0.31999999999999984,-0.1900000000000004,0.014177777777777845,-0.4299999999999997,-6.9399999999999995,0.046561234464460144,0.0435428875773014,3.7,0.5,5995.54,0.0,1.9499999999999997,-0.18000000000000016,0.35000000000000053,0.1272884939265366,Neutral,Triggered,Risk-On Confirmation,Neutral,0,75,No Shock,30.3,0,10,0,0,59.27619047619047,12.380952380952381,16.666666666666668,3.7142857142857144,16.19047619047619,0.0,35.9,-2.633333333333347,2.6190476190476186,68,83,25,49.0,61.8,28.0,Elevated,Low,Low,Easy / Supportive,SUPPORTIVE,Low,Low Divergence,Weakening,Elevated,Moderate Complacency,Weak Setup,DE-RISKING,WAIT,-0.007142857142864223,Panic / Stabilizing,WATCH FOR RECOVERY,"{'final_decision': 'Neutral', 'environment': 'Mixed / neutral', 'action': 'Neutral positioning', 'buy_trigger': 'Wait for clearer mean-reversion or benign setup', 'risk_off_trigger': 'Shock flag or rising macro/credit stress'}",Neutral,Mixed / neutral,Neutral positioning,0.45,0.25,0.3,Neutral,"{'Macro stress': 20, 'HY spread tightness': 18, 'Low VIX': 15, 'HY spread compression': 14, 'SP500 near highs': 12}","[('Benign Risk-On', np.float64(40.5)), ('Late-Cycle Melt-Up', np.float64(40.3)), ('Credit Tightening', np.float64(16.1)), ('Inflation / Duration Shock', np.float64(4.6)), ('COVID Crash', 0)]",0.007422183823308615,0.005078775222915777,0.22999999999999998,0.040000000000000036,5867.08,5827.04,-0.0214259266054434,-0.028104224139944067,0.003939982720488877,"('Medium', ['Adequate decision sample size', 'No active shock flag', 'Signals partly aligned'])",Medium,"['Adequate decision sample size', 'No active shock flag', 'Signals partly aligned']"
2024-11-12,4.43,4.34,0.08999999999999986,Normal,4.2,-0.463,-0.40847777777777783,2.61,5983.99,14.71,2.35,0.0,0.4399999999999995,-0.04999999999999982,-0.5300000000000002,-0.6400000000000001,-0.26000000000000023,-0.16999999999999993,-0.3600000000000003,0.011922222222222223,-2.25,-7.27,0.04749076179523137,0.04283944184295696,3.7,0.5,5995.54,-0.0019264319811059805,2.0799999999999996,-0.010000000000000675,0.4399999999999995,0.8285291618452844,Neutral,Triggered,Risk-On Confirmation,Neutral,0,75,No Shock,29.2,0,10,0,0,57.61428571428572,11.428571428571429,16.19047619047619,3.142857142857143,15.238095238095237,0.0,39.4,-4.261904761904752,1.1904761904761916,68,83,25,50.8,64.0,28.0,Elevated,Low,Low,Easy / Supportive,SUPPORTIVE,Low,Low Divergence,Weakening,Elevated,Moderate Complacency,Weak Setup,DE-RISKING,WAIT,-1.5357142857142803,Panic / Stabilizing,WATCH FOR RECOVERY,"{'final_decision': 'Neutral', 'environment': 'Mixed / neutral', 'action': 'Neutral positioning', 'buy_trigger': 'Wait for clearer mean-reversion or benign setup', 'risk_off_trigger': 'Shock flag or rising macro/credit stress'}",Neutral,Mixed / neutral,Neutral positioning,0.45,0.25,0.3,Neutral,"{'Macro stress': 20, 'HY spread tightness': 18, 'Low VIX': 15, 'HY spread compression': 14, 'SP500 near highs': 12}","[('Late-Cycle Melt-Up', np.float64(42.5)), ('Benign Risk-On', np.float64(41.3)), ('Credit Tightening', np.float64(14.3)), ('Inflation / Duration Shock', np.float64(2.4)), ('COVID Crash', 0)]",0.008957234219977073,0.01377843211636387,0.25,0.050000000000000266,5867.08,5827.04,-0.019537131579431044,-0.0262283192318169,0.004630755398989683,"('Medium', ['Adequate decision sample size', 'No active shock flag', 'Signals partly aligned'])",Medium,"['Adequate decision sample size', 'No active shock flag', 'Signals partly aligned']"
2024-11-13,4.44,4.27,0.17000000000000082,Normal,4.2,-0.463,-0.4093777777777778,2.64,5985.38,14.02,2.35,0.0,0.4900000000000002,0.10000000000000142,-0.3899999999999997,-0.6299999999999999,-0.21999999999999975,-0.26000000000000023,-0.12999999999999945,0.00998888888888888,-2.710000000000001,-6.469999999999999,0.035038632071882514,0.03868126223431578,3.7,0.5,5995.54,-0.001694592980782339,2.0900000000000003,0.08999999999999986,0.4900000000000002,0.8920697381362417,Neutral,Triggered,Risk-On Confirmation,Neutral,0,75,No Shock,27.4,0,10,0,0,55.88571428571428,10.476190476190476,15.714285714285714,2.5714285714285716,14.285714285714286,0.0,42.9,-5.952380952380956,-0.23809523809523725,76,91,25,53.4,67.0,28.0,Elevated,Low,Low,Easy / Supportive,SUPPORTIVE,Low,Low Divergence,Healthy,Elevated,Moderate Complacency,Weak Setup,DE-RISKING,WAIT,-3.0952380952380967,Panic / Stabilizing,WATCH FOR RECOVERY,"{'final_decision': 'Neutral', 'environment': 'Mixed / neutral', 'action': 'Neutral positioning', 'buy_trigger': 'Wait for clearer mean-reversion or benign setup', 'risk_off_trigger': 'Shock flag or rising macro/credit stress'}",Neutral,Mixed / neutral,Neutral positioning,0.45,0.25,0.3,Neutral,"{'Macro stress': 20, 'HY spread tightness': 18, 'Low VIX': 15, 'HY spread compression': 14, 'SP500 near highs': 12}","[('Late-Cycle Melt-Up', np.float64(45.1)), ('Benign Risk-On', np.float64(41.8)), ('Credit Tightening', np.float64(12.1)), ('COVID Crash', 0), ('Inflation / Duration Shock', 0)]",-0.002429252612198396,0.013887171741810755,0.19999999999999973,0.020000000000000018,5867.08,5827.04,-0.01976482696169668,-0.02645446070257862,-0.0004931636754892784,"('Medium', ['Adequate decision sample size', 'No active shock flag', 'Signals partly aligned'])",Medium,"['Adequate decision sample size', 'No active shock flag', 'Signals partly aligned']"
2024-11-14,4.43,4.34,0.08999999999999986,Normal,4.2,-0.463,-0.41027777777777774,2.6,5949.17,14.31,2.33,0.0,0.4299999999999997,-0.0600000000000005,-0.46999999999999975,-0.6000000000000001,-0.14000000000000012,-0.14000000000000012,-0.3299999999999996,0.00851111111111108,-4.950000000000001,-1.959999999999999,0.003395153346916313,0.04211429822640689,3.7,0.5,5995.54,-0.007734082334535319,2.0999999999999996,0.08999999999999941,0.4299999999999997,0.9560431620673395,Neutral,Triggered,Risk-On Confirmation,Neutral,0,60,No Shock,28.9,0,10,0,0,54.18571428571429,9.047619047619047,14.761904761904763,2.0,13.333333333333334,0.0,44.9,-7.595238095238095,-3.333333333333334,76,91,25,56.0,70.0,28.0,Elevated,Low,Low,Easy / Supportive,SUPPORTIVE,Low,Low Divergence,Healthy,Elevated,Elevated Complacency,Weak Setup,DE-RISKING,WAIT,-5.464285714285714,Panic / Stabilizing,WATCH FOR RECOVERY,"{'final_decision': 'Hold / Do Not Chase', 'environment': 'Stable but crowded', 'action': 'Hold existing risk, avoid aggressive new risk', 'buy_trigger': 'Wait for better entry after volatility or credit repricing', 'risk_off_trigger': '5D VIX spike or HY widening'}",Hold / Do Not Chase,Stable but crowded,"Hold existing risk, avoid aggressive new risk",0.4,0.25,0.35,Neutral,"{'Macro stress': 20, 'HY spread tightness': 18, 'Low VIX': 15, 'HY spread compression': 14, 'SP500 near highs': 12}","[('Late-Cycle Melt-Up', np.float64(47.4)), ('Benign Risk-On', np.float64(41.9)), ('Credit Tightening', np.float64(9.5)), ('COVID Crash', 0), ('Inflation / Duration Shock', 0)]",-0.007098469198224322,0.01727972137289746,0.33999999999999986,0.04999999999999982,5867.08,5827.04,-0.013798563497092853,-0.020528914117431518,-0.002139387679289729,"('Medium', ['Adequate decision sample size', 'No active shock flag', 'Signals partly aligned'])",Medium,"['Adequate decision sample size', 'No active shock flag', 'Signals partly aligned']"
2024-11-15,4.43,4.31,0.1200000000000001,Normal,4.2,-0.471,-0.4113333333333334,2.72,5870.62,16.14,2.33,0.0,0.4400000000000004,0.020000000000000462,-0.33999999999999986,-0.48999999999999977,-0.009999999999999787,-0.18999999999999995,-0.1499999999999999,0.006877777777777705,-2.759999999999998,0.9400000000000013,-0.017156920192195058,0.028212430423466772,3.7,0.5,5995.54,-0.020835487712532963,2.0999999999999996,0.05999999999999961,0.4400000000000004,0.9680241374950563,Neutral,Triggered,Risk-On Confirmation,Neutral,0,42,No Shock,28.2,0,10,0,0,52.46190476190476,9.047619047619047,14.761904761904763,2.0,12.380952380952381,0.0,47.6,-9.304761904761904,-4.0476190476190474,63,84,25,58.6,73.8,28.0,Elevated,Low,Low,Easy / Supportive,SUPPORTIVE,Low,Low Divergence,Healthy,Elevated,Elevated Complacency,Weak Setup,DE-RISKING,WAIT,-6.676190476190476,Panic / Stabilizing,WATCH FOR RECOVERY,"{'final_decision': 'Hold / Do Not Chase', 'environment': 'Stable but crowded', 'action': 'Hold existing risk, avoid aggressive new risk', 'buy_trigger': 'Wait for better entry after volatility or credit repricing', 'risk_off_trigger': '5D VIX spike or HY widening'}",Hold / Do Not Chase,Stable but crowded,"Hold existing risk, avoid aggressive new risk",0.4,0.25,0.35,Neutral,"{'Elevated complacency': 20, 'Macro stress': 20, 'HY spread tightness': 18, 'Low VIX': 15, 'HY spread compression': 14}","[('Late-Cycle Melt-Up', np.float64(49.9)), ('Benign Risk-On', np.float64(41.5)), ('Credit Tightening', np.float64(7.4)), ('COVID Crash', 0), ('Inflation / Duration Shock', 0)]",0.0018754407541281548,0.04163955425491683,0.19999999999999973,-0.07000000000000028,5867.08,5827.04,-0.0006030027492837098,-0.007423406727057769,0.001450176301651262,"('Medium', ['Adequate decision sample size', 'No active shock flag', 'Signals partly aligned'])",Medium,"['Adequate decision sample size', 'No active shock flag', 'Signals partly aligned']"
2024-11-18,4.42,4.29,0.1299999999999999,Normal,4.2,-0.471,-0.4123888888888888,2.72,5893.62,15.58,2.34,0.0,0.46999999999999975,0.08999999999999986,-0.31999999999999984,-0.44999999999999973,0.0900000000000003,-0.22999999999999998,-0.08999999999999986,0.0052444444444445515,-4.909999999999998,0.6400000000000006,-0.016999302815092543,0.03397930504531632,3.7,0.5,5995.54,-0.016999302815092543,2.08,0.06999999999999984,0.46999999999999975,0.8616333678563195,Neutral,Triggered,Risk-On Confirmation,Neutral,0,42,No Shock,27.8,0,10,0,0,50.75714285714286,9.047619047619047,14.761904761904763,2.0,11.428571428571429,0.0,51.8,-11.023809523809526,-5.9523809523809526,83,100,25,63.7,79.1,26.5,Elevated,Low,Low,Easy / Supportive,SUPPORTIVE,Low,Low Divergence,Healthy,Elevated,Elevated Complacency,Weak Setup,DE-RISKING,WAIT,-8.488095238095239,Panic / Stabilizing,WATCH FOR RECOVERY,"{'final_decision': 'Hold / Do Not Chase', 'environment': 'Stable but crowded', 'action': 'Hold existing risk, avoid aggressive new risk', 'buy_trigger': 'Wait for better entry after volatility or credit repricing', 'risk_off_trigger': '5D VIX spike or HY widening'}",Hold / Do Not Chase,Stable but crowded,"Hold existing risk, avoid aggressive new risk",0.4,0.25,0.35,Neutral,"{'Elevated complacency': 20, 'Macro stress': 20, 'HY spread tightness': 18, 'Low VIX': 15, 'HY spread compression': 14, 'SP500 near highs': 12}","[('Late-Cycle Melt-Up', np.float64(53.4)), ('Benign Risk-On', np.float64(40.6)), ('Credit Tightening', np.float64(3.8)), ('COVID Crash', 0), ('Inflation / Duration Shock', 0)]",-0.004253752362724406,0.037499872743746776,0.1599999999999997,-0.10000000000000009,5867.08,5827.04,-0.004503174619334138,-0.011296961799369454,-0.0010015009450897623,"('Medium', ['Adequate decision sample size', 'No active shock flag', 'Signals partly aligned'])",Medium,"['Adequate decision sample size', 'No active shock flag', 'Signals partly aligned']"
2024-11-19,4.39,4.27,0.1200000000000001,Normal,4.2,-0.471,-0.41344444444444445,2.69,5916.98,16.35,2.34,0.0,0.41999999999999993,0.03000000000000025,-0.20000000000000018,-0.4900000000000002,0.08000000000000007,-0.31999999999999984,0.11999999999999966,0.003611111111111065,-2.8599999999999994,1.6400000000000006,-0.011198213900758591,0.028848544705593948,3.7,0.5,5995.54,-0.013103073284474909,2.05,0.09999999999999964,0.41999999999999993,0.7034516834170332,Neutral,Triggered,Risk-On Confirmation,Neutral,0,42,No Shock,27.9,0,10,0,0,49.05714285714286,9.047619047619047,14.761904761904763,2.0,10.476190476190476,0.0,56.0,-12.742857142857154,-6.666666666666666,70,91,15,67.5,83.5,24.0,Elevated,Low,Low,Easy / Supportive,SUPPORTIVE,Low,Low Divergence,Healthy,Elevated,Elevated Complacency,Weak Setup,NEUTRAL,WAIT,-9.70476190476191,Stable / Neutral,NEUTRAL,"{'final_decision': 'Hold / Do Not Chase', 'environment': 'Stable but crowded', 'action': 'Hold existing risk, avoid aggressive new risk', 'buy_trigger': 'Wait for better entry after volatility or credit repricing', 'risk_off_trigger': '5D VIX spike or HY widening'}",Hold / Do Not Chase,Stable but crowded,"Hold existing risk, avoid aggressive new risk",0.4,0.25,0.35,Neutral,"{'Elevated complacency': 20, 'Macro stress': 20, 'HY spread tightness': 18, 'Low VIX': 15, 'SP500 near highs': 12}","[('Late-Cycle Melt-Up', np.float64(56.8)), ('Benign Risk-On', np.float64(40.1)), ('Credit Tightening', np.float64(0.3)), ('COVID Crash', 0), ('Inflation / Duration Shock', 0)]",0.0043079408752439985,0.03593049156833383,0.1200000000000001,-0.06999999999999984,5867.08,5827.04,-0.008433356205361453,-0.015200321785775794,0.0024231763500975993,"('Medium', ['Adequate decision sample size', 'No active shock flag', 'Signals partly aligned'])",Medium,"['Adequate decision sample size', 'No active shock flag', 'Signals partly aligned']"
2024-11-20,4.41,4.31,0.10000000000000053,Normal,4.2,-0.471,-0.4145,2.67,5917.11,17.16,2.35,0.0,0.370000000000001,-0.07000000000000028,-0.28000000000000025,-0.52,0.029999999999999805,-0.23999999999999977,-0.04000000000000048,0.0018666666666666831,-5.48,3.1400000000000006,-0.011406126260989358,0.038829411826669435,3.7,0.5,5995.54,-0.013081390500271906,2.06,0.12000000000000055,0.370000000000001,0.7635087675484651,Neutral,Triggered,Risk-On Confirmation,Neutral,0,57,No Shock,28.1,0,10,0,0,47.40952380952381,9.047619047619047,14.761904761904763,2.0,9.523809523809524,0.0,60.2,-14.376190476190473,-7.61904761904762,85,98,15,71.5,87.9,23.0,Elevated,Low,Low,Easy / Supportive,SUPPORTIVE,Low,Low Divergence,Healthy,High,Elevated Complacency,Weak Setup,NEUTRAL,WAIT,-10.997619047619047,Stable / Neutral,NEUTRAL,"{'final_decision': 'Hold / Do Not Chase', 'environment': 'Stable but crowded', 'action': 'Hold existing risk, avoid aggressive new risk', 'buy_trigger': 'Wait for better entry after volatility or credit repricing', 'risk_off_trigger': '5D VIX spike or HY widening'}",Hold / Do Not Chase,Stable but crowded,"Hold existing risk, avoid aggressive new risk",0.4,0.25,0.35,Neutral,"{'Elevated complacency': 20, 'Macro stress': 20, 'HY spread tightness': 18, 'High risk appetite': 16, 'Low VIX': 15, 'VIX compression': 12, 'SP500 near highs': 12}","[('Late-Cycle Melt-Up', np.float64(58.8)), ('Benign Risk-On', np.float64(38.6)), ('COVID Crash', 0), ('Inflation / Duration Shock', 0), ('Credit Tightening', 0)]",0.009847712819264887,0.03837008269239539,0.08999999999999986,0.010000000000000231,5867.08,5827.04,-0.008455141107736708,-0.015221958016666925,0.004639085127705955,"('Medium', ['Adequate decision sample size', 'No active shock flag', 'Signals partly aligned'])",Medium,"['Adequate decision sample size', 'No active shock flag', 'Signals partly aligned']"
2024-11-21,4.43,4.34,0.08999999999999986,Normal,4.2,-0.471,-0.41555555555555557,2.61,5948.71,16.87,2.34,0.0,0.2999999999999998,0.0,-0.38000000000000034,-0.52,0.009999999999999787,-0.1599999999999997,-0.22000000000000064,0.00012222222222224577,-4.550000000000001,2.5600000000000005,-7.732171042351688e-05,0.034354987628518296,3.7,0.5,5995.54,-0.0078108060324841855,2.09,0.12999999999999945,0.2999999999999998,0.9328206571388771,Neutral,Triggered,Risk-On Confirmation,Neutral,0,52,No Shock,28.2,0,10,0,0,45.766666666666666,9.047619047619047,14.761904761904763,2.0,8.571428571428571,0.0,58.7,-15.914285714285711,-6.19047619047619,83,100,15,74.0,90.4,22.0,Elevated,Low,Low,Easy / Supportive,SUPPORTIVE,Low,Low Divergence,Healthy,High,Extreme Complacency,Weak Setup,NEUTRAL,WAIT,-11.05238095238095,Stable / Neutral,NEUTRAL,"{'final_decision': 'Avoid Chasing Risk', 'environment': 'Stable but extremely crowded', 'action': 'Reduce new exposure / avoid chasing risk', 'buy_trigger': 'Wait for VIX spike, HY widening, or SP500 drawdown > 5%', 'risk_off_trigger': 'HY spread widening + VIX rising'}",Avoid Chasing Risk,Stable but extremely crowded,Reduce new exposure / avoid chasing risk,0.3,0.2,0.5,Neutral / Defensive,"{'Elevated complacency': 20, 'Macro stress': 20, 'HY spread tightness': 18, 'High risk appetite': 16, 'Low VIX': 15, 'HY spread compression': 14, 'SP500 near highs': 12}","[('Late-Cycle Melt-Up', np.float64(60.5)), ('Benign Risk-On', np.float64(38.1)), ('COVID Crash', 0), ('Inflation / Duration Shock', 0), ('Credit Tightening', 0)]",-0.00667035374055891,0.028377581021767906,0.18000000000000016,0.050000000000000266,5867.08,5827.04,-0.013722302818594323,-0.020453173881396114,-0.001001106122167673,"('Medium', ['Limited decision sample size', 'No active shock flag', 'Signals partly aligned'])",Medium,"['Limited decision sample size', 'No active shock flag', 'Signals partly aligned']"
2024-11-22,4.41,4.37,0.040000000000000036,Normal,4.2,-0.476,-0.41672222222222227,2.61,5969.34,15.24,2.34,0.0,0.2999999999999998,-0.08000000000000007,-0.33000000000000007,-0.4700000000000002,-0.11000000000000032,-0.22999999999999998,-0.10000000000000009,-0.00173333333333342,-5.619999999999999,-0.9000000000000004,0.01681594107607043,0.030610976443532945,3.7,0.5,5995.54,-0.004369914970127731,2.0700000000000003,0.16000000000000014,0.2999999999999998,0.8238360465462359,Neutral,Triggered,Risk-On Confirmation,Neutral,0,82,No Shock,29.2,0,0,0,0,44.17142857142857,9.047619047619047,14.285714285714286,2.0,7.619047619047619,0.0,60.2,-16.27619047619048,-4.761904761904763,98,100,15,77.0,92.1,21.0,Elevated,Low,Low,Easy / Supportive,SUPPORTIVE,Low,Low Divergence,Healthy,High,Extreme Complacency,Weak Setup,NEUTRAL,WAIT,-10.51904761904762,Stable / Neutral,NEUTRAL,"{'final_decision': 'Avoid Chasing Risk', 'environment': 'Stable but extremely crowded', 'action': 'Reduce new exposure / avoid chasing risk', 'buy_trigger': 'Wait for VIX spike, HY widening, or SP500 drawdown > 5%', 'risk_off_trigger': 'HY spread widening + VIX rising'}",Avoid Chasing Risk,Stable but extremely crowded,Reduce new exposure / avoid chasing risk,0.3,0.2,0.5,Neutral / Defensive,"{'Elevated complacency': 20, 'Macro stress': 20, 'HY spread tightness': 18, 'High risk appetite': 16, 'Low VIX': 15, 'HY spread compression': 14, 'VIX compression': 12, 'SP500 near highs': 12}","[('Late-Cycle Melt-Up', np.float64(61.9)), ('Benign Risk-On', np.float64(38.1)), ('COVID Crash', 0), ('Inflation / Duration Shock', 0), ('Credit Tightening', 0)]",-0.008558735136547813,0.007335819370315688,0.22999999999999998,0.16999999999999993,5867.08,5827.04,-0.017130872089711757,-0.02383848130614108,-0.0015676205409643437,"('Medium', ['Limited decision sample size', 'No active shock flag', 'Signals partly aligned'])",Medium,"['Limited decision sample size', 'No active shock flag', 'Signals partly aligned']"
2024-11-25,4.27,4.21,0.05999999999999961,Normal,4.2,-0.476,-0.41788888888888887,2.64,5987.37,14.6,2.29,0.0,0.3199999999999994,-0.07000000000000028,-0.3500000000000001,-0.44999999999999973,-0.08000000000000007,-0.19999999999999973,-0.15000000000000036,-0.0035888888888888637,-6.33,-0.9800000000000004,0.015907031671536398,0.035868201832164104,3.7,0.5,5995.54,-0.0013626795918298962,1.9799999999999995,0.07999999999999918,0.3199999999999994,0.3290316013079125,Neutral,Triggered,Risk-On Confirmation,Neutral,0,90,No Shock,28.8,0,0,0,0,42.53333333333333,9.047619047619047,13.80952380952381,2.0,6.666666666666667,0.0,61.7,-16.74285714285714,-3.333333333333334,98,100,15,80.0,93.8,20.0,Elevated,Low,Low,Easy / Supportive,SUPPORTIVE,Low,Low Divergence,Healthy,High,Extreme Complacency,Weak Setup,NEUTRAL,WAIT,-10.038095238095238,Stable / Neutral,NEUTRAL,"{'final_decision': 'Avoid Chasing Risk', 'environment': 'Stable but extremely crowded', 'action': 'Reduce new exposure / avoid chasing risk', 'buy_trigger': 'Wait for VIX spike, HY widening, or SP500 drawdown > 5%', 'risk_off_trigger': 'HY spread widening + VIX rising'}",Avoid Chasing Risk,Stable but extremely crowded,Reduce new exposure / avoid chasing risk,0.3,0.2,0.5,Neutral / Defensive,"{'Elevated complacency': 20, 'Macro stress': 20, 'HY spread tightness': 18, 'High risk appetite': 16, 'Low VIX': 15, 'HY spread compression': 14, 'VIX compression': 12, 'SP500 near highs': 12}","[('Late-Cycle Melt-Up', np.float64(63.2)), ('Benign Risk-On', np.float64(37.9)), ('COVID Crash', 0), ('Inflation / Duration Shock', 0), ('Credit Tightening', 0)]",-0.011544300753085213,-0.0006881151490554238,0.17999999999999972,0.13999999999999968,5867.08,5827.04,-0.02009062409705764,-0.026778034429139952,-0.0024632902259255638,"('Medium', ['Limited decision sample size', 'No active shock flag', 'Signals partly aligned'])",Medium,"['Limited decision sample size', 'No active shock flag', 'Signals partly aligned']"
2024-11-26,4.3,4.21,0.08999999999999986,Normal,4.2,-0.476,-0.4190555555555555,2.68,6021.63,14.1,2.28,0.0,0.34999999999999964,-0.03000000000000025,-0.2999999999999998,-0.4099999999999997,-0.009999999999999787,-0.16999999999999993,-0.1299999999999999,-0.005444444444444363,-6.360000000000001,-2.2500000000000018,0.01768638731244665,0.03552862152043934,3.7,0.5,6021.63,0.0,2.02,0.1299999999999999,0.34999999999999964,0.556654527068502,Neutral,Triggered,Risk-On Confirmation,Neutral,0,90,No Shock,28.2,0,0,0,0,40.86666666666667,8.095238095238095,12.857142857142858,1.9047619047619047,5.714285714285714,0.0,63.2,-16.747619047619054,-3.333333333333334,85,98,15,81.7,95.3,19.0,Elevated,Low,Low,Easy / Supportive,SUPPORTIVE,Low,Low Divergence,Healthy,High,Extreme Complacency,No Setup,NEUTRAL,NO TRADE,-10.040476190476195,Stable / Neutral,NEUTRAL,"{'final_decision': 'Avoid Chasing Risk', 'environment': 'Stable but extremely crowded', 'action': 'Reduce new exposure / avoid chasing risk', 'buy_trigger': 'Wait for VIX spike, HY widening, or SP500 drawdown > 5%', 'risk_off_trigger': 'HY spread widening + VIX rising'}",Avoid Chasing Risk,Stable but extremely crowded,Reduce new exposure / avoid chasing risk,0.3,0.2,0.5,Neutral / Defensive,"{'Elevated complacency': 20, 'Macro stress': 20, 'HY spread tightness': 18, 'High risk appetite': 16, 'Low VIX': 15, 'VIX compression': 12, 'SP500 near highs': 12}","[('Late-Cycle Melt-Up', np.float64(64.4)), ('Benign Risk-On', np.float64(37.8)), ('COVID Crash', 0), ('Inflation / Duration Shock', 0), ('Credit Tightening', 0)]",-0.032315170477096755,-0.011023593279560484,0.1299999999999999,0.1599999999999997,5827.04,5827.04,-0.032315170477096755,-0.032315170477096755,-0.008694551143129028,"('Medium', ['Limited decision sample size', 'No active shock flag', 'Signals mostly aligned'])",Medium,"['Limited decision sample size', 'No active shock flag', 'Signals mostly aligned']"
2024-11-27,4.25,4.19,0.05999999999999961,Normal,4.2,-0.476,-0.4202222222222222,2.69,5998.74,14.1,2.26,0.0,0.2999999999999998,-0.040000000000000924,-0.2400000000000002,-0.3999999999999999,0.020000000000000018,-0.19999999999999973,-0.04000000000000048,-0.007377777777777761,-6.540000000000001,-3.0600000000000005,0.013795586020878492,0.03155146975371692,3.7,0.5,6021.63,-0.0038012963267421984,1.9900000000000002,0.06000000000000005,0.2999999999999998,0.395827680835646,Neutral,Triggered,Risk-On Confirmation,Neutral,0,75,No Shock,28.8,0,0,0,0,39.25238095238095,7.619047619047619,11.904761904761905,1.8095238095238095,4.761904761904762,0.0,63.2,-16.633333333333326,-2.8571428571428577,85,98,0,82.6,96.0,16.5,Moderate,Low,Low,Easy / Supportive,SUPPORTIVE,Low,Low Divergence,Healthy,High,Extreme Complacency,No Setup,NEUTRAL,NO TRADE,-9.745238095238092,Stable / Neutral,NEUTRAL,"{'final_decision': 'Avoid Chasing Risk', 'environment': 'Stable but extremely crowded', 'action': 'Reduce new exposure / avoid chasing risk', 'buy_trigger': 'Wait for VIX spike, HY widening, or SP500 drawdown > 5%', 'risk_off_trigger': 'HY spread widening + VIX rising'}",Avoid Chasing Risk,Stable but extremely crowded,Reduce new exposure / avoid chasing risk,0.3,0.2,0.5,Neutral / Defensive,"{'Elevated complacency': 20, 'HY spread tightness': 18, 'High risk appetite': 16, 'Low VIX': 15, 'VIX compression': 12, 'SP500 near highs': 12}","[('Late-Cycle Melt-Up', np.float64(66.3)), ('Benign Risk-On', np.float64(38.7)), ('COVID Crash', 0), ('Inflation / Duration Shock', 0), ('Credit Tightening', 0)]",-0.02709235606143945,-0.007114827447097127,0.16000000000000014,0.1200000000000001,5827.04,5827.04,-0.028622677428926657,-0.028622677428926657,-0.007127706818431835,"('Medium', ['Limited decision sample size', 'No active shock flag', 'Signals mostly aligned'])",Medium,"['Limited decision sample size', 'No active shock flag', 'Signals mostly aligned']"
2024-11-29,4.18,4.13,0.04999999999999982,Normal,4.2,-0.479,-0.42262222222222223,2.72,6032.38,13.51,2.26,0.0,0.29000000000000004,-0.040000000000000036,-0.17999999999999972,-0.3299999999999996,0.11000000000000032,-0.41000000000000014,0.23000000000000043,-0.010544444444444523,-6.0699999999999985,-3.360000000000001,0.014065234311304575,0.03250508774542271,3.7,0.5,6032.38,0.0,1.92,-0.040000000000000036,0.29000000000000004,0.008505771290748662,Neutral,Triggered,Risk-On Confirmation,Neutral,0,75,No Shock,29.0,15,0,0,0,37.66190476190476,7.857142857142857,10.952380952380953,1.8095238095238095,3.8095238095238093,0.0,64.7,-16.523809523809533,-1.1904761904761907,85,100,0,83.5,96.9,14.0,Moderate,Low,Low,Easy / Supportive,SUPPORTIVE,Low,Low Divergence,Healthy,High,Extreme Complacency,No Setup,NEUTRAL,NO TRADE,-8.857142857142861,Stable / Neutral,NEUTRAL,"{'final_decision': 'Avoid Chasing Risk', 'environment': 'Stable but extremely crowded', 'action': 'Reduce new exposure / avoid chasing risk', 'buy_trigger': 'Wait for VIX spike, HY widening, or SP500 drawdown > 5%', 'risk_off_trigger': 'HY spread widening + VIX rising'}",Avoid Chasing Risk,Stable but extremely crowded,Reduce new exposure / avoid chasing risk,0.3,0.2,0.5,Neutral / Defensive,"{'Elevated complacency': 20, 'HY spread tightness': 18, 'High risk appetite': 16, 'Low VIX': 15, 'VIX compression': 12, 'SP500 near highs': 12}","[('Late-Cycle Melt-Up', np.float64(68.0)), ('Benign Risk-On', np.float64(39.2)), ('COVID Crash', 0), ('Inflation / Duration Shock', 0), ('Credit Tightening', 0)]",-0.031408830345568406,-0.028315523889410166,0.07999999999999963,0.08999999999999986,5827.04,5827.04,-0.03403963278175448,-0.03403963278175448,-0.008422649103670521,"('Medium', ['Limited decision sample size', 'No active shock flag', 'Signals mostly aligned'])",Medium,"['Limited decision sample size', 'No active shock flag', 'Signals mostly aligned']"
2024-12-02,4.19,4.17,0.020000000000000462,Normal,4.2,-0.479,-0.4238555555555556,2.68,6047.15,13.34,2.26,0.0,0.17000000000000082,-0.019999999999999574,-0.20999999999999996,-0.33999999999999986,0.07000000000000028,-0.45999999999999996,0.25,-0.01254444444444447,-5.77,-1.9000000000000004,0.013034941886372664,0.03521031521175311,3.7,0.5,6047.15,0.0,1.9300000000000006,-0.02999999999999936,0.17000000000000082,0.06934409298542006,Neutral,Triggered,Risk-On Confirmation,Neutral,0,75,No Shock,29.6,15,0,0,0,36.07142857142857,6.904761904761905,10.0,1.8095238095238095,2.857142857142857,0.0,68.0,-16.390476190476193,-2.1428571428571423,85,100,0,85.7,98.5,11.5,Moderate,Low,Low,Easy / Supportive,SUPPORTIVE,Low,Low Divergence,Healthy,High,Extreme Complacency,No Setup,NEUTRAL,NO TRADE,-9.266666666666667,Stable / Neutral,NEUTRAL,"{'final_decision': 'Avoid Chasing Risk', 'environment': 'Stable but extremely crowded', 'action': 'Reduce new exposure / avoid chasing risk', 'buy_trigger': 'Wait for VIX spike, HY widening, or SP500 drawdown > 5%', 'risk_off_trigger': 'HY spread widening + VIX rising'}",Avoid Chasing Risk,Stable but extremely crowded,Reduce new exposure / avoid chasing risk,0.3,0.2,0.5,Neutral / Defensive,"{'Elevated complacency': 20, 'HY spread tightness': 18, 'High risk appetite': 16, 'Low VIX': 15, 'VIX compression': 12, 'SP500 near highs': 12}","[('Late-Cycle Melt-Up', np.float64(69.1)), ('Benign Risk-On', np.float64(38.9)), ('COVID Crash', 0), ('Inflation / Duration Shock', 0), ('Credit Tightening', 0)]",-0.016080302291161863,-0.015321267043152509,0.040000000000000036,0.18999999999999995,5827.04,5827.04,-0.03639896480160065,-0.03639896480160065,-0.0038240906873485588,"('Medium', ['Limited decision sample size', 'No active shock flag', 'Signals mostly aligned'])",Medium,"['Limited decision sample size', 'No active shock flag', 'Signals mostly aligned']"
2024-12-03,4.23,4.17,0.0600000000000005,Normal,4.2,-0.479,-0.4250888888888889,2.66,6049.88,13.3,2.28,0.0,0.15000000000000036,8.881784197001252e-16,-0.21999999999999975,-0.43999999999999995,0.020000000000000018,-0.41000000000000014,0.1900000000000004,-0.014544444444444471,-4.73,-1.299999999999999,0.010440310186275559,0.03158063454550719,3.7,0.5,6049.88,0.0,1.9500000000000006,-0.04999999999999982,0.15000000000000036,0.18514472956750982,Neutral,Triggered,Risk-On Confirmation,Neutral,0,60,No Shock,28.8,15,0,0,0,34.42857142857143,6.666666666666667,9.047619047619047,1.7142857142857142,1.9047619047619047,0.0,69.8,-16.32857142857143,-2.3809523809523805,70,96,0,84.4,98.1,9.0,Moderate,Low,Low,Easy / Supportive,SUPPORTIVE,Low,Low Divergence,Healthy,High,Extreme Complacency,No Setup,NEUTRAL,NO TRADE,-9.354761904761904,Stable / Neutral,NEUTRAL,"{'final_decision': 'Avoid Chasing Risk', 'environment': 'Stable but extremely crowded', 'action': 'Reduce new exposure / avoid chasing risk', 'buy_trigger': 'Wait for VIX spike, HY widening, or SP500 drawdown > 5%', 'risk_off_trigger': 'HY spread widening + VIX rising'}",Avoid Chasing Risk,Stable but extremely crowded,Reduce new exposure / avoid chasing risk,0.3,0.2,0.5,Neutral / Defensive,"{'Elevated complacency': 20, 'HY spread tightness': 18, 'High risk appetite': 16, 'Low VIX': 15, 'SP500 near highs': 12}","[('Late-Cycle Melt-Up', np.float64(70.6)), ('Benign Risk-On', np.float64(40.2)), ('COVID Crash', 0), ('Inflation / Duration Shock', 0), ('Credit Tightening', 0)]",-0.018602021858284745,-0.03308495375114873,0.06999999999999984,0.2799999999999998,5827.04,5827.04,-0.036833788438778936,-0.036833788438778936,-0.004580606557485423,"('Medium', ['Limited decision sample size', 'No active shock flag', 'Signals mostly aligned'])",Medium,"['Limited decision sample size', 'No active shock flag', 'Signals mostly aligned']"
2024-12-04,4.19,4.13,0.0600000000000005,Normal,4.2,-0.479,-0.4263222222222222,2.66,6086.49,13.45,2.29,0.0,0.20000000000000107,-0.02999999999999936,-0.21999999999999975,-0.41999999999999993,-0.020000000000000018,-0.5100000000000002,0.2900000000000005,-0.016544444444444417,-4.920000000000002,-0.6500000000000004,0.010771169932393576,0.03971827713794718,3.7,0.5,6086.49,0.0,1.9000000000000004,-0.08999999999999941,0.20000000000000107,-0.09286655448590239,Neutral,Triggered,Risk-On Confirmation,Neutral,0,60,No Shock,28.8,15,0,0,0,32.78095238095238,5.238095238095238,7.619047619047619,1.1428571428571428,0.9523809523809523,0.0,71.6,-16.27619047619048,-3.8095238095238093,70,100,0,84.4,99.0,7.5,Moderate,Low,Low,Easy / Supportive,SUPPORTIVE,Low,Low Divergence,Strong / Extended,High,Extreme Complacency,No Setup,NEUTRAL,NO TRADE,-10.042857142857144,Stable / Neutral,NEUTRAL,"{'final_decision': 'Avoid Chasing Risk', 'environment': 'Stable but extremely crowded', 'action': 'Reduce new exposure / avoid chasing risk', 'buy_trigger': 'Wait for VIX spike, HY widening, or SP500 drawdown > 5%', 'risk_off_trigger': 'HY spread widening + VIX rising'}",Avoid Chasing Risk,Stable but extremely crowded,Reduce new exposure / avoid chasing risk,0.3,0.2,0.5,Neutral / Defensive,"{'Elevated complacency': 20, 'HY spread tightness': 18, 'High risk appetite': 16, 'Low VIX': 15, 'SP500 near highs': 12}","[('Late-Cycle Melt-Up', np.float64(71.0)), ('Benign Risk-On', np.float64(40.0)), ('COVID Crash', 0), ('Inflation / Duration Shock', 0), ('Credit Tightening', 0)]",-0.014758916879843653,-0.050659739850061336,-0.020000000000000018,0.33000000000000007,5827.04,5778.15,-0.04262719564149453,-0.050659739850061336,-0.003427675063953096,"('Medium', ['Limited decision sample size', 'No active shock flag', 'Signals mostly aligned'])",Medium,"['Limited decision sample size', 'No active shock flag', 'Signals mostly aligned']"
2024-12-05,4.17,4.15,0.019999999999999574,Normal,4.2,-0.479,-0.4275555555555555,2.66,6075.11,13.54,2.25,0.0,0.17999999999999972,-0.040000000000000036,-0.2599999999999998,-0.43999999999999995,-0.029999999999999805,-0.43999999999999995,0.18000000000000016,-0.018555555555555492,-4.66,-0.5600000000000005,0.012731006844770798,0.03826736395952968,3.7,0.5,6086.49,-0.0018697147288503357,1.92,-0.010000000000000231,0.17999999999999972,0.02255058753361362,Neutral,Triggered,Risk-On Confirmation,Neutral,0,60,No Shock,29.6,15,0,0,0,31.157142857142862,4.523809523809524,6.190476190476191,0.5714285714285714,0.0,0.0,71.9,-16.25238095238095,-4.523809523809524,70,100,0,82.9,99.2,6.0,Moderate,Low,Low,Easy / Supportive,SUPPORTIVE,Low,Low Divergence,Strong / Extended,High,Extreme Complacency,No Setup,NEUTRAL,NO TRADE,-10.388095238095236,Stable / Neutral,NEUTRAL,"{'final_decision': 'Avoid Chasing Risk', 'environment': 'Stable but extremely crowded', 'action': 'Reduce new exposure / avoid chasing risk', 'buy_trigger': 'Wait for VIX spike, HY widening, or SP500 drawdown > 5%', 'risk_off_trigger': 'HY spread widening + VIX rising'}",Avoid Chasing Risk,Stable but extremely crowded,Reduce new exposure / avoid chasing risk,0.3,0.2,0.5,Neutral / Defensive,"{'Elevated complacency': 20, 'HY spread tightness': 18, 'High risk appetite': 16, 'Low VIX': 15, 'SP500 near highs': 12}","[('Late-Cycle Melt-Up', np.float64(71.5)), ('Benign Risk-On', np.float64(40.4)), ('COVID Crash', 0), ('Inflation / Duration Shock', 0), ('Credit Tightening', 0)]",-0.004258359107900955,-0.03826761984556648,-0.050000000000000266,0.21999999999999975,5827.04,5778.15,-0.040833828523269444,-0.04888141943108848,-0.00027750773237028657,"('Medium', ['Limited decision sample size', 'No active shock flag', 'Signals mostly aligned'])",Medium,"['Limited decision sample size', 'No active shock flag', 'Signals mostly aligned']"
2024-12-06,4.15,4.1,0.05000000000000071,Normal,4.2,-0.481,-0.42883333333333334,2.67,6090.27,12.77,2.24,0.0,0.2400000000000011,8.881784197001252e-16,-0.28000000000000025,-0.45999999999999996,-0.050000000000000266,-0.5099999999999998,0.22999999999999954,-0.02061111111111119,-6.469999999999999,-0.7400000000000002,0.009596543984298211,0.050513849263982946,3.7,0.5,6090.27,0.0,1.9100000000000001,-0.009999999999999787,0.2400000000000011,-0.03071580606705012,Neutral,Triggered,Risk-On Confirmation,Neutral,0,85,No Shock,29.0,15,0,0,0,29.91904761904762,4.285714285714286,5.238095238095238,0.0,0.0,0.0,75.2,-15.847619047619045,-4.761904761904762,85,100,0,83.1,99.2,4.5,Moderate,Low,Low,Easy / Supportive,SUPPORTIVE,Low,Low Divergence,Strong / Extended,High,Extreme Complacency,No Setup,RISK ON,NO TRADE,-10.304761904761904,Complacency / Late Cycle,REDUCE RISK,"{'final_decision': 'Avoid Chasing Risk', 'environment': 'Stable but extremely crowded', 'action': 'Reduce new exposure / avoid chasing risk', 'buy_trigger': 'Wait for VIX spike, HY widening, or SP500 drawdown > 5%', 'risk_off_trigger': 'HY spread widening + VIX rising'}",Avoid Chasing Risk,Stable but extremely crowded,Reduce new exposure / avoid chasing risk,0.3,0.2,0.5,Neutral / Defensive,"{'Elevated complacency': 20, 'HY spread tightness': 18, 'High risk appetite': 16, 'Low VIX': 15, 'VIX compression': 12, 'SP500 near highs': 12}","[('Late-Cycle Melt-Up', np.float64(72.4)), ('Benign Risk-On', np.float64(40.9)), ('COVID Crash', 0), ('Inflation / Duration Shock', 0), ('Credit Tightening', 0)]",-0.0006403656980725758,-0.0577560600761543,-0.08000000000000007,0.3200000000000003,5827.04,5738.52,-0.04322140069323699,-0.0577560600761543,0.0008078902905782273,"('Medium', ['Limited decision sample size', 'No active shock flag', 'Signals mostly aligned'])",Medium,"['Limited decision sample size', 'No active shock flag', 'Signals mostly aligned']"
2024-12-09,4.2,4.13,0.07000000000000028,Normal,4.2,-0.481,-0.4301111111111111,2.67,6052.85,14.19,2.27,0.0,0.2699999999999996,0.04999999999999982,-0.26000000000000023,-0.5300000000000002,-0.010000000000000231,-0.5099999999999998,0.24999999999999956,-0.02266666666666667,-4.889999999999999,0.8499999999999996,0.0009425927916457688,0.04182372724988226,3.7,0.5,6090.27,-0.006144226774839168,1.9300000000000002,0.029999999999999805,0.2699999999999996,0.0849682227990154,Neutral,Triggered,Risk-On Confirmation,Neutral,0,60,No Shock,28.6,15,0,0,0,28.74285714285714,5.0,4.761904761904762,0.0,0.0,0.0,73.0,-15.42857142857143,-4.0476190476190474,70,100,0,80.3,99.2,3.0,Moderate,Low,Low,Easy / Supportive,SUPPORTIVE,Low,Low Divergence,Strong / Extended,High,Extreme Complacency,No Setup,RISK ON,NO TRADE,-9.738095238095239,Complacency / Late Cycle,REDUCE RISK,"{'final_decision': 'Avoid Chasing Risk', 'environment': 'Stable but extremely crowded', 'action': 'Reduce new exposure / avoid chasing risk', 'buy_trigger': 'Wait for VIX spike, HY widening, or SP500 drawdown > 5%', 'risk_off_trigger': 'HY spread widening + VIX rising'}",Avoid Chasing Risk,Stable but extremely crowded,Reduce new exposure / avoid chasing risk,0.3,0.2,0.5,Neutral / Defensive,"{'Elevated complacency': 20, 'HY spread tightness': 18, 'High risk appetite': 16, 'Low VIX': 15, 'SP500 near highs': 12}","[('Late-Cycle Melt-Up', np.float64(73.4)), ('Benign Risk-On', np.float64(41.5)), ('COVID Crash', 0), ('Inflation / Duration Shock', 0), ('Credit Tightening', 0)]",0.010880824735455041,-0.0466970104991864,-0.06000000000000005,0.30000000000000027,5827.04,5738.52,-0.03730639285625781,-0.05193090858025562,0.004264247420636512,"('Medium', ['Limited decision sample size', 'No active shock flag', 'Signals mostly aligned'])",Medium,"['Limited decision sample size', 'No active shock flag', 'Signals mostly aligned']"
2024-12-10,4.22,4.15,0.0699999999999994,Normal,4.2,-0.481,-0.4313888888888888,2.67,6034.91,14.18,2.29,0.0,0.2699999999999996,0.009999999999998899,-0.2200000000000002,-0.5800000000000001,0.009999999999999787,-0.5,0.2799999999999998,-0.024722222222222145,-6.149999999999999,0.879999999999999,-0.0024744292448776184,0.039047058256372,3.7,0.5,6090.27,-0.009089908985972839,1.9299999999999997,0.08000000000000007,0.2699999999999996,0.0861203869181013,Neutral,Triggered,Risk-On Confirmation,Neutral,0,75,No Shock,28.6,15,0,0,0,28.714285714285715,5.714285714285714,4.285714285714286,0.0,0.0,0.0,71.5,-13.819047619047616,-3.333333333333333,85,100,0,79.0,99.2,1.5,Moderate,Low,Low,Easy / Supportive,SUPPORTIVE,Low,Low Divergence,Strong / Extended,High,Extreme Complacency,No Setup,RISK ON,NO TRADE,-8.576190476190474,Complacency / Late Cycle,REDUCE RISK,"{'final_decision': 'Avoid Chasing Risk', 'environment': 'Stable but extremely crowded', 'action': 'Reduce new exposure / avoid chasing risk', 'buy_trigger': 'Wait for VIX spike, HY widening, or SP500 drawdown > 5%', 'risk_off_trigger': 'HY spread widening + VIX rising'}",Avoid Chasing Risk,Stable but extremely crowded,Reduce new exposure / avoid chasing risk,0.3,0.2,0.5,Neutral / Defensive,"{'Elevated complacency': 20, 'HY spread tightness': 18, 'High risk appetite': 16, 'Low VIX': 15, 'VIX compression': 12, 'SP500 near highs': 12}","[('Late-Cycle Melt-Up', np.float64(73.7)), ('Benign Risk-On', np.float64(41.6)), ('COVID Crash', 0), ('Inflation / Duration Shock', 0), ('Credit Tightening', 0)]",0.010991050405059877,-0.06965306856274567,-0.06999999999999984,0.4900000000000002,5827.04,5614.56,-0.03444458989446397,-0.06965306856274567,0.0042973151215179636,"('Medium', ['Limited decision sample size', 'No active shock flag', 'Signals mostly aligned'])",Medium,"['Limited decision sample size', 'No active shock flag', 'Signals mostly aligned']"
2024-12-11,4.26,4.15,0.10999999999999943,Normal,4.2,-0.481,-0.43266666666666664,2.64,6084.19,13.58,2.3,0.0,0.27999999999999936,0.049999999999998934,-0.17999999999999972,-0.71,-0.020000000000000018,-0.5500000000000003,0.37000000000000055,-0.026777777777777734,-6.220000000000001,0.13000000000000078,-0.00037788610512790033,0.044761587493474586,3.7,0.5,6090.27,-0.0009983137036618794,1.96,0.16999999999999993,0.27999999999999936,0.2572476455558917,Neutral,Triggered,Risk-On Confirmation,Neutral,0,75,No Shock,27.8,15,0,0,0,28.595238095238095,6.428571428571429,3.8095238095238093,0.0,0.0,0.0,70.0,-12.271428571428572,-1.666666666666666,85,100,0,79.0,99.4,0.0,Moderate,Low,Low,Easy / Supportive,SUPPORTIVE,Low,Low Divergence,Strong / Extended,High,Extreme Complacency,No Setup,RISK ON,NO TRADE,-6.969047619047619,Complacency / Late Cycle,REDUCE RISK,"{'final_decision': 'Avoid Chasing Risk', 'environment': 'Stable but extremely crowded', 'action': 'Reduce new exposure / avoid chasing risk', 'buy_trigger': 'Wait for VIX spike, HY widening, or SP500 drawdown > 5%', 'risk_off_trigger': 'HY spread widening + VIX rising'}",Avoid Chasing Risk,Stable but extremely crowded,Reduce new exposure / avoid chasing risk,0.3,0.2,0.5,Neutral / Defensive,"{'Elevated complacency': 20, 'HY spread tightness': 18, 'High risk appetite': 16, 'Low VIX': 15, 'VIX compression': 12, 'SP500 near highs': 12}","[('Late-Cycle Melt-Up', np.float64(73.8)), ('Benign Risk-On', np.float64(41.5)), ('COVID Crash', 0), ('Inflation / Duration Shock', 0), ('Credit Tightening', 0)]",-0.011819157521379187,-0.08417225629048397,0.020000000000000018,0.5800000000000001,5827.04,5572.07,-0.04226528099878535,-0.08417225629048397,-0.002545747256413756,"('Medium', ['Limited decision sample size', 'No active shock flag', 'Signals mostly aligned'])",Medium,"['Limited decision sample size', 'No active shock flag', 'Signals mostly aligned']"
2024-12-12,4.32,4.18,0.14000000000000057,Normal,4.2,-0.481,-0.43394444444444447,2.66,6051.25,13.92,2.32,0.0,0.22000000000000064,0.120000000000001,-0.18999999999999995,-1.06,0.0,-0.46999999999999975,0.2799999999999998,-0.02882222222222225,-5.42,0.3800000000000008,-0.003927500901218184,0.03743065222907216,3.7,0.5,6090.27,-0.0064069409073818084,2.0000000000000004,0.24000000000000066,0.22000000000000064,0.485680148701699,Neutral,Triggered,Risk-On Confirmation,Neutral,0,75,No Shock,27.2,15,0,0,0,28.5,7.142857142857143,3.3333333333333335,0.0,0.0,0.0,70.0,-10.752380952380953,-0.4761904761904754,85,100,0,79.0,99.6,0.0,Moderate,Low,Low,Easy / Supportive,SUPPORTIVE,Low,Low Divergence,Strong / Extended,High,Extreme Complacency,No Setup,RISK ON,NO TRADE,-5.614285714285714,Complacency / Late Cycle,REDUCE RISK,"{'final_decision': 'Avoid Chasing Risk', 'environment': 'Stable but extremely crowded', 'action': 'Reduce new exposure / avoid chasing risk', 'buy_trigger': 'Wait for VIX spike, HY widening, or SP500 drawdown > 5%', 'risk_off_trigger': 'HY spread widening + VIX rising'}",Avoid Chasing Risk,Stable but extremely crowded,Reduce new exposure / avoid chasing risk,0.3,0.2,0.5,Neutral / Defensive,"{'Elevated complacency': 20, 'HY spread tightness': 18, 'High risk appetite': 16, 'Low VIX': 15, 'VIX compression': 12, 'SP500 near highs': 12}","[('Late-Cycle Melt-Up', np.float64(73.9)), ('Benign Risk-On', np.float64(41.4)), ('COVID Crash', 0), ('Inflation / Duration Shock', 0), ('Credit Tightening', 0)]",0.0027184466019416487,-0.07468704813055149,0.0,0.54,5827.04,5572.07,-0.03705184879157197,-0.07918694484610622,0.0018155339805824946,"('Medium', ['Limited decision sample size', 'No active shock flag', 'Signals mostly aligned'])",Medium,"['Limited decision sample size', 'No active shock flag', 'Signals mostly aligned']"
2024-12-13,4.4,4.25,0.15000000000000036,Normal,4.2,-0.483,-0.4352333333333333,2.68,6051.09,13.81,2.33,0.0,0.2600000000000007,0.09999999999999964,-0.11999999999999966,-1.25,0.010000000000000231,-0.4500000000000002,0.3300000000000005,-0.030877777777777726,-6.540000000000001,1.040000000000001,-0.006433212320636095,0.04083823127215691,3.7,0.5,6090.27,-0.006433212320636095,2.0700000000000003,0.3600000000000003,0.2600000000000007,0.8833760861472948,Neutral,Triggered,Risk-On Confirmation,Neutral,0,75,No Shock,27.0,15,0,15,0,28.48095238095238,7.857142857142857,2.857142857142857,0.0,0.7142857142857143,0.0,70.0,-9.180952380952377,0.0,70,89,0,77.5,98.5,0.0,Moderate,Low,Low,Easy / Supportive,SUPPORTIVE,Low,Low Divergence,Strong / Extended,High,Extreme Complacency,No Setup,RISK ON,NO TRADE,-4.590476190476188,Complacency / Late Cycle,REDUCE RISK,"{'final_decision': 'Avoid Chasing Risk', 'environment': 'Stable but extremely crowded', 'action': 'Reduce new exposure / avoid chasing risk', 'buy_trigger': 'Wait for VIX spike, HY widening, or SP500 drawdown > 5%', 'risk_off_trigger': 'HY spread widening + VIX rising'}",Avoid Chasing Risk,Stable but extremely crowded,Reduce new exposure / avoid chasing risk,0.3,0.2,0.5,Neutral / Defensive,"{'Elevated complacency': 20, 'HY spread tightness': 18, 'High risk appetite': 16, 'Low VIX': 15, 'VIX compression': 12, 'SP500 near highs': 12}","[('Late-Cycle Melt-Up', np.float64(74.9)), ('Benign Risk-On', np.float64(42.6)), ('COVID Crash', 0), ('Inflation / Duration Shock', 0), ('Credit Tightening', 0)]",-0.0019467567000325259,-0.08751646397591173,0.0,0.7199999999999998,5827.04,5521.52,-0.037026386981519055,-0.08751646397591173,0.00041597298999024226,"('Medium', ['Limited decision sample size', 'No active shock flag', 'Signals mostly aligned'])",Medium,"['Limited decision sample size', 'No active shock flag', 'Signals mostly aligned']"
2024-12-16,4.39,4.25,0.13999999999999968,Normal,4.2,-0.483,-0.4365222222222222,2.69,6074.08,14.69,2.32,0.0,0.22999999999999998,0.0699999999999994,-0.18999999999999995,-0.98,0.020000000000000018,-0.33000000000000007,0.14000000000000012,-0.032933333333333314,-8.47,0.5,0.003507438644605454,0.06461015344977183,3.7,0.5,6090.27,-0.002658338628665158,2.07,0.29000000000000004,0.22999999999999998,0.8822193021841733,Neutral,Triggered,Risk-On Confirmation,Neutral,0,85,No Shock,27.2,0,0,15,0,28.4,7.857142857142857,2.380952380952381,0.0,1.4285714285714286,0.0,71.0,-7.671428571428571,0.9523809523809517,70,94,0,76.0,97.9,0.0,Moderate,Low,Low,Easy / Supportive,SUPPORTIVE,Low,Low Divergence,Strong / Extended,High,Extreme Complacency,No Setup,RISK ON,NO TRADE,-3.3595238095238096,Complacency / Late Cycle,REDUCE RISK,"{'final_decision': 'Avoid Chasing Risk', 'environment': 'Stable but extremely crowded', 'action': 'Reduce new exposure / avoid chasing risk', 'buy_trigger': 'Wait for VIX spike, HY widening, or SP500 drawdown > 5%', 'risk_off_trigger': 'HY spread widening + VIX rising'}",Avoid Chasing Risk,Stable but extremely crowded,Reduce new exposure / avoid chasing risk,0.3,0.2,0.5,Neutral / Defensive,"{'Elevated complacency': 20, 'HY spread tightness': 18, 'High risk appetite': 16, 'Low VIX': 15, 'VIX compression': 12, 'SP500 near highs': 12}","[('Late-Cycle Melt-Up', np.float64(75.7)), ('Benign Risk-On', np.float64(43.3)), ('COVID Crash', 0), ('Inflation / Duration Shock', 0), ('Credit Tightening', 0)]",-0.0004790848984537188,-0.07163883254748049,-0.020000000000000018,0.56,5827.04,5521.52,-0.040671179832995286,-0.0909701551510681,0.0008562745304638844,"('Medium', ['Limited decision sample size', 'No active shock flag', 'Signals mostly aligned'])",Medium,"['Limited decision sample size', 'No active shock flag', 'Signals mostly aligned']"
2024-12-17,4.4,4.25,0.15000000000000036,Normal,4.2,-0.483,-0.4378111111111111,2.75,6050.61,15.87,2.31,0.0,0.1900000000000004,0.08000000000000096,-0.08000000000000007,-0.8199999999999998,0.08000000000000007,-0.27,0.18999999999999995,-0.0349888888888889,-6.01,1.6899999999999995,0.0026015300973833977,0.05617406786761614,3.7,0.5,6090.27,-0.0065120265603989536,2.0900000000000003,0.2400000000000002,0.1900000000000004,0.9894466014747241,Neutral,Triggered,Risk-On Confirmation,Neutral,0,77,No Shock,27.0,15,0,0,0,28.342857142857145,8.571428571428571,1.9047619047619047,0.0,1.4285714285714286,0.0,72.7,-6.085714285714285,1.9047619047619042,70,87,0,76.0,97.0,0.0,Moderate,Low,Low,Easy / Supportive,SUPPORTIVE,Low,Low Divergence,Strong / Extended,High,Extreme Complacency,No Setup,RISK ON,NO TRADE,-2.0904761904761906,Complacency / Late Cycle,REDUCE RISK,"{'final_decision': 'Avoid Chasing Risk', 'environment': 'Stable but extremely crowded', 'action': 'Reduce new exposure / avoid chasing risk', 'buy_trigger': 'Wait for VIX spike, HY widening, or SP500 drawdown > 5%', 'risk_off_trigger': 'HY spread widening + VIX rising'}",Avoid Chasing Risk,Stable but extremely crowded,Reduce new exposure / avoid chasing risk,0.3,0.2,0.5,Neutral / Defensive,"{'Elevated complacency': 20, 'HY spread tightness': 18, 'High risk appetite': 16, 'Low VIX': 15, 'VIX compression': 12, 'SP500 near highs': 12}","[('Late-Cycle Melt-Up', np.float64(76.0)), ('Benign Risk-On', np.float64(44.2)), ('COVID Crash', 0), ('Inflation / Duration Shock', 0), ('Credit Tightening', 0)]",-0.0016659477308899051,-0.06205820570157383,-0.06999999999999984,0.43000000000000016,5827.04,5521.52,-0.036949993471732556,-0.08744407588656333,0.0005002156807330285,"('Medium', ['Limited decision sample size', 'No active shock flag', 'Signals mostly aligned'])",Medium,"['Limited decision sample size', 'No active shock flag', 'Signals mostly aligned']"
2024-12-18,4.5,4.35,0.15000000000000036,Normal,4.2,-0.483,-0.43910000000000005,2.73,5872.16,27.62,2.32,0.0,0.20000000000000018,0.040000000000000924,-0.14000000000000012,-0.75,0.08999999999999986,-0.2799999999999998,0.13999999999999968,-0.03704444444444449,5.640000000000001,14.040000000000001,-0.034849339024586645,0.027915045276393435,3.7,0.5,6090.27,-0.035812862155536695,2.18,0.31000000000000005,0.20000000000000018,1.4877884280351472,Neutral,Triggered,Risk-On Confirmation,Recovery Confirmation,0,0,VIX spike | Equity selloff,27.0,30,20,35,12,28.304761904761904,10.0,2.380952380952381,0.5714285714285714,3.0952380952380953,0.0,66.7,-4.4761904761904745,4.761904761904762,32,46,30,72.2,91.6,3.0,Moderate,Low,Low,Easy / Supportive,SUPPORTIVE,Low,Low Divergence,Healthy,High,Extreme Complacency,No Setup,RISK ON,NO TRADE,0.14285714285714368,Early Deterioration,MONITOR,"{'final_decision': 'Avoid Chasing Risk', 'environment': 'Stable but extremely crowded', 'action': 'Reduce new exposure / avoid chasing risk', 'buy_trigger': 'Wait for VIX spike, HY widening, or SP500 drawdown > 5%', 'risk_off_trigger': 'HY spread widening + VIX rising'}",Avoid Chasing Risk,Stable but extremely crowded,Reduce new exposure / avoid chasing risk,0.3,0.2,0.5,Neutral / Defensive,"{'Active shock flag': 25, 'Elevated complacency': 20, 'HY spread tightness': 18, 'High risk appetite': 16}","[('Late-Cycle Melt-Up', np.float64(78.2)), ('Benign Risk-On', np.float64(49.4)), ('COVID Crash', 0), ('Inflation / Duration Shock', 0), ('Credit Tightening', 0)]",0.02084582163973736,-0.04385098498678508,0.0,0.5,5827.04,5521.52,-0.007683714340208647,-0.059712269420451713,0.007253746491921208,"('Medium', ['Limited decision sample size', 'Shock flag active', 'Signals mostly aligned'])",Medium,"['Limited decision sample size', 'Shock flag active', 'Signals mostly aligned']"
2024-12-19,4.57,4.32,0.25,Normal,4.2,-0.483,-0.4403888888888889,2.91,5867.08,24.09,2.29,0.0,0.3599999999999999,0.10999999999999943,0.050000000000000266,-0.5800000000000001,0.25,-0.29000000000000004,0.3400000000000003,-0.03903333333333331,3.6000000000000014,10.17,-0.03043503408386694,0.014581272610310503,3.7,0.5,6090.27,-0.03664697952635931,2.2800000000000002,0.4400000000000004,0.3599999999999999,2.0316654792956084,Neutral,Triggered,Neutral,Neutral,20,0,VIX spike | Equity selloff,25.0,50,20,50,24,28.166666666666668,12.380952380952381,2.857142857142857,1.7142857142857142,5.476190476190476,2.0,60.7,-2.990476190476194,7.857142857142858,20,34,0,67.2,85.0,3.0,Moderate,Low,Low,Easy / Supportive,SUPPORTIVE,Low,Low Divergence,Healthy,Elevated,Elevated Complacency,No Setup,RISK ON,NO TRADE,2.433333333333332,Early Deterioration,MONITOR,"{'final_decision': 'Hold / Do Not Chase', 'environment': 'Stable but crowded', 'action': 'Hold existing risk, avoid aggressive new risk', 'buy_trigger': 'Wait for better entry after volatility or credit repricing', 'risk_off_trigger': '5D VIX spike or HY widening'}",Hold / Do Not Chase,Stable but crowded,"Hold existing risk, avoid aggressive new risk",0.4,0.25,0.35,Neutral,"{'Active shock flag': 25, 'Elevated complacency': 20, 'HY spread tightness': 18}","[('Late-Cycle Melt-Up', np.float64(79.4)), ('Benign Risk-On', np.float64(55.7)), ('COVID Crash', 0), ('Inflation / Duration Shock', 0), ('Credit Tightening', 0)]",0.029111585320125144,-0.03268917417181971,-0.20000000000000018,0.2799999999999998,5827.04,5521.52,-0.006824519181603095,-0.05889812308678244,0.012344634128050057,"('Medium', ['Adequate decision sample size', 'Shock flag active', 'Signals mostly aligned'])",Medium,"['Adequate decision sample size', 'Shock flag active', 'Signals mostly aligned']"
2024-12-20,4.52,4.3,0.21999999999999975,Normal,4.2,-0.484,-0.4415888888888889,2.86,5930.85,18.36,2.29,0.0,0.3299999999999996,0.0699999999999994,0.11999999999999966,-0.6600000000000001,0.17999999999999972,-0.46999999999999975,0.5899999999999994,-0.04093333333333332,2.09,4.549999999999999,-0.019870800136834843,0.0003052770768960933,3.7,0.5,6090.27,-0.026176179381209752,2.2299999999999995,0.4399999999999995,0.3299999999999996,1.731577350133972,Neutral,Triggered,Neutral,Neutral,15,15,No Shock,25.6,50,20,50,12,28.047619047619047,14.761904761904763,3.3333333333333335,2.2857142857142856,7.857142857142857,3.5,53.7,-1.8714285714285737,10.476190476190478,20,42,0,60.7,79.2,3.0,Moderate,Low,Low,Easy / Supportive,SUPPORTIVE,Low,Low Divergence,Healthy,Elevated,Elevated Complacency,No Setup,RISK ON,NO TRADE,4.302380952380952,Early Deterioration,MONITOR,"{'final_decision': 'Hold / Do Not Chase', 'environment': 'Stable but crowded', 'action': 'Hold existing risk, avoid aggressive new risk', 'buy_trigger': 'Wait for better entry after volatility or credit repricing', 'risk_off_trigger': '5D VIX spike or HY widening'}",Hold / Do Not Chase,Stable but crowded,"Hold existing risk, avoid aggressive new risk",0.4,0.25,0.35,Neutral,"{'Elevated complacency': 20, 'HY spread tightness': 18}","[('Late-Cycle Melt-Up', np.float64(78.4)), ('Benign Risk-On', np.float64(60.9)), ('COVID Crash', 0), ('Inflation / Duration Shock', 0), ('Credit Tightening', 0)]",0.022025510677221583,-0.045180707655732344,-0.16999999999999993,0.31000000000000005,5827.04,5521.52,-0.01750339327415129,-0.06901708861293065,0.009510204270888632,"('High', ['Adequate decision sample size', 'No active shock flag', 'Signals mostly aligned'])",High,"['Adequate decision sample size', 'No active shock flag', 'Signals mostly aligned']"
2024-12-23,4.59,4.3,0.29000000000000004,Normal,4.2,-0.484,-0.4427888888888889,2.85,5974.07,16.78,2.32,0.0,0.3700000000000001,0.15000000000000036,0.1200000000000001,-0.69,0.16000000000000014,-0.45999999999999996,0.5800000000000001,-0.042833333333333334,1.5800000000000018,2.0900000000000016,-0.016465044912151394,0.00016239473640133895,3.7,0.5,6090.27,-0.019079613875903845,2.27,0.5099999999999998,0.3700000000000001,1.9341021182283369,Neutral,Triggered,Neutral,Neutral,35,27,No Shock,24.2,40,10,65,12,27.857142857142858,16.666666666666668,3.3333333333333335,2.857142857142857,10.952380952380953,7.0,50.4,-0.8857142857142826,11.666666666666668,33,56,0,57.0,74.8,3.0,Moderate,Low,Low,Easy / Supportive,SUPPORTIVE,Low,Low Divergence,Healthy,Elevated,Elevated Complacency,No Setup,RISK ON,NO TRADE,5.390476190476193,Early Deterioration,MONITOR,"{'final_decision': 'Hold / Do Not Chase', 'environment': 'Stable but crowded', 'action': 'Hold existing risk, avoid aggressive new risk', 'buy_trigger': 'Wait for better entry after volatility or credit repricing', 'risk_off_trigger': '5D VIX spike or HY widening'}",Hold / Do Not Chase,Stable but crowded,"Hold existing risk, avoid aggressive new risk",0.4,0.25,0.35,Neutral,"{'Elevated complacency': 20, 'HY spread tightness': 18, 'Low VIX': 15, 'SP500 near highs': 12}","[('Late-Cycle Melt-Up', np.float64(76.9)), ('Benign Risk-On', np.float64(64.5)), ('COVID Crash', 0), ('Inflation / Duration Shock', 0), ('Credit Tightening', 0)]",0.01832921274775834,-0.05130673058735491,-0.18999999999999995,0.3599999999999999,5827.04,5521.52,-0.024611362103222678,-0.07575237652052946,0.008031685099103335,"('High', ['Adequate decision sample size', 'No active shock flag', 'Signals mostly aligned'])",High,"['Adequate decision sample size', 'No active shock flag', 'Signals mostly aligned']"
2024-12-24,4.59,4.29,0.2999999999999998,Normal,4.2,-0.484,-0.4439888888888888,2.86,6040.04,14.27,2.35,0.0,0.4099999999999997,0.14999999999999947,0.22999999999999998,-0.6000000000000001,0.10999999999999988,-0.5100000000000002,0.7400000000000002,-0.04473333333333329,-0.6699999999999999,-1.5999999999999996,-0.0017469313011414522,0.007422183823308615,3.7,0.5,6090.27,-0.008247581798508152,2.2399999999999998,0.46999999999999975,0.4099999999999997,1.7500032484238972,Neutral,Triggered,Neutral,Credit Warning / Vol Complacency,50,45,No Shock,24.0,60,10,50,27,27.609523809523807,19.523809523809526,3.8095238095238093,4.142857142857143,13.333333333333334,12.0,47.4,-1.104761904761908,13.80952380952381,43,56,15,52.8,70.4,4.5,Moderate,Low,Low,Easy / Supportive,SUPPORTIVE,Low,Low Divergence,Healthy,Elevated,Elevated Complacency,No Setup,RISK ON,NO TRADE,6.352380952380951,Early Deterioration,MONITOR,"{'final_decision': 'Credit Warning', 'environment': 'Low equity volatility but credit stress emerging', 'action': 'Reduce complacent risk exposure', 'buy_trigger': 'VIX reprices or credit stabilizes', 'risk_off_trigger': 'HY widening with VIX still suppressed'}",Credit Warning,Low equity volatility but credit stress emerging,Reduce complacent risk exposure,0.35,0.15,0.5,Neutral,"{'Elevated complacency': 20, 'HY spread tightness': 18, 'Low VIX': 15, 'SP500 near highs': 12}","[('Late-Cycle Melt-Up', np.float64(73.6)), ('Benign Risk-On', np.float64(67.2)), ('Credit Tightening', np.float64(5.2)), ('COVID Crash', 0), ('Inflation / Duration Shock', 0)]",-0.002326143535473335,-0.04511062840643443,-0.18999999999999995,0.18999999999999995,5827.04,5521.52,-0.03526466712140974,-0.08584711359527408,0.0001858497625843328,"('Medium', ['Limited decision sample size', 'No active shock flag', 'Signals mostly aligned'])",Medium,"['Limited decision sample size', 'No active shock flag', 'Signals mostly aligned']"
2024-12-26,4.58,4.3,0.28000000000000025,Normal,4.2,-0.484,-0.44638888888888895,2.86,6037.59,14.73,2.35,0.0,0.4400000000000004,0.1299999999999999,0.25,-0.4500000000000002,0.1299999999999999,-0.5300000000000002,0.7800000000000002,-0.04783333333333334,0.019999999999999574,-12.89,0.028171916296558797,0.008957234219977073,3.7,0.5,6090.27,-0.00864986281396396,2.23,0.43000000000000016,0.4400000000000004,1.6783258819632063,Neutral,Triggered,Neutral,Credit Warning / Vol Complacency,50,60,No Shock,24.4,60,10,50,27,27.4,22.38095238095238,4.285714285714286,5.428571428571429,15.714285714285714,17.0,45.9,-1.1952380952380963,15.95238095238095,33,56,15,47.6,66.0,6.0,Moderate,Moderate,Low,Easy / Supportive,SUPPORTIVE,Low,Low Divergence,Healthy,Elevated,Moderate Complacency,No Setup,RISK ON,NO TRADE,7.378571428571427,Early Deterioration,MONITOR,"{'final_decision': 'Credit Warning', 'environment': 'Low equity volatility but credit stress emerging', 'action': 'Reduce complacent risk exposure', 'buy_trigger': 'VIX reprices or credit stabilizes', 'risk_off_trigger': 'HY widening with VIX still suppressed'}",Credit Warning,Low equity volatility but credit stress emerging,Reduce complacent risk exposure,0.35,0.15,0.5,Neutral,"{'HY spread tightness': 18, 'Low VIX': 15, 'SP500 near highs': 12}","[('Late-Cycle Melt-Up', np.float64(69.4)), ('Benign Risk-On', np.float64(68.9)), ('Credit Tightening', np.float64(10.5)), ('COVID Crash', 0), ('Inflation / Duration Shock', 0)]",0.004778396678144725,-0.04321923151456131,-0.19999999999999973,0.22999999999999998,5827.04,5521.52,-0.034873186155403135,-0.08547615853345447,0.0026724388373506537,"('Medium', ['Limited decision sample size', 'No active shock flag', 'Signals mostly aligned'])",Medium,"['Limited decision sample size', 'No active shock flag', 'Signals mostly aligned']"
2024-12-27,4.62,4.31,0.3100000000000005,Normal,4.2,-0.488,-0.4475222222222222,2.84,5970.84,15.95,2.34,0.0,0.48,0.0600000000000005,0.19999999999999973,-0.4500000000000002,-0.07000000000000028,-0.3899999999999997,0.5899999999999994,-0.04951111111111112,1.9299999999999997,-8.14,0.01768511763943903,-0.002429252612198396,3.7,0.5,6090.27,-0.019609968030974034,2.2800000000000002,0.4700000000000002,0.48,1.9351752313663237,Neutral,Triggered,Broad Risk-Off,Credit Warning / Vol Complacency,50,42,No Shock,23.8,60,10,50,12,27.19047619047619,25.238095238095237,4.761904761904762,6.0,18.095238095238095,22.0,42.6,-1.3095238095238102,18.095238095238095,33,56,0,42.4,61.6,6.0,Moderate,Moderate,Low,Easy / Supportive,SUPPORTIVE,Low,Moderate Divergence,Healthy,Elevated,Moderate Complacency,No Setup,RISK ON,NO TRADE,8.392857142857142,Early Deterioration,MONITOR,"{'final_decision': 'Credit Warning', 'environment': 'Low equity volatility but credit stress emerging', 'action': 'Reduce complacent risk exposure', 'buy_trigger': 'VIX reprices or credit stabilizes', 'risk_off_trigger': 'HY widening with VIX still suppressed'}",Credit Warning,Low equity volatility but credit stress emerging,Reduce complacent risk exposure,0.35,0.15,0.5,Neutral,"{'HY spread tightness': 18, 'Low VIX': 15, 'SP500 near highs': 12}","[('Benign Risk-On', np.float64(69.9)), ('Late-Cycle Melt-Up', np.float64(65.0)), ('Credit Tightening', np.float64(14.8)), ('COVID Crash', 0), ('Inflation / Duration Shock', 0)]",0.01635615759256659,-0.04331718820132513,-0.17999999999999972,0.3500000000000001,5827.04,5521.52,-0.02408371351434646,-0.07525239329809541,0.006724655157398306,"('Medium', ['Limited decision sample size', 'No active shock flag', 'Signals partly aligned'])",Medium,"['Limited decision sample size', 'No active shock flag', 'Signals partly aligned']"
2024-12-30,4.55,4.24,0.3099999999999996,Normal,4.2,-0.488,-0.44865555555555553,2.94,5906.94,17.4,2.31,0.0,0.5099999999999993,0.08999999999999986,0.33999999999999986,-0.27,0.08000000000000007,-0.46999999999999975,0.8099999999999996,-0.051188888888888895,3.089999999999998,-0.9600000000000009,-0.004031462606540526,-0.007098469198224322,3.7,0.5,6090.27,-0.030102113699392752,2.2399999999999998,0.44999999999999973,0.5099999999999993,1.697135296588768,Neutral,Triggered,Broad Risk-Off,Credit Warning / Vol Complacency,30,12,No Shock,33.8,80,35,70,39,27.428571428571427,29.047619047619047,6.428571428571429,7.857142857142857,21.428571428571427,25.0,36.3,-1.052380952380954,21.19047619047619,20,49,15,37.4,57.6,7.5,Moderate,Moderate,Low,Easy / Supportive,SUPPORTIVE,Moderate,Moderate Divergence,Weakening,Moderate,Moderate Complacency,No Setup,RISK ON,NO TRADE,10.069047619047618,Early Deterioration,MONITOR,"{'final_decision': 'Credit Warning', 'environment': 'Low equity volatility but credit stress emerging', 'action': 'Reduce complacent risk exposure', 'buy_trigger': 'VIX reprices or credit stabilizes', 'risk_off_trigger': 'HY widening with VIX still suppressed'}",Credit Warning,Low equity volatility but credit stress emerging,Reduce complacent risk exposure,0.35,0.15,0.5,Neutral,"{'HY spread tightness': 18, 'Low VIX': 15}","[('Benign Risk-On', np.float64(68.2)), ('Late-Cycle Melt-Up', np.float64(59.7)), ('Credit Tightening', np.float64(20.7)), ('Inflation / Duration Shock', np.float64(5.4)), ('COVID Crash', 0)]",0.024552475562643394,-0.0361659336306106,-0.29000000000000004,0.33000000000000007,5827.04,5521.52,-0.013526462093740532,-0.06524867359411124,0.009593366446925187,"('Medium', ['Limited decision sample size', 'No active shock flag', 'Signals partly aligned'])",Medium,"['Limited decision sample size', 'No active shock flag', 'Signals partly aligned']"
2024-12-31,4.58,4.25,0.33000000000000007,Normal,4.2,-0.488,-0.4497888888888889,2.92,5881.63,17.35,2.34,0.0,0.5000000000000004,0.040000000000000036,0.19999999999999973,-0.33000000000000007,0.06999999999999984,-0.33999999999999986,0.5399999999999996,-0.05286666666666667,1.2100000000000009,0.5700000000000003,-0.015473538140664544,0.0018754407541281548,3.7,0.5,6090.27,-0.03425792288355034,2.24,0.4900000000000002,0.5000000000000004,1.6832481134171042,Neutral,Triggered,Neutral,Credit Warning / Vol Complacency,30,12,No Shock,33.4,60,10,70,12,27.638095238095236,31.19047619047619,6.904761904761905,8.428571428571429,24.761904761904763,28.0,29.0,-0.7619047619047628,23.333333333333332,20,49,0,32.4,53.1,7.5,Moderate,Moderate,Low,Easy / Supportive,SUPPORTIVE,Moderate,Moderate Divergence,Weakening,Moderate,Moderate Complacency,No Setup,RISK ON,NO TRADE,11.285714285714285,Stable / Neutral,NEUTRAL,"{'final_decision': 'Credit Warning', 'environment': 'Low equity volatility but credit stress emerging', 'action': 'Reduce complacent risk exposure', 'buy_trigger': 'VIX reprices or credit stabilizes', 'risk_off_trigger': 'HY widening with VIX still suppressed'}",Credit Warning,Low equity volatility but credit stress emerging,Reduce complacent risk exposure,0.35,0.15,0.5,Neutral,"{'HY spread tightness': 18, 'Low VIX': 15}","[('Benign Risk-On', np.float64(66.8)), ('Late-Cycle Melt-Up', np.float64(54.7)), ('Credit Tightening', np.float64(24.7)), ('Inflation / Duration Shock', np.float64(10.2)), ('COVID Crash', 0)]",0.03968967786140909,-0.051123583088361624,-0.27,0.5500000000000003,5827.04,5521.52,-0.009281440689060672,-0.061226224703015975,0.01489138725149318,"('Medium', ['Limited decision sample size', 'No active shock flag', 'Signals partly aligned'])",Medium,"['Limited decision sample size', 'No active shock flag', 'Signals partly aligned']"
2025-01-02,4.57,4.25,0.3200000000000003,Normal,4.0,-0.488,-0.4520555555555556,2.88,5868.55,17.93,2.34,-0.20000000000000018,0.4500000000000002,0.020000000000000462,0.1599999999999997,-0.3900000000000001,0.020000000000000018,-0.31999999999999984,0.47999999999999954,-0.055677777777777826,2.3499999999999996,3.66,-0.028392196078171672,-0.004253752362724406,3.7,0.2999999999999998,6090.27,-0.03640561091708583,2.2300000000000004,0.5100000000000002,0.4500000000000002,1.6139490315396712,Neutral,Low,Broad Risk-Off,Credit Warning / Vol Complacency,30,12,No Shock,8.6,70,20,65,12,26.638095238095236,33.80952380952381,7.857142857142857,9.0,27.857142857142858,31.0,22.5,-1.7047619047619094,25.23809523809524,20,49,0,27.4,49.3,7.5,Moderate,Moderate,Low,Easy / Supportive,SUPPORTIVE,Moderate,Moderate Divergence,Weakening,Moderate,Moderate Complacency,No Setup,RISK ON,NO TRADE,11.766666666666666,Stable / Neutral,NEUTRAL,"{'final_decision': 'Credit Warning', 'environment': 'Low equity volatility but credit stress emerging', 'action': 'Reduce complacent risk exposure', 'buy_trigger': 'VIX reprices or credit stabilizes', 'risk_off_trigger': 'HY widening with VIX still suppressed'}",Credit Warning,Low equity volatility but credit stress emerging,Reduce complacent risk exposure,0.35,0.15,0.5,Neutral,"{'HY spread tightness': 18, 'Low VIX': 15}","[('Benign Risk-On', np.float64(64.8)), ('Late-Cycle Melt-Up', np.float64(50.2)), ('Credit Tightening', np.float64(28.1)), ('Inflation / Duration Shock', np.float64(14.0)), ('COVID Crash', 0)]",0.04193199342256593,-0.04374163975769141,-0.2599999999999998,0.6699999999999999,5827.04,5521.52,-0.007073297492566355,-0.05913385759685097,0.015676197697898072,"('Medium', ['Limited decision sample size', 'No active shock flag', 'Signals conflicting', 'Labor warning low'])",Medium,"['Limited decision sample size', 'No active shock flag', 'Signals conflicting', 'Labor warning low']"
2025-01-03,4.6,4.28,0.3199999999999994,Normal,4.0,-0.493,-0.4531222222222222,2.81,5942.47,16.13,2.34,-0.20000000000000018,0.44999999999999973,0.03999999999999915,0.1200000000000001,-0.3999999999999999,-0.04999999999999982,-0.20000000000000018,0.3200000000000003,-0.05728888888888889,-0.22000000000000242,1.3999999999999986,-0.015754630572794803,0.0043079408752439985,3.7,0.2999999999999998,6090.27,-0.024268217993619334,2.26,0.5,0.44999999999999973,1.7616863588046126,Neutral,Low,Neutral,Neutral,15,27,No Shock,8.6,30,10,50,12,25.676190476190477,34.523809523809526,8.333333333333334,9.571428571428571,30.238095238095237,32.5,25.2,-2.6285714285714263,24.523809523809526,30,49,0,27.2,49.6,4.5,Moderate,Moderate,Low,Easy / Supportive,SUPPORTIVE,Moderate,Moderate Divergence,Weakening,Moderate,Moderate Complacency,No Setup,RISK ON,NO TRADE,10.94761904761905,Stable / Neutral,NEUTRAL,"{'final_decision': 'Neutral', 'environment': 'Mixed / neutral', 'action': 'Neutral positioning', 'buy_trigger': 'Wait for clearer mean-reversion or benign setup', 'risk_off_trigger': 'Shock flag or rising macro/credit stress'}",Neutral,Mixed / neutral,Neutral positioning,0.45,0.25,0.3,Neutral,"{'HY spread tightness': 18, 'Low VIX': 15}","[('Benign Risk-On', np.float64(64.0)), ('Late-Cycle Melt-Up', np.float64(50.3)), ('Credit Tightening', np.float64(26.6)), ('Inflation / Duration Shock', np.float64(14.3)), ('COVID Crash', 0)]",0.0314869069595638,-0.05206589179247023,-0.18999999999999995,0.69,5827.04,5521.52,-0.01942458270719083,-0.07083754734983938,0.01476910813180371,"('High', ['Adequate decision sample size', 'No active shock flag', 'Signals partly aligned', 'Labor warning low'])",High,"['Adequate decision sample size', 'No active shock flag', 'Signals partly aligned', 'Labor warning low']"
2025-01-06,4.62,4.28,0.33999999999999986,Normal,4.0,-0.493,-0.45418888888888886,2.76,5975.38,16.04,2.34,-0.20000000000000018,0.4299999999999997,0.02999999999999936,0.08999999999999986,-0.43000000000000016,-0.08000000000000007,-0.28000000000000025,0.3700000000000001,-0.058733333333333304,-1.120000000000001,0.08999999999999986,0.0007603620261136257,0.009847712819264887,3.7,0.2999999999999998,6090.27,-0.018864516679884535,2.2800000000000002,0.6000000000000001,0.4299999999999997,1.8515280824884044,Neutral,Low,Neutral,Neutral,35,27,No Shock,8.2,30,10,65,12,24.695238095238096,35.23809523809524,8.80952380952381,10.142857142857142,33.333333333333336,34.0,27.9,-3.4714285714285715,22.85714285714286,43,56,0,29.5,51.8,4.5,Moderate,Moderate,Low,Easy / Supportive,SUPPORTIVE,Moderate,Moderate Divergence,Weakening,Moderate,Moderate Complacency,No Setup,RISK ON,NO TRADE,9.692857142857145,Stable / Neutral,NEUTRAL,"{'final_decision': 'Neutral', 'environment': 'Mixed / neutral', 'action': 'Neutral positioning', 'buy_trigger': 'Wait for clearer mean-reversion or benign setup', 'risk_off_trigger': 'Shock flag or rising macro/credit stress'}",Neutral,Mixed / neutral,Neutral positioning,0.45,0.25,0.3,Neutral,"{'HY spread tightness': 18, 'Low VIX': 15, 'SP500 near highs': 12}","[('Benign Risk-On', np.float64(61.7)), ('Late-Cycle Melt-Up', np.float64(51.1)), ('Credit Tightening', np.float64(26.5)), ('Inflation / Duration Shock', np.float64(15.3)), ('COVID Crash', 0)]",0.028244228818920192,-0.05094404037902189,-0.07999999999999963,0.6600000000000001,5827.04,5521.52,-0.024825199401544373,-0.07595500202497574,0.013309902968514087,"('High', ['Adequate decision sample size', 'No active shock flag', 'Signals partly aligned', 'Labor warning low'])",High,"['Adequate decision sample size', 'No active shock flag', 'Signals partly aligned', 'Labor warning low']"
2025-01-07,4.67,4.3,0.3700000000000001,Normal,4.0,-0.493,-0.4552555555555555,2.79,5909.03,17.82,2.38,-0.20000000000000018,0.4600000000000004,0.0600000000000005,0.18000000000000016,-0.3599999999999999,-0.1499999999999999,-0.38000000000000034,0.5600000000000005,-0.06017777777777772,0.9499999999999993,0.4200000000000017,0.0003538210985722934,-0.00667035374055891,3.7,0.2999999999999998,6090.27,-0.02975894336375906,2.29,0.6200000000000001,0.4600000000000004,1.8862165410945135,Neutral,Low,Broad Risk-Off,Credit Warning / Vol Complacency,30,27,No Shock,7.6,60,10,65,12,23.64761904761905,37.38095238095238,9.285714285714286,10.714285714285714,36.42857142857143,35.5,29.1,-4.399999999999999,22.619047619047617,20,49,0,29.5,52.5,4.5,Moderate,Moderate,Low,Easy / Supportive,SUPPORTIVE,Moderate,Moderate Divergence,Weakening,Moderate,Moderate Complacency,No Setup,RISK ON,NO TRADE,9.10952380952381,Stable / Neutral,NEUTRAL,"{'final_decision': 'Credit Warning', 'environment': 'Low equity volatility but credit stress emerging', 'action': 'Reduce complacent risk exposure', 'buy_trigger': 'VIX reprices or credit stabilizes', 'risk_off_trigger': 'HY widening with VIX still suppressed'}",Credit Warning,Low equity volatility but credit stress emerging,Reduce complacent risk exposure,0.35,0.15,0.5,Neutral,"{'HY spread tightness': 18, 'Low VIX': 15}","[('Benign Risk-On', np.float64(58.6)), ('Late-Cycle Melt-Up', np.float64(49.8)), ('Credit Tightening', np.float64(27.5)), ('Inflation / Duration Shock', np.float64(17.1)), ('COVID Crash', 0)]",0.03528328676618675,-0.08673335555920336,-0.1299999999999999,1.2199999999999998,5827.04,5396.52,-0.013875373792314405,-0.08673335555920336,0.013349150368165363,"('Medium', ['Limited decision sample size', 'No active shock flag', 'Signals conflicting', 'Labor warning low'])",Medium,"['Limited decision sample size', 'No active shock flag', 'Signals conflicting', 'Labor warning low']"
2025-01-08,4.67,4.28,0.3899999999999997,Normal,4.0,-0.493,-0.45632222222222224,2.84,5918.25,17.7,2.4,-0.20000000000000018,0.3899999999999997,0.05999999999999961,0.22999999999999998,-0.33000000000000007,-0.08000000000000007,-0.33000000000000007,0.56,-0.0616222222222223,2.459999999999999,0.34999999999999787,0.0062261651957025155,-0.008558735136547813,3.7,0.2999999999999998,6090.27,-0.028245053174982493,2.27,0.5899999999999999,0.3899999999999997,1.7585762043703457,Neutral,Low,Broad Risk-Off,Credit Warning / Vol Complacency,30,27,No Shock,7.2,70,20,65,27,22.60952380952381,40.0,10.238095238095237,12.0,39.523809523809526,35.0,29.1,-5.247619047619047,23.333333333333332,20,57,15,28.2,52.6,6.0,Moderate,Elevated,Low,Easy / Supportive,SUPPORTIVE,Moderate,Moderate Divergence,Weakening,Moderate,Moderate Complacency,No Setup,RISK ON,NO TRADE,9.042857142857143,Stable / Neutral,NEUTRAL,"{'final_decision': 'Credit Warning', 'environment': 'Low equity volatility but credit stress emerging', 'action': 'Reduce complacent risk exposure', 'buy_trigger': 'VIX reprices or credit stabilizes', 'risk_off_trigger': 'HY widening with VIX still suppressed'}",Credit Warning,Low equity volatility but credit stress emerging,Reduce complacent risk exposure,0.35,0.15,0.5,Neutral,"{'HY spread tightness': 18, 'Low VIX': 15}","[('Benign Risk-On', np.float64(55.0)), ('Late-Cycle Melt-Up', np.float64(47.3)), ('Credit Tightening', np.float64(29.9)), ('Inflation / Duration Shock', np.float64(19.5)), ('COVID Crash', 0)]",0.016031766147087456,-0.14263844886579646,-0.06000000000000005,1.6100000000000003,5827.04,5074.08,-0.01541165040341319,-0.14263844886579646,0.006611118151480609,"('Medium', ['Limited decision sample size', 'No active shock flag', 'Signals conflicting', 'Labor warning low'])",Medium,"['Limited decision sample size', 'No active shock flag', 'Signals conflicting', 'Labor warning low']"
2025-01-09,4.68,4.27,0.41000000000000014,Normal,4.0,-0.493,-0.45738888888888896,2.82,5918.25,18.07,2.39,-0.20000000000000018,0.40000000000000036,0.08999999999999986,0.17999999999999972,-0.3700000000000001,-0.06000000000000005,-0.3500000000000001,0.5299999999999998,-0.06306666666666666,3.4700000000000006,0.14000000000000057,0.008468872208637457,-0.011544300753085213,3.7,0.2999999999999998,6090.27,-0.028245053174982493,2.2899999999999996,0.5999999999999996,0.40000000000000036,1.8459832362408626,Neutral,Low,Broad Risk-Off,Neutral,15,15,No Shock,6.8,50,20,65,24,21.571428571428573,41.666666666666664,11.19047619047619,13.142857142857142,42.61904761904762,31.5,26.1,-6.038095238095234,22.14285714285714,20,50,15,25.9,52.0,6.0,Moderate,Elevated,Low,Easy / Supportive,SUPPORTIVE,Elevated,Moderate Divergence,Weakening,Moderate,Moderate Complacency,No Setup,RISK ON,NO TRADE,8.052380952380952,Stable / Neutral,NEUTRAL,"{'final_decision': 'Neutral', 'environment': 'Mixed / neutral', 'action': 'Neutral positioning', 'buy_trigger': 'Wait for clearer mean-reversion or benign setup', 'risk_off_trigger': 'Shock flag or rising macro/credit stress'}",Neutral,Mixed / neutral,Neutral positioning,0.45,0.25,0.3,Neutral,"{'Credit stress': 20, 'HY spread tightness': 18, 'Treasury / real-rate stress': 16}","[('Benign Risk-On', np.float64(52.2)), ('Late-Cycle Melt-Up', np.float64(44.9)), ('Credit Tightening', np.float64(30.7)), ('Inflation / Duration Shock', np.float64(21.4)), ('COVID Crash', 0)]",0.010982976386600729,-0.14463735056815785,-0.040000000000000036,1.7900000000000005,5827.04,5062.25,-0.01541165040341319,-0.14463735056815785,0.005542339373970328,"('Medium', ['Adequate decision sample size', 'No active shock flag', 'Signals conflicting', 'Labor warning low'])",Medium,"['Adequate decision sample size', 'No active shock flag', 'Signals conflicting', 'Labor warning low']"
2025-01-10,4.77,4.4,0.3699999999999992,Normal,4.0,-0.499,-0.45838888888888885,2.81,5827.04,19.54,2.43,-0.20000000000000018,0.3699999999999992,0.04999999999999982,0.1299999999999999,-0.33999999999999986,0.0,-0.2999999999999998,0.4299999999999997,-0.06444444444444442,5.4399999999999995,3.41,-0.01942458270719083,-0.032315170477096755,3.7,0.2999999999999998,6090.27,-0.04322140069323699,2.3399999999999994,0.6299999999999994,0.3699999999999992,2.0885402584880075,Neutral,Low,Broad Risk-Off,Neutral,15,0,No Shock,7.6,60,30,65,24,20.57142857142857,43.80952380952381,12.619047619047619,14.285714285714286,45.714285714285715,28.0,20.1,-6.828571428571429,21.42857142857143,20,50,30,24.6,51.4,7.5,Moderate,Elevated,Low,Easy / Supportive,SUPPORTIVE,Elevated,Moderate Divergence,Weakening,Moderate,Moderate Complacency,No Setup,RISK ON,NO TRADE,7.300000000000001,Stable / Neutral,NEUTRAL,"{'final_decision': 'Neutral', 'environment': 'Mixed / neutral', 'action': 'Neutral positioning', 'buy_trigger': 'Wait for clearer mean-reversion or benign setup', 'risk_off_trigger': 'Shock flag or rising macro/credit stress'}",Neutral,Mixed / neutral,Neutral positioning,0.45,0.25,0.3,Neutral,"{'Credit stress': 20, 'HY spread tightness': 18, 'Treasury / real-rate stress': 16}","[('Benign Risk-On', np.float64(48.7)), ('Late-Cycle Melt-Up', np.float64(41.8)), ('Credit Tightening', np.float64(32.7)), ('Inflation / Duration Shock', np.float64(23.8)), ('COVID Crash', 0)]",0.022002594799417796,-0.1448883137922512,0.029999999999999805,1.7600000000000002,5836.22,4982.77,0.0015754139322881056,-0.1448883137922512,0.010501167659738008,"('Medium', ['Adequate decision sample size', 'No active shock flag', 'Signals conflicting', 'Labor warning low'])",Medium,"['Adequate decision sample size', 'No active shock flag', 'Signals conflicting', 'Labor warning low']"
2025-01-13,4.79,4.4,0.3899999999999997,Normal,4.0,-0.499,-0.4593888888888889,2.85,5836.22,19.19,2.45,-0.20000000000000018,0.3899999999999997,0.04999999999999982,0.16000000000000014,-0.2799999999999998,0.0900000000000003,-0.2400000000000002,0.40000000000000036,-0.06567777777777772,5.090000000000002,3.150000000000002,-0.023288895434265267,-0.02709235606143945,3.7,0.2999999999999998,6090.27,-0.041714078357773965,2.34,0.5799999999999996,0.3899999999999997,2.0619895131042356,Neutral,Low,Broad Risk-Off,Neutral,15,0,No Shock,7.2,60,30,65,24,19.590476190476192,45.95238095238095,14.047619047619047,15.428571428571429,48.80952380952381,24.5,15.9,-7.599999999999998,20.71428571428571,20,50,30,23.3,50.8,10.5,Low,Elevated,Low,Easy / Supportive,SUPPORTIVE,Elevated,Moderate Divergence,Poor,Moderate,Moderate Complacency,No Setup,RISK ON,NO TRADE,6.557142857142857,Stable / Neutral,NEUTRAL,"{'final_decision': 'Neutral', 'environment': 'Mixed / neutral', 'action': 'Neutral positioning', 'buy_trigger': 'Wait for clearer mean-reversion or benign setup', 'risk_off_trigger': 'Shock flag or rising macro/credit stress'}",Neutral,Mixed / neutral,Neutral positioning,0.45,0.25,0.3,Neutral,"{'Credit stress': 20, 'HY spread tightness': 18, 'Treasury / real-rate stress': 16}","[('Benign Risk-On', np.float64(44.9)), ('Late-Cycle Melt-Up', np.float64(38.4)), ('Credit Tightening', np.float64(35.6)), ('Inflation / Duration Shock', np.float64(26.6)), ('COVID Crash', 0)]",0.02053383868325742,-0.06499412290832085,-0.040000000000000036,1.52,5842.91,4982.77,0.001146289893115604,-0.14623334966810708,0.00984022740746584,"('Medium', ['Adequate decision sample size', 'No active shock flag', 'Signals conflicting', 'Labor warning low'])",Medium,"['Adequate decision sample size', 'No active shock flag', 'Signals conflicting', 'Labor warning low']"
2025-01-14,4.78,4.37,0.41000000000000014,Normal,4.0,-0.499,-0.4603888888888889,2.8,5842.91,18.71,2.44,-0.20000000000000018,0.4500000000000002,0.040000000000000036,0.07999999999999963,-0.5100000000000002,0.009999999999999787,-0.17999999999999972,0.25999999999999934,-0.06714444444444445,5.200000000000001,0.8900000000000006,-0.011189653801046862,-0.031408830345568406,3.7,0.2999999999999998,6090.27,-0.040615604891080404,2.3400000000000003,0.6100000000000003,0.4500000000000002,2.035955603659921,Neutral,Low,Broad Risk-Off,Neutral,15,0,No Shock,6.8,50,30,65,24,18.61904761904762,47.61904761904762,15.476190476190476,16.571428571428573,51.904761904761905,23.0,14.7,-8.809523809523807,18.571428571428573,20,50,30,23.3,50.9,12.0,Low,Elevated,Low,Easy / Supportive,SUPPORTIVE,Elevated,Moderate Divergence,Poor,Moderate,Moderate Complacency,No Setup,RISK ON,NO TRADE,4.880952380952383,Stable / Neutral,NEUTRAL,"{'final_decision': 'Neutral', 'environment': 'Mixed / neutral', 'action': 'Neutral positioning', 'buy_trigger': 'Wait for clearer mean-reversion or benign setup', 'risk_off_trigger': 'Shock flag or rising macro/credit stress'}",Neutral,Mixed / neutral,Neutral positioning,0.45,0.25,0.3,Neutral,"{'Credit stress': 20, 'HY spread tightness': 18, 'Treasury / real-rate stress': 16}","[('Benign Risk-On', np.float64(41.5)), ('Credit Tightening', np.float64(36.7)), ('Late-Cycle Melt-Up', np.float64(35.8)), ('Inflation / Duration Shock', np.float64(28.3)), ('COVID Crash', 0)]",0.003193614140899026,-0.09838590702235694,0.010000000000000231,1.62,5861.57,4982.77,0.003193614140899026,-0.1472108932021885,0.002037126363404562,"('Medium', ['Adequate decision sample size', 'No active shock flag', 'Signals conflicting', 'Labor warning low'])",Medium,"['Adequate decision sample size', 'No active shock flag', 'Signals conflicting', 'Labor warning low']"
2025-01-15,4.66,4.27,0.39000000000000057,Normal,4.0,-0.499,-0.46138888888888885,2.72,5949.91,16.12,2.42,-0.20000000000000018,0.38000000000000034,8.881784197001252e-16,0.040000000000000036,-0.6299999999999999,-0.11999999999999966,-0.20999999999999996,0.25,-0.06837777777777782,2.780000000000001,-1.5799999999999983,0.00534955434461204,-0.016080302291161863,3.7,0.2999999999999998,6090.27,-0.02304659727729652,2.24,0.54,0.38000000000000034,1.4946066381738978,Neutral,Low,Broad Risk-Off,Neutral,15,27,No Shock,7.2,40,20,50,12,17.676190476190477,48.80952380952381,16.428571428571427,17.142857142857142,53.57142857142857,21.5,16.2,-9.961904761904758,17.61904761904762,20,64,15,23.3,52.4,13.5,Low,Elevated,Low,Easy / Supportive,SUPPORTIVE,Elevated,Moderate Divergence,Poor,Moderate,Moderate Complacency,No Setup,RISK ON,NO TRADE,3.828571428571431,Stable / Neutral,NEUTRAL,"{'final_decision': 'Neutral', 'environment': 'Mixed / neutral', 'action': 'Neutral positioning', 'buy_trigger': 'Wait for clearer mean-reversion or benign setup', 'risk_off_trigger': 'Shock flag or rising macro/credit stress'}",Neutral,Mixed / neutral,Neutral positioning,0.45,0.25,0.3,Neutral,"{'Credit stress': 20, 'HY spread tightness': 18, 'Treasury / real-rate stress': 16, 'Low VIX': 15}","[('Benign Risk-On', np.float64(39.2)), ('Credit Tightening', np.float64(36.9)), ('Late-Cycle Melt-Up', np.float64(34.9)), ('Inflation / Duration Shock', np.float64(28.5)), ('COVID Crash', 0)]",0.0007714402402725362,-0.09858132307883649,0.1499999999999999,1.5399999999999996,5861.57,4982.77,-0.01484728340428676,-0.1625469965091908,0.0009471481081226412,"('Medium', ['Adequate decision sample size', 'No active shock flag', 'Signals conflicting', 'Labor warning low'])",Medium,"['Adequate decision sample size', 'No active shock flag', 'Signals conflicting', 'Labor warning low']"
2025-01-16,4.61,4.23,0.3799999999999999,Normal,4.0,-0.499,-0.4623888888888889,2.73,5937.34,16.6,2.42,-0.20000000000000018,0.3999999999999999,-0.03000000000000025,0.06999999999999984,-0.56,-0.08999999999999986,-0.21999999999999975,0.2899999999999996,-0.06961111111111118,3.3000000000000007,-1.4699999999999989,0.0032256156803109892,-0.018602021858284745,3.7,0.2999999999999998,6090.27,-0.02511054518108402,2.1900000000000004,0.4900000000000002,0.3999999999999999,1.2220773339576483,Neutral,Low,Broad Risk-Off,Neutral,15,27,No Shock,7.4,40,20,35,12,16.73333333333333,50.714285714285715,17.38095238095238,17.714285714285715,54.523809523809526,20.0,17.7,-9.904761904761905,16.904761904761905,20,64,25,23.3,53.9,16.0,Low,Elevated,Low,Easy / Supportive,SUPPORTIVE,Elevated,Moderate Divergence,Poor,Moderate,Moderate Complacency,No Setup,RISK ON,NO TRADE,3.5,Deteriorating / Rising Stress,REDUCE RISK,"{'final_decision': 'Neutral', 'environment': 'Mixed / neutral', 'action': 'Neutral positioning', 'buy_trigger': 'Wait for clearer mean-reversion or benign setup', 'risk_off_trigger': 'Shock flag or rising macro/credit stress'}",Neutral,Mixed / neutral,Neutral positioning,0.45,0.25,0.3,Neutral,"{'Credit stress': 20, 'HY spread tightness': 18, 'Treasury / real-rate stress': 16, 'Low VIX': 15}","[('Credit Tightening', np.float64(38.1)), ('Benign Risk-On', np.float64(36.6)), ('Late-Cycle Melt-Up', np.float64(33.6)), ('Inflation / Duration Shock', np.float64(28.5)), ('COVID Crash', 0)]",-0.014757450306029263,-0.08949630642678374,0.20999999999999996,1.4099999999999997,5849.72,4982.77,-0.014757450306029263,-0.16077401664718538,-0.006040852637713169,"('Medium', ['Adequate decision sample size', 'No active shock flag', 'Signals conflicting', 'Labor warning low'])",Medium,"['Adequate decision sample size', 'No active shock flag', 'Signals conflicting', 'Labor warning low']"
2025-01-17,4.61,4.27,0.34000000000000075,Normal,4.0,-0.504,-0.46334444444444445,2.64,5996.66,15.97,2.41,-0.20000000000000018,0.2800000000000007,-0.029999999999998472,-0.020000000000000018,-0.75,-0.16999999999999993,-0.21999999999999975,0.19999999999999973,-0.07066666666666666,2.5200000000000014,-3.5699999999999985,0.029109118866525785,-0.014758916879843653,3.7,0.2999999999999998,6090.27,-0.015370418717068457,2.2,0.5099999999999998,0.2800000000000007,1.2642168163858964,Neutral,Low,Neutral,Neutral,0,42,No Shock,8.2,30,10,50,12,15.838095238095237,51.42857142857143,17.857142857142858,18.285714285714285,56.904761904761905,18.5,19.2,-9.83809523809524,16.904761904761905,45,76,25,24.8,56.6,18.5,Low,Elevated,Low,Easy / Supportive,SUPPORTIVE,Elevated,Low Divergence,Poor,Moderate,Moderate Complacency,No Setup,RISK ON,NO TRADE,3.5333333333333323,Deteriorating / Rising Stress,REDUCE RISK,"{'final_decision': 'Neutral', 'environment': 'Mixed / neutral', 'action': 'Neutral positioning', 'buy_trigger': 'Wait for clearer mean-reversion or benign setup', 'risk_off_trigger': 'Shock flag or rising macro/credit stress'}",Neutral,Mixed / neutral,Neutral positioning,0.45,0.25,0.3,Neutral,"{'Credit stress': 20, 'HY spread tightness': 18, 'Treasury / real-rate stress': 16, 'Low VIX': 15, 'SP500 near highs': 12}","[('Credit Tightening', np.float64(37.7)), ('Benign Risk-On', np.float64(33.5)), ('Late-Cycle Melt-Up', np.float64(32.6)), ('Inflation / Duration Shock', np.float64(28.3)), ('COVID Crash', 0)]",-0.036438617497073444,-0.10006070045658744,0.3500000000000001,1.4499999999999997,5778.15,4982.77,-0.036438617497073444,-0.16907578552060643,-0.01579737787368305,"('High', ['Adequate decision sample size', 'No active shock flag', 'Signals partly aligned', 'Labor warning low'])",High,"['Adequate decision sample size', 'No active shock flag', 'Signals partly aligned', 'Labor warning low']"
2025-01-21,4.57,4.29,0.28000000000000025,Normal,4.0,-0.504,-0.46525555555555553,2.61,6049.24,15.06,2.38,-0.20000000000000018,0.26000000000000023,-0.10999999999999943,-0.050000000000000266,-0.75,-0.2400000000000002,-0.2599999999999998,0.20999999999999952,-0.07267777777777773,1.5200000000000014,-4.130000000000001,0.03649965217212503,-0.004258359107900955,3.7,0.2999999999999998,6090.27,-0.006736975536388523,2.1900000000000004,0.5300000000000002,0.26000000000000023,1.2016599776908452,Neutral,Low,Neutral,Neutral,0,52,No Shock,9.4,20,0,50,12,15.0,50.95238095238095,16.904761904761905,18.285714285714285,57.61904761904762,15.0,21.7,-9.695238095238096,15.714285714285708,45,76,25,25.0,58.6,21.0,Low,Elevated,Low,Easy / Supportive,SUPPORTIVE,Elevated,Low Divergence,Weakening,Moderate,Moderate Complacency,Weak Setup,RISK ON,WAIT,3.009523809523806,Deteriorating / Rising Stress,REDUCE RISK,"{'final_decision': 'Neutral', 'environment': 'Mixed / neutral', 'action': 'Neutral positioning', 'buy_trigger': 'Wait for clearer mean-reversion or benign setup', 'risk_off_trigger': 'Shock flag or rising macro/credit stress'}",Neutral,Mixed / neutral,Neutral positioning,0.45,0.25,0.3,Neutral,"{'Credit stress': 20, 'HY spread tightness': 18, 'Treasury / real-rate stress': 16, 'Low VIX': 15, 'SP500 near highs': 12}","[('Credit Tightening', np.float64(37.4)), ('Late-Cycle Melt-Up', np.float64(32.8)), ('Benign Risk-On', np.float64(32.2)), ('Inflation / Duration Shock', np.float64(27.5)), ('COVID Crash', 0)]",-0.034154703731377745,-0.1278739147397029,0.27,1.5500000000000003,5778.15,4982.77,-0.04481389397676405,-0.176298179606033,-0.014769616679119985,"('High', ['Adequate decision sample size', 'No active shock flag', 'Signals partly aligned', 'Labor warning low'])",High,"['Adequate decision sample size', 'No active shock flag', 'Signals partly aligned', 'Labor warning low']"
2025-01-22,4.6,4.29,0.3099999999999996,Normal,4.0,-0.504,-0.4662111111111111,2.59,6086.37,15.1,2.4,-0.20000000000000018,0.24999999999999956,-0.10000000000000053,-0.08000000000000007,-0.8700000000000001,-0.20999999999999996,-0.28000000000000025,0.20000000000000018,-0.07373333333333332,2.33,-3.610000000000001,0.04166759371614481,-0.0006403656980725758,3.7,0.2999999999999998,6090.27,-0.0006403656980725758,2.1999999999999997,0.5699999999999998,0.24999999999999956,1.24380157284072,Neutral,Low,Neutral,Neutral,0,52,No Shock,8.8,30,10,50,12,14.228571428571426,50.0,16.428571428571427,17.714285714285715,57.61904761904762,12.0,24.2,-9.419047619047623,12.61904761904762,45,76,15,27.5,61.3,22.5,Low,Elevated,Low,Easy / Supportive,SUPPORTIVE,Elevated,Low Divergence,Weakening,Moderate,Moderate Complacency,Weak Setup,RISK ON,WAIT,1.5999999999999988,Deteriorating / Rising Stress,REDUCE RISK,"{'final_decision': 'Neutral', 'environment': 'Mixed / neutral', 'action': 'Neutral positioning', 'buy_trigger': 'Wait for clearer mean-reversion or benign setup', 'risk_off_trigger': 'Shock flag or rising macro/credit stress'}",Neutral,Mixed / neutral,Neutral positioning,0.45,0.25,0.3,Neutral,"{'Credit stress': 20, 'HY spread tightness': 18, 'Treasury / real-rate stress': 16, 'Low VIX': 15, 'SP500 near highs': 12}","[('Credit Tightening', np.float64(35.9)), ('Late-Cycle Melt-Up', np.float64(34.1)), ('Benign Risk-On', np.float64(31.8)), ('Inflation / Duration Shock', np.float64(25.7)), ('COVID Crash', 0)]",-0.05715229274592237,-0.13204422340409805,0.40000000000000036,1.4299999999999997,5738.52,4982.77,-0.05715229274592237,-0.18132318606985764,-0.02511853173566507,"('High', ['Adequate decision sample size', 'No active shock flag', 'Signals partly aligned', 'Labor warning low'])",High,"['Adequate decision sample size', 'No active shock flag', 'Signals partly aligned', 'Labor warning low']"
2025-01-23,4.65,4.29,0.3600000000000003,Normal,4.0,-0.504,-0.4671666666666666,2.61,6118.71,15.02,2.42,-0.20000000000000018,0.3300000000000005,-0.03000000000000025,-0.06000000000000005,-0.8300000000000001,-0.11000000000000032,-0.26000000000000023,0.20000000000000018,-0.07478888888888885,0.8300000000000001,-1.1000000000000014,0.02837017702788791,0.010880824735455041,3.7,0.2999999999999998,6118.71,0.0,2.2300000000000004,0.6200000000000006,0.3300000000000005,1.3888654747784765,Neutral,Low,Risk-On Confirmation,Neutral,0,52,No Shock,7.8,15,0,50,12,13.380952380952381,48.333333333333336,15.476190476190476,17.714285714285715,57.61904761904762,9.0,26.7,-9.22857142857143,8.333333333333336,45,76,15,30.0,63.2,22.5,Low,Elevated,Low,Easy / Supportive,SUPPORTIVE,Elevated,Low Divergence,Weakening,Moderate,Moderate Complacency,Weak Setup,RISK ON,WAIT,-0.4476190476190469,Stable / Neutral,NEUTRAL,"{'final_decision': 'Neutral', 'environment': 'Mixed / neutral', 'action': 'Neutral positioning', 'buy_trigger': 'Wait for clearer mean-reversion or benign setup', 'risk_off_trigger': 'Shock flag or rising macro/credit stress'}",Neutral,Mixed / neutral,Neutral positioning,0.45,0.25,0.3,Neutral,"{'Credit stress': 20, 'HY spread tightness': 18, 'Treasury / real-rate stress': 16, 'Low VIX': 15, 'SP500 near highs': 12}","[('Late-Cycle Melt-Up', np.float64(35.9)), ('Credit Tightening', np.float64(33.8)), ('Benign Risk-On', np.float64(32.3)), ('Inflation / Duration Shock', np.float64(24.0)), ('COVID Crash', 0)]",-0.05695808430208327,-0.15697916717739524,0.3600000000000003,1.5500000000000003,5738.52,4982.77,-0.06213564623915824,-0.18565024327023172,-0.025031137935937472,"('High', ['Adequate decision sample size', 'No active shock flag', 'Signals partly aligned', 'Labor warning low'])",High,"['Adequate decision sample size', 'No active shock flag', 'Signals partly aligned', 'Labor warning low']"
2025-01-24,4.63,4.27,0.3600000000000003,Normal,4.0,-0.509,-0.4680888888888889,2.6,6101.24,14.85,2.43,-0.20000000000000018,0.3200000000000003,-0.019999999999999574,-0.06999999999999984,-0.79,-0.1299999999999999,-0.2200000000000002,0.15000000000000036,-0.0758111111111111,0.6699999999999999,-1.7500000000000018,0.02760495440719235,0.010991050405059877,3.7,0.2999999999999998,6118.71,-0.0028551769899211044,2.1999999999999997,0.5699999999999994,0.3200000000000003,1.2217202654157562,Neutral,Low,Risk-On Confirmation,Neutral,0,60,No Shock,7.8,15,0,50,12,12.599999999999998,47.142857142857146,15.0,17.714285714285715,56.904761904761905,7.5,31.2,-8.971428571428575,5.476190476190482,45,76,15,32.5,65.8,22.5,Low,Elevated,Low,Easy / Supportive,SUPPORTIVE,Elevated,Low Divergence,Weakening,Moderate,Moderate Complacency,Weak Setup,RISK ON,WAIT,-1.7476190476190467,Stable / Neutral,NEUTRAL,"{'final_decision': 'Neutral', 'environment': 'Mixed / neutral', 'action': 'Neutral positioning', 'buy_trigger': 'Wait for clearer mean-reversion or benign setup', 'risk_off_trigger': 'Shock flag or rising macro/credit stress'}",Neutral,Mixed / neutral,Neutral positioning,0.45,0.25,0.3,Neutral,"{'Credit stress': 20, 'HY spread tightness': 18, 'Treasury / real-rate stress': 16, 'Low VIX': 15, 'SP500 near highs': 12}","[('Late-Cycle Melt-Up', np.float64(38.0)), ('Benign Risk-On', np.float64(32.7)), ('Credit Tightening', np.float64(31.5)), ('Inflation / Duration Shock', np.float64(21.5)), ('COVID Crash', 0)]",-0.07976739154663637,-0.13333027384597218,0.56,1.3900000000000001,5614.56,4982.77,-0.07976739154663637,-0.183318472966151,-0.03529532619598636,"('High', ['Adequate decision sample size', 'No active shock flag', 'Signals partly aligned', 'Labor warning low'])",High,"['Adequate decision sample size', 'No active shock flag', 'Signals partly aligned', 'Labor warning low']"
2025-01-27,4.53,4.17,0.3600000000000003,Normal,4.0,-0.509,-0.4690111111111111,2.66,6012.28,17.9,2.4,-0.20000000000000018,0.27,0.019999999999999574,0.020000000000000018,-0.71,0.020000000000000018,-0.17999999999999972,0.19999999999999973,-0.0767444444444445,4.3199999999999985,1.929999999999998,0.0026047833293867395,-0.011819157521379187,3.7,0.2999999999999998,6118.71,-0.017394189298071017,2.1300000000000003,0.5500000000000003,0.27,0.8495432920976712,Neutral,Low,Broad Risk-Off,Neutral,35,27,No Shock,7.8,40,20,30,12,11.82857142857143,46.19047619047619,15.476190476190476,17.0,55.95238095238095,9.5,33.9,-8.74285714285714,2.3809523809523796,33,71,15,33.8,67.9,21.0,Low,Elevated,Low,Easy / Supportive,SUPPORTIVE,Elevated,Low Divergence,Weakening,Moderate,Moderate Complacency,Weak Setup,RISK ON,WAIT,-3.1809523809523803,Stable / Neutral,NEUTRAL,"{'final_decision': 'Neutral', 'environment': 'Mixed / neutral', 'action': 'Neutral positioning', 'buy_trigger': 'Wait for clearer mean-reversion or benign setup', 'risk_off_trigger': 'Shock flag or rising macro/credit stress'}",Neutral,Mixed / neutral,Neutral positioning,0.45,0.25,0.3,Neutral,"{'Credit stress': 20, 'HY spread tightness': 18, 'Treasury / real-rate stress': 16, 'Low VIX': 15, 'SP500 near highs': 12}","[('Late-Cycle Melt-Up', np.float64(40.5)), ('Benign Risk-On', np.float64(33.7)), ('Credit Tightening', np.float64(29.0)), ('Inflation / Duration Shock', np.float64(19.0)), ('COVID Crash', 0)]",-0.07321847951193228,-0.10585335346989833,0.56,1.0899999999999999,5572.07,4982.77,-0.07321847951193228,-0.17123453997485139,-0.03234831578036952,"('Medium', ['Adequate decision sample size', 'No active shock flag', 'Signals conflicting', 'Labor warning low'])",Medium,"['Adequate decision sample size', 'No active shock flag', 'Signals conflicting', 'Labor warning low']"
2025-01-28,4.55,4.19,0.35999999999999943,Normal,4.0,-0.509,-0.4699333333333333,2.66,6067.7,16.41,2.42,-0.20000000000000018,0.2899999999999996,0.07999999999999918,0.0,-0.6599999999999997,0.050000000000000266,-0.18999999999999995,0.18999999999999995,-0.07767777777777779,2.49,1.3499999999999996,0.00305162301380002,0.0027184466019416487,3.7,0.2999999999999998,6118.71,-0.008336724571028853,2.13,0.5899999999999999,0.2899999999999996,0.843511398070253,Neutral,Low,Neutral,Neutral,0,37,No Shock,7.8,30,10,30,0,11.038095238095238,44.76190476190476,15.476190476190476,15.714285714285714,55.0,8.0,37.6,-8.552380952380954,-1.1904761904761898,41,71,15,35.9,70.0,19.5,Low,Elevated,Low,Easy / Supportive,SUPPORTIVE,Elevated,Low Divergence,Weakening,Moderate,Elevated Complacency,No Setup,RISK ON,NO TRADE,-4.871428571428572,Stable / Neutral,NEUTRAL,"{'final_decision': 'Hold / Do Not Chase', 'environment': 'Stable but crowded', 'action': 'Hold existing risk, avoid aggressive new risk', 'buy_trigger': 'Wait for better entry after volatility or credit repricing', 'risk_off_trigger': '5D VIX spike or HY widening'}",Hold / Do Not Chase,Stable but crowded,"Hold existing risk, avoid aggressive new risk",0.4,0.25,0.35,Neutral,"{'Credit stress': 20, 'HY spread tightness': 18, 'Treasury / real-rate stress': 16, 'Low VIX': 15, 'SP500 near highs': 12}","[('Late-Cycle Melt-Up', np.float64(43.2)), ('Benign Risk-On', np.float64(34.9)), ('Credit Tightening', np.float64(26.2)), ('Inflation / Duration Shock', np.float64(16.4)), ('COVID Crash', 0)]",-0.07719564250045319,-0.0960709988957924,0.54,1.0699999999999998,5572.07,4982.77,-0.08168333965093855,-0.1788041597310347,-0.03017825700018128,"('High', ['Adequate decision sample size', 'No active shock flag', 'Signals mostly aligned', 'Labor warning low'])",High,"['Adequate decision sample size', 'No active shock flag', 'Signals mostly aligned', 'Labor warning low']"
2025-01-29,4.55,4.21,0.33999999999999986,Normal,4.0,-0.509,-0.4708555555555555,2.68,6039.31,16.56,2.4,-0.20000000000000018,0.2799999999999998,0.03000000000000025,0.0,-0.5699999999999998,0.0900000000000003,-0.11999999999999966,0.11999999999999966,-0.07861111111111102,2.7499999999999982,1.459999999999999,-0.007732030750677299,-0.0019467567000325259,3.7,0.2999999999999998,6118.71,-0.012976591471077992,2.15,0.6200000000000001,0.2799999999999998,0.9406765288493111,Neutral,Low,Neutral,Neutral,0,27,No Shock,8.2,15,10,30,0,10.295238095238096,42.61904761904762,15.476190476190476,15.142857142857142,54.04761904761905,6.5,40.3,-8.323809523809524,-5.0,41,71,15,38.0,72.1,18.0,Low,Elevated,Low,Easy / Supportive,SUPPORTIVE,Elevated,Low Divergence,Healthy,Moderate,Elevated Complacency,No Setup,RISK ON,NO TRADE,-6.661904761904762,Stable / Neutral,NEUTRAL,"{'final_decision': 'Hold / Do Not Chase', 'environment': 'Stable but crowded', 'action': 'Hold existing risk, avoid aggressive new risk', 'buy_trigger': 'Wait for better entry after volatility or credit repricing', 'risk_off_trigger': '5D VIX spike or HY widening'}",Hold / Do Not Chase,Stable but crowded,"Hold existing risk, avoid aggressive new risk",0.4,0.25,0.35,Neutral,"{'Elevated complacency': 20, 'Credit stress': 20, 'HY spread tightness': 18, 'Treasury / real-rate stress': 16, 'Low VIX': 15, 'SP500 near highs': 12}","[('Late-Cycle Melt-Up', np.float64(46.2)), ('Benign Risk-On', np.float64(36.3)), ('Credit Tightening', np.float64(23.0)), ('Inflation / Duration Shock', np.float64(13.7)), ('COVID Crash', 0)]",-0.08573661560674972,-0.08512561865511137,0.7199999999999998,0.9899999999999998,5521.52,4982.77,-0.08573661560674972,-0.17494382636427008,-0.033594646242699894,"('High', ['Adequate decision sample size', 'No active shock flag', 'Signals mostly aligned', 'Labor warning low'])",High,"['Adequate decision sample size', 'No active shock flag', 'Signals mostly aligned', 'Labor warning low']"
2025-01-30,4.52,4.18,0.33999999999999986,Normal,4.0,-0.509,-0.4717777777777778,2.67,6071.17,15.84,2.38,-0.20000000000000018,0.24999999999999956,-0.020000000000000462,-0.020000000000000018,-0.54,0.06000000000000005,-0.18999999999999995,0.16999999999999993,-0.07954444444444442,1.1500000000000004,0.8200000000000003,-0.007769611568451462,-0.0004790848984537188,3.7,0.2999999999999998,6118.71,-0.007769611568451462,2.1399999999999997,0.5599999999999996,0.24999999999999956,0.8818794373885916,Neutral,Low,Neutral,Neutral,0,37,No Shock,8.2,20,0,30,0,9.076190476190476,39.76190476190476,13.80952380952381,13.285714285714286,52.142857142857146,5.0,41.3,-8.600000000000001,-9.047619047619051,53,76,0,41.3,73.3,16.5,Low,Moderate,Low,Easy / Supportive,SUPPORTIVE,Elevated,Low Divergence,Healthy,Elevated,Elevated Complacency,No Setup,RISK ON,NO TRADE,-8.823809523809526,Stable / Neutral,NEUTRAL,"{'final_decision': 'Hold / Do Not Chase', 'environment': 'Stable but crowded', 'action': 'Hold existing risk, avoid aggressive new risk', 'buy_trigger': 'Wait for better entry after volatility or credit repricing', 'risk_off_trigger': '5D VIX spike or HY widening'}",Hold / Do Not Chase,Stable but crowded,"Hold existing risk, avoid aggressive new risk",0.4,0.25,0.35,Neutral,"{'Elevated complacency': 20, 'HY spread tightness': 18, 'Treasury / real-rate stress': 16, 'Low VIX': 15, 'SP500 near highs': 12}","[('Late-Cycle Melt-Up', np.float64(49.9)), ('Benign Risk-On', np.float64(38.9)), ('Credit Tightening', np.float64(20.0)), ('Inflation / Duration Shock', np.float64(10.7)), ('COVID Crash', 0)]",-0.0711938555500835,-0.08934356969085033,0.5800000000000001,1.06,5521.52,4982.77,-0.09053444393749466,-0.17927351729567775,-0.027777542220033404,"('High', ['Adequate decision sample size', 'No active shock flag', 'Signals mostly aligned', 'Labor warning low'])",High,"['Adequate decision sample size', 'No active shock flag', 'Signals mostly aligned', 'Labor warning low']"
2025-01-31,4.58,4.22,0.3600000000000003,Normal,4.0,-0.512,-0.47265555555555555,2.68,6040.53,16.43,2.42,-0.20000000000000018,0.2200000000000002,0.0,-0.06999999999999984,-0.41999999999999993,0.08000000000000007,-0.08000000000000007,0.010000000000000231,-0.0804333333333333,0.5600000000000005,1.58,-0.00995043630475112,-0.0016659477308899051,3.7,0.2999999999999998,6118.71,-0.012777203037895313,2.16,0.6000000000000001,0.2200000000000002,0.978222886986127,Neutral,Low,Neutral,Neutral,0,27,No Shock,7.8,5,0,30,0,7.857142857142857,37.142857142857146,13.333333333333334,12.714285714285714,50.23809523809524,3.5,41.3,-8.876190476190473,-13.57142857142857,60,76,0,45.3,74.5,14.0,Low,Moderate,Low,Easy / Supportive,SUPPORTIVE,Elevated,Low Divergence,Healthy,Elevated,Elevated Complacency,No Setup,RISK ON,NO TRADE,-11.223809523809521,Stable / Neutral,NEUTRAL,"{'final_decision': 'Hold / Do Not Chase', 'environment': 'Stable but crowded', 'action': 'Hold existing risk, avoid aggressive new risk', 'buy_trigger': 'Wait for better entry after volatility or credit repricing', 'risk_off_trigger': '5D VIX spike or HY widening'}",Hold / Do Not Chase,Stable but crowded,"Hold existing risk, avoid aggressive new risk",0.4,0.25,0.35,Neutral,"{'Elevated complacency': 20, 'HY spread tightness': 18, 'Treasury / real-rate stress': 16, 'Low VIX': 15, 'SP500 near highs': 12}","[('Late-Cycle Melt-Up', np.float64(53.8)), ('Benign Risk-On', np.float64(41.5)), ('Credit Tightening', np.float64(16.5)), ('Inflation / Duration Shock', np.float64(7.4)), ('COVID Crash', 0)]",-0.06049303620708779,-0.07941356139279165,0.5,1.06,5521.52,4982.77,-0.08592126849796278,-0.17511046216143278,-0.023497214482835118,"('High', ['Adequate decision sample size', 'No active shock flag', 'Signals mostly aligned', 'Labor warning low'])",High,"['Adequate decision sample size', 'No active shock flag', 'Signals mostly aligned', 'Labor warning low']"
2025-02-03,4.54,4.26,0.28000000000000025,Normal,4.0,-0.512,-0.47353333333333336,2.73,5994.57,18.62,2.45,-0.20000000000000018,0.10000000000000009,-0.08000000000000007,0.0,-0.41999999999999993,0.06999999999999984,-0.14000000000000012,0.14000000000000012,-0.08123333333333344,-9.0,0.7200000000000024,-0.002945637927707967,0.02084582163973736,3.7,0.2999999999999998,6118.71,-0.020288590242060867,2.09,0.5099999999999998,0.10000000000000009,0.6082499073900303,Neutral,Low,Neutral,Neutral,0,45,No Shock,9.4,5,0,30,0,7.895238095238096,34.04761904761905,12.380952380952381,12.142857142857142,48.57142857142857,3.5,41.6,-7.942857142857141,-17.38095238095238,60,57,0,46.8,72.6,11.5,Low,Moderate,Low,Easy / Supportive,SUPPORTIVE,Elevated,Low Divergence,Healthy,Elevated,Elevated Complacency,No Setup,RISK ON,NO TRADE,-12.661904761904761,Stable / Neutral,NEUTRAL,"{'final_decision': 'Hold / Do Not Chase', 'environment': 'Stable but crowded', 'action': 'Hold existing risk, avoid aggressive new risk', 'buy_trigger': 'Wait for better entry after volatility or credit repricing', 'risk_off_trigger': '5D VIX spike or HY widening'}",Hold / Do Not Chase,Stable but crowded,"Hold existing risk, avoid aggressive new risk",0.4,0.25,0.35,Neutral,"{'Elevated complacency': 20, 'HY spread tightness': 18, 'Treasury / real-rate stress': 16, 'VIX compression': 12}","[('Late-Cycle Melt-Up', np.float64(56.6)), ('Benign Risk-On', np.float64(45.6)), ('Credit Tightening', np.float64(15.0)), ('Inflation / Duration Shock', np.float64(6.5)), ('COVID Crash', 0)]",-0.06337568833127316,-0.07098257256150142,0.5,1.21,5521.52,4982.77,-0.07891308300678768,-0.168786084740023,-0.024650275332509266,"('High', ['Adequate decision sample size', 'No active shock flag', 'Signals mostly aligned', 'Labor warning low'])",High,"['Adequate decision sample size', 'No active shock flag', 'Signals mostly aligned', 'Labor warning low']"
2025-02-04,4.52,4.21,0.3099999999999996,Normal,4.0,-0.512,-0.4744111111111111,2.71,6037.88,17.21,2.44,-0.20000000000000018,0.12999999999999945,-0.04999999999999982,-0.20000000000000018,-0.43999999999999995,0.04999999999999982,0.050000000000000266,-0.25000000000000044,-0.08203333333333335,-6.879999999999999,0.8000000000000007,-0.004914547522125279,0.029111585320125144,3.9,0.10000000000000009,6118.71,-0.013210300864071045,2.0799999999999996,0.49999999999999956,0.12999999999999945,0.5503332384361693,Neutral,Low,Risk-On Confirmation,Neutral,0,57,No Shock,8.8,0,0,15,0,7.904761904761905,32.61904761904762,11.904761904761905,11.571428571428571,46.904761904761905,3.5,42.1,-7.095238095238095,-18.33333333333333,85,91,0,50.8,74.1,9.0,Low,Moderate,Low,Easy / Supportive,SUPPORTIVE,Elevated,Low Divergence,Healthy,Elevated,Elevated Complacency,No Setup,RISK ON,NO TRADE,-12.714285714285712,Stable / Neutral,NEUTRAL,"{'final_decision': 'Hold / Do Not Chase', 'environment': 'Stable but crowded', 'action': 'Hold existing risk, avoid aggressive new risk', 'buy_trigger': 'Wait for better entry after volatility or credit repricing', 'risk_off_trigger': '5D VIX spike or HY widening'}",Hold / Do Not Chase,Stable but crowded,"Hold existing risk, avoid aggressive new risk",0.4,0.25,0.35,Neutral,"{'Elevated complacency': 20, 'HY spread tightness': 18, 'Treasury / real-rate stress': 16, 'Low VIX': 15, 'VIX compression': 12, 'SP500 near highs': 12}","[('Late-Cycle Melt-Up', np.float64(59.8)), ('Benign Risk-On', np.float64(47.0)), ('Credit Tightening', np.float64(12.2)), ('Inflation / Duration Shock', np.float64(4.0)), ('COVID Crash', 0)]",-0.06005253499572705,-0.07183647240422131,0.48,1.0699999999999998,5521.52,4982.77,-0.0855200832080133,-0.17474842163143345,-0.02332101399829082,"('High', ['Adequate decision sample size', 'No active shock flag', 'Signals mostly aligned', 'Labor warning low'])",High,"['Adequate decision sample size', 'No active shock flag', 'Signals mostly aligned', 'Labor warning low']"
2025-02-05,4.43,4.17,0.2599999999999998,Normal,4.0,-0.512,-0.4752888888888889,2.69,6061.48,15.77,2.42,-0.20000000000000018,0.009999999999999787,-0.08000000000000007,-0.16999999999999993,-0.52,0.009999999999999787,0.11999999999999966,-0.2899999999999996,-0.08283333333333337,-2.59,-0.7899999999999991,0.0036709491647222148,0.022025510677221583,3.9,0.10000000000000009,6118.71,-0.009353278713977398,2.01,0.4599999999999995,0.009999999999999787,0.17854484269023177,Neutral,Low,Risk-On Confirmation,Neutral,0,52,No Shock,9.8,0,0,15,0,7.980952380952382,31.19047619047619,11.428571428571429,11.0,44.523809523809526,3.5,42.1,-6.247619047619044,-18.80952380952381,70,84,0,53.3,74.9,7.5,Low,Moderate,Low,Easy / Supportive,SUPPORTIVE,Elevated,Low Divergence,Healthy,Elevated,Elevated Complacency,No Setup,RISK ON,NO TRADE,-12.528571428571427,Stable / Neutral,NEUTRAL,"{'final_decision': 'Hold / Do Not Chase', 'environment': 'Stable but crowded', 'action': 'Hold existing risk, avoid aggressive new risk', 'buy_trigger': 'Wait for better entry after volatility or credit repricing', 'risk_off_trigger': '5D VIX spike or HY widening'}",Hold / Do Not Chase,Stable but crowded,"Hold existing risk, avoid aggressive new risk",0.4,0.25,0.35,Neutral,"{'Elevated complacency': 20, 'HY spread tightness': 18, 'Treasury / real-rate stress': 16, 'Low VIX': 15, 'SP500 near highs': 12}","[('Late-Cycle Melt-Up', np.float64(62.8)), ('Benign Risk-On', np.float64(49.1)), ('Credit Tightening', np.float64(10.4)), ('Inflation / Duration Shock', np.float64(1.7)), ('COVID Crash', 0)]",-0.06575786771547532,-0.06183473343143908,0.48,0.9100000000000001,5521.52,4982.77,-0.08908055458402886,-0.17796148795343703,-0.025603147086190128,"('High', ['Adequate decision sample size', 'No active shock flag', 'Signals mostly aligned', 'Labor warning low'])",High,"['Adequate decision sample size', 'No active shock flag', 'Signals mostly aligned', 'Labor warning low']"
2025-02-06,4.45,4.21,0.2400000000000002,Normal,4.0,-0.512,-0.47616666666666674,2.66,6083.57,15.5,2.42,-0.20000000000000018,-0.020000000000000018,-0.09999999999999964,-0.18999999999999995,-0.5299999999999998,-0.009999999999999787,0.1200000000000001,-0.31000000000000005,-0.08363333333333339,-1.2800000000000011,-0.33999999999999986,0.0020424399250884573,0.01832921274775834,3.9,0.10000000000000009,6118.71,-0.00574304060823283,2.0300000000000002,0.4200000000000004,-0.020000000000000018,0.27950319177266286,Neutral,Low,Risk-On Confirmation,Neutral,0,37,No Shock,10.2,0,0,15,0,8.104761904761904,28.333333333333332,10.952380952380953,10.428571428571429,42.142857142857146,3.5,40.6,-5.276190476190477,-20.000000000000004,70,84,0,55.8,75.7,6.0,Low,Moderate,Low,Easy / Supportive,SUPPORTIVE,Elevated,Low Divergence,Healthy,Elevated,Elevated Complacency,No Setup,RISK ON,NO TRADE,-12.63809523809524,Complacency / Late Cycle,REDUCE RISK,"{'final_decision': 'Hold / Do Not Chase', 'environment': 'Stable but crowded', 'action': 'Hold existing risk, avoid aggressive new risk', 'buy_trigger': 'Wait for better entry after volatility or credit repricing', 'risk_off_trigger': '5D VIX spike or HY widening'}",Hold / Do Not Chase,Stable but crowded,"Hold existing risk, avoid aggressive new risk",0.4,0.25,0.35,Neutral,"{'Elevated complacency': 20, 'HY spread tightness': 18, 'Treasury / real-rate stress': 16, 'Low VIX': 15, 'SP500 near highs': 12}","[('Late-Cycle Melt-Up', np.float64(66.6)), ('Benign Risk-On', np.float64(51.5)), ('Credit Tightening', np.float64(7.7)), ('COVID Crash', 0), ('Inflation / Duration Shock', 0)]",-0.0683825451174227,-0.07120654484126909,0.5499999999999998,0.94,5521.52,4982.77,-0.09238818654178371,-0.18094638509953853,-0.026653018046969082,"('High', ['Adequate decision sample size', 'No active shock flag', 'Signals mostly aligned', 'Labor warning low'])",High,"['Adequate decision sample size', 'No active shock flag', 'Signals mostly aligned', 'Labor warning low']"
2025-02-07,4.49,4.29,0.20000000000000018,Normal,4.0,-0.511,-0.4769888888888889,2.67,6025.99,16.54,2.42,-0.20000000000000018,0.010000000000000231,-0.16000000000000014,-0.18999999999999995,-0.4700000000000002,-0.010000000000000231,0.22999999999999998,-0.41999999999999993,-0.08437777777777788,2.2699999999999996,0.10999999999999943,-0.0024070735514929442,-0.002326143535473335,3.9,0.10000000000000009,6118.71,-0.015153520921893704,2.0700000000000003,0.4400000000000004,0.010000000000000231,0.4861391118700791,Neutral,Low,Neutral,Neutral,0,27,No Shock,11.0,15,10,15,0,8.285714285714286,25.714285714285715,10.476190476190476,9.142857142857142,39.76190476190476,3.5,37.3,-4.314285714285711,-21.42857142857143,60,68,0,57.3,74.9,4.5,Low,Moderate,Low,Easy / Supportive,SUPPORTIVE,Moderate,Low Divergence,Weakening,Elevated,Elevated Complacency,No Setup,RISK ON,NO TRADE,-12.87142857142857,Complacency / Late Cycle,REDUCE RISK,"{'final_decision': 'Hold / Do Not Chase', 'environment': 'Stable but crowded', 'action': 'Hold existing risk, avoid aggressive new risk', 'buy_trigger': 'Wait for better entry after volatility or credit repricing', 'risk_off_trigger': '5D VIX spike or HY widening'}",Hold / Do Not Chase,Stable but crowded,"Hold existing risk, avoid aggressive new risk",0.4,0.25,0.35,Neutral,"{'Elevated complacency': 20, 'HY spread tightness': 18, 'Low VIX': 15, 'SP500 near highs': 12}","[('Late-Cycle Melt-Up', np.float64(69.5)), ('Benign Risk-On', np.float64(54.7)), ('Credit Tightening', np.float64(6.0)), ('COVID Crash', 0), ('Inflation / Duration Shock', 0)]",-0.04288423976807132,-0.0695454190929623,0.3799999999999999,0.9900000000000002,5521.52,4982.77,-0.0837157048053514,-0.17312010142731726,-0.01645369590722853,"('High', ['Adequate decision sample size', 'No active shock flag', 'Signals mostly aligned', 'Labor warning low'])",High,"['Adequate decision sample size', 'No active shock flag', 'Signals mostly aligned', 'Labor warning low']"
2025-02-10,4.51,4.28,0.22999999999999954,Normal,4.0,-0.511,-0.47781111111111113,2.66,6066.44,15.81,2.44,-0.20000000000000018,0.02999999999999936,-0.05000000000000071,-0.19999999999999973,-0.48,-0.06999999999999984,0.25,-0.44999999999999973,-0.0850333333333334,1.08,-2.8100000000000005,0.011989183544441007,0.004778396678144725,3.9,0.10000000000000009,6118.71,-0.008542650329889878,2.07,0.46999999999999975,0.02999999999999936,0.4817601687611849,Neutral,Low,Risk-On Confirmation,Neutral,0,37,No Shock,10.4,0,0,15,0,8.457142857142857,23.333333333333332,9.523809523809524,8.0,37.38095238095238,0.0,38.3,-3.371428571428572,-22.857142857142858,60,68,0,60.0,74.6,3.0,Low,Moderate,Low,Easy / Supportive,SUPPORTIVE,Moderate,Low Divergence,Weakening,Elevated,Elevated Complacency,No Setup,RISK ON,NO TRADE,-13.114285714285714,Complacency / Late Cycle,REDUCE RISK,"{'final_decision': 'Hold / Do Not Chase', 'environment': 'Stable but crowded', 'action': 'Hold existing risk, avoid aggressive new risk', 'buy_trigger': 'Wait for better entry after volatility or credit repricing', 'risk_off_trigger': '5D VIX spike or HY widening'}",Hold / Do Not Chase,Stable but crowded,"Hold existing risk, avoid aggressive new risk",0.4,0.25,0.35,Neutral,"{'Elevated complacency': 20, 'HY spread tightness': 18, 'Low VIX': 15, 'SP500 near highs': 12}","[('Late-Cycle Melt-Up', np.float64(72.3)), ('Benign Risk-On', np.float64(57.4)), ('Credit Tightening', np.float64(3.9)), ('COVID Crash', 0), ('Inflation / Duration Shock', 0)]",-0.047769367207126434,-0.07173235043946691,0.4299999999999997,1.0099999999999998,5521.52,4982.77,-0.08982533413336313,-0.17863359729923967,-0.018407746882850577,"('High', ['Adequate decision sample size', 'No active shock flag', 'Signals mostly aligned', 'Labor warning low'])",High,"['Adequate decision sample size', 'No active shock flag', 'Signals mostly aligned', 'Labor warning low']"
2025-02-11,4.54,4.29,0.25,Normal,4.0,-0.511,-0.4786333333333334,2.66,6068.5,16.02,2.46,-0.20000000000000018,0.10000000000000009,-0.05999999999999961,-0.17999999999999972,-0.36999999999999966,-0.04999999999999982,0.19999999999999973,-0.37999999999999945,-0.08568888888888904,0.07000000000000028,-1.1900000000000013,0.005071316422320393,0.01635615759256659,3.9,0.10000000000000009,6118.71,-0.008205978057466368,2.08,0.4500000000000002,0.10000000000000009,0.5298615218646865,Neutral,Low,Risk-On Confirmation,Neutral,0,37,No Shock,10.0,0,0,15,0,8.571428571428571,20.476190476190474,8.095238095238095,6.857142857142857,35.0,0.0,38.3,-2.466666666666667,-24.285714285714285,60,68,0,61.9,74.3,1.5,Low,Moderate,Low,Easy / Supportive,SUPPORTIVE,Moderate,Low Divergence,Weakening,Elevated,Elevated Complacency,No Setup,RISK ON,NO TRADE,-13.376190476190477,Complacency / Late Cycle,REDUCE RISK,"{'final_decision': 'Hold / Do Not Chase', 'environment': 'Stable but crowded', 'action': 'Hold existing risk, avoid aggressive new risk', 'buy_trigger': 'Wait for better entry after volatility or credit repricing', 'risk_off_trigger': '5D VIX spike or HY widening'}",Hold / Do Not Chase,Stable but crowded,"Hold existing risk, avoid aggressive new risk",0.4,0.25,0.35,Neutral,"{'Elevated complacency': 20, 'HY spread tightness': 18, 'Low VIX': 15, 'SP500 near highs': 12}","[('Late-Cycle Melt-Up', np.float64(75.0)), ('Benign Risk-On', np.float64(60.0)), ('Credit Tightening', np.float64(1.5)), ('COVID Crash', 0), ('Inflation / Duration Shock', 0)]",-0.05871302628326602,-0.06666556809755297,0.5299999999999998,0.8499999999999996,5521.52,4982.77,-0.09013430007415335,-0.17891241657740786,-0.02278521051330641,"('High', ['Adequate decision sample size', 'No active shock flag', 'Signals mostly aligned', 'Labor warning low'])",High,"['Adequate decision sample size', 'No active shock flag', 'Signals mostly aligned', 'Labor warning low']"
2025-02-12,4.62,4.36,0.2599999999999998,Normal,4.0,-0.511,-0.4794555555555555,2.65,6051.97,15.89,2.46,-0.09999999999999964,0.12999999999999945,0.0,-0.29000000000000004,-0.41999999999999993,-0.040000000000000036,0.33999999999999986,-0.6299999999999999,-0.08634444444444445,-1.509999999999998,0.120000000000001,-0.0015689237611935525,0.024552475562643394,3.9,0.10000000000000009,6118.71,-0.01090752789395144,2.16,0.6099999999999999,0.12999999999999945,0.9439257214540525,Neutral,Low,Risk-On Confirmation,Neutral,0,42,No Shock,9.8,0,0,30,0,8.695238095238096,17.61904761904762,6.666666666666667,5.714285714285714,33.333333333333336,0.0,39.8,-1.5999999999999996,-25.0,70,76,0,64.8,74.8,0.0,Low,Low,Low,Easy / Supportive,SUPPORTIVE,Moderate,Low Divergence,Weakening,Elevated,Elevated Complacency,No Setup,RISK ON,NO TRADE,-13.3,Complacency / Late Cycle,REDUCE RISK,"{'final_decision': 'Hold / Do Not Chase', 'environment': 'Stable but crowded', 'action': 'Hold existing risk, avoid aggressive new risk', 'buy_trigger': 'Wait for better entry after volatility or credit repricing', 'risk_off_trigger': '5D VIX spike or HY widening'}",Hold / Do Not Chase,Stable but crowded,"Hold existing risk, avoid aggressive new risk",0.4,0.25,0.35,Neutral,"{'Elevated complacency': 20, 'HY spread tightness': 18, 'Low VIX': 15, 'SP500 near highs': 12}","[('Late-Cycle Melt-Up', np.float64(77.5)), ('Benign Risk-On', np.float64(61.4)), ('COVID Crash', 0), ('Inflation / Duration Shock', 0), ('Credit Tightening', 0)]",-0.05926334730674476,-0.06478221141215179,0.6200000000000001,0.8799999999999999,5521.52,4982.77,-0.08764914565009407,-0.176669745553927,-0.023005338922697908,"('High', ['Adequate decision sample size', 'No active shock flag', 'Signals mostly aligned', 'Labor warning low'])",High,"['Adequate decision sample size', 'No active shock flag', 'Signals mostly aligned', 'Labor warning low']"
2025-02-13,4.52,4.31,0.20999999999999996,Normal,4.0,-0.511,-0.4802777777777778,2.65,6115.07,15.1,2.44,-0.09999999999999964,0.04999999999999982,-0.03000000000000025,-0.27,-0.41000000000000014,-0.010000000000000231,0.19999999999999973,-0.46999999999999975,-0.08700000000000008,-2.2500000000000018,-0.40000000000000036,0.005177880750940611,0.03968967786140909,3.9,0.10000000000000009,6118.71,-0.0005948966367094188,2.0799999999999996,0.49999999999999956,0.04999999999999982,0.5203357656677794,Neutral,Low,Risk-On Confirmation,Neutral,0,52,No Shock,10.8,0,0,15,0,8.885714285714286,15.238095238095237,5.238095238095238,4.571428571428571,30.952380952380953,0.0,41.3,-0.1904761904761898,-24.523809523809522,70,76,0,66.5,74.8,0.0,Low,Low,Low,Easy / Supportive,SUPPORTIVE,Moderate,Low Divergence,Healthy,Elevated,Elevated Complacency,No Setup,RISK ON,NO TRADE,-12.357142857142856,Complacency / Late Cycle,REDUCE RISK,"{'final_decision': 'Hold / Do Not Chase', 'environment': 'Stable but crowded', 'action': 'Hold existing risk, avoid aggressive new risk', 'buy_trigger': 'Wait for better entry after volatility or credit repricing', 'risk_off_trigger': '5D VIX spike or HY widening'}",Hold / Do Not Chase,Stable but crowded,"Hold existing risk, avoid aggressive new risk",0.4,0.25,0.35,Neutral,"{'Elevated complacency': 20, 'HY spread tightness': 18, 'Low VIX': 15, 'SP500 near highs': 12}","[('Late-Cycle Melt-Up', np.float64(79.6)), ('Benign Risk-On', np.float64(63.2)), ('COVID Crash', 0), ('Inflation / Duration Shock', 0), ('Credit Tightening', 0)]",-0.08734650625422113,-0.044297121700978104,0.8200000000000003,0.5,5521.52,4982.77,-0.09706348414654276,-0.18516550096728235,-0.034238602501688455,"('High', ['Adequate decision sample size', 'No active shock flag', 'Signals mostly aligned', 'Labor warning low'])",High,"['Adequate decision sample size', 'No active shock flag', 'Signals mostly aligned', 'Labor warning low']"
2025-02-14,4.47,4.26,0.20999999999999996,Normal,4.0,-0.507,-0.48101111111111106,2.62,6114.63,14.77,2.43,-0.09999999999999964,0.06000000000000005,0.009999999999999787,-0.2599999999999998,-0.41999999999999993,-0.04999999999999982,0.1599999999999997,-0.4199999999999995,-0.08756666666666663,-3.16,-1.7699999999999996,0.014709616179250373,0.04193199342256593,3.9,0.10000000000000009,6118.71,-0.0006668072191687857,2.0399999999999996,0.39999999999999947,0.06000000000000005,0.3080625605662353,Neutral,Low,Risk-On Confirmation,Neutral,0,60,No Shock,10.8,0,0,15,0,9.057142857142859,13.333333333333334,4.285714285714286,4.0,29.285714285714285,0.0,44.6,1.200000000000002,-23.80952380952381,62,76,0,66.7,74.8,0.0,Low,Low,Low,Easy / Supportive,SUPPORTIVE,Moderate,Low Divergence,Healthy,Elevated,Elevated Complacency,No Setup,RISK ON,NO TRADE,-11.304761904761904,Complacency / Late Cycle,REDUCE RISK,"{'final_decision': 'Hold / Do Not Chase', 'environment': 'Stable but crowded', 'action': 'Hold existing risk, avoid aggressive new risk', 'buy_trigger': 'Wait for better entry after volatility or credit repricing', 'risk_off_trigger': '5D VIX spike or HY widening'}",Hold / Do Not Chase,Stable but crowded,"Hold existing risk, avoid aggressive new risk",0.4,0.25,0.35,Neutral,"{'Elevated complacency': 20, 'HY spread tightness': 18, 'Low VIX': 15, 'SP500 near highs': 12}","[('Late-Cycle Melt-Up', np.float64(80.9)), ('Benign Risk-On', np.float64(64.3)), ('COVID Crash', 0), ('Inflation / Duration Shock', 0), ('Credit Tightening', 0)]",-0.08222574383077963,-0.03730070339497238,0.9299999999999997,0.46999999999999975,5521.52,4982.77,-0.09699851013062111,-0.18510686664606024,-0.032190297532311854,"('High', ['Adequate decision sample size', 'No active shock flag', 'Signals mostly aligned', 'Labor warning low'])",High,"['Adequate decision sample size', 'No active shock flag', 'Signals mostly aligned', 'Labor warning low']"
2025-02-18,4.55,4.29,0.2599999999999998,Normal,4.0,-0.507,-0.4824777777777778,2.62,6129.58,15.35,2.45,-0.09999999999999964,0.20999999999999996,0.03000000000000025,-0.18999999999999995,-0.27,-0.040000000000000036,0.1200000000000001,-0.31000000000000005,-0.08878888888888886,-0.7799999999999994,-0.46000000000000085,0.010408081181055184,0.0314869069595638,3.9,0.10000000000000009,6129.58,0.0,2.0999999999999996,0.34999999999999964,0.20999999999999996,0.6209043641757488,Neutral,Low,Risk-On Confirmation,Neutral,0,52,No Shock,9.8,0,0,15,0,9.17142857142857,11.428571428571429,3.3333333333333335,3.4285714285714284,28.333333333333332,0.0,45.3,1.2761904761904752,-22.61904761904762,62,76,0,66.9,76.7,0.0,Low,Low,Low,Easy / Supportive,SUPPORTIVE,Moderate,Low Divergence,Healthy,Elevated,Elevated Complacency,No Setup,RISK ON,NO TRADE,-10.671428571428573,Complacency / Late Cycle,REDUCE RISK,"{'final_decision': 'Hold / Do Not Chase', 'environment': 'Stable but crowded', 'action': 'Hold existing risk, avoid aggressive new risk', 'buy_trigger': 'Wait for better entry after volatility or credit repricing', 'risk_off_trigger': '5D VIX spike or HY widening'}",Hold / Do Not Chase,Stable but crowded,"Hold existing risk, avoid aggressive new risk",0.4,0.25,0.35,Neutral,"{'Elevated complacency': 20, 'HY spread tightness': 18, 'Low VIX': 15, 'SP500 near highs': 12}","[('Late-Cycle Melt-Up', np.float64(83.2)), ('Benign Risk-On', np.float64(63.3)), ('COVID Crash', 0), ('Inflation / Duration Shock', 0), ('Credit Tightening', 0)]",-0.08100228726927461,-0.03866496562570354,0.8799999999999999,0.48,5521.52,4982.77,-0.09920092404373537,-0.18709438493338848,-0.03170091490770985,"('High', ['Adequate decision sample size', 'No active shock flag', 'Signals mostly aligned', 'Labor warning low'])",High,"['Adequate decision sample size', 'No active shock flag', 'Signals mostly aligned', 'Labor warning low']"
2025-02-19,4.53,4.28,0.25,Normal,4.0,-0.507,-0.4832111111111111,2.68,6144.15,15.27,2.45,-0.09999999999999964,0.20999999999999996,0.0,-0.07999999999999963,-0.27,0.020000000000000018,0.08999999999999986,-0.16999999999999948,-0.08927777777777773,-0.7699999999999996,-0.75,0.012466013018043842,0.028244228818920192,3.9,0.10000000000000009,6144.15,0.0,2.08,0.31999999999999984,0.20999999999999996,0.5134412402129878,Neutral,Low,Risk-On Confirmation,Neutral,0,52,No Shock,10.0,0,0,15,0,9.257142857142856,10.0,2.857142857142857,2.857142857142857,26.666666666666668,0.0,44.8,1.3523809523809511,-22.61904761904762,62,76,0,64.6,75.2,0.0,Low,Low,Low,Easy / Supportive,SUPPORTIVE,Moderate,Low Divergence,Healthy,Elevated,Elevated Complacency,No Setup,RISK ON,NO TRADE,-10.633333333333335,Complacency / Late Cycle,REDUCE RISK,"{'final_decision': 'Hold / Do Not Chase', 'environment': 'Stable but crowded', 'action': 'Hold existing risk, avoid aggressive new risk', 'buy_trigger': 'Wait for better entry after volatility or credit repricing', 'risk_off_trigger': '5D VIX spike or HY widening'}",Hold / Do Not Chase,Stable but crowded,"Hold existing risk, avoid aggressive new risk",0.4,0.25,0.35,Neutral,"{'Elevated complacency': 20, 'HY spread tightness': 18, 'Low VIX': 15, 'SP500 near highs': 12}","[('Late-Cycle Melt-Up', np.float64(82.8)), ('Benign Risk-On', np.float64(65.5)), ('COVID Crash', 0), ('Inflation / Duration Shock', 0), ('Credit Tightening', 0)]",-0.07701309375584897,-0.036981519005883534,0.7399999999999998,0.52,5521.52,4982.77,-0.10133704418023637,-0.18902207791150916,-0.03010523750233959,"('High', ['Adequate decision sample size', 'No active shock flag', 'Signals mostly aligned', 'Labor warning low'])",High,"['Adequate decision sample size', 'No active shock flag', 'Signals mostly aligned', 'Labor warning low']"
2025-02-20,4.5,4.28,0.21999999999999975,Normal,4.0,-0.507,-0.48394444444444445,2.66,6117.52,15.66,2.45,-0.09999999999999964,0.1599999999999997,-0.040000000000000036,-0.1299999999999999,-0.33000000000000007,0.010000000000000231,0.18000000000000016,-0.31000000000000005,-0.08976666666666666,-2.16,-0.23000000000000043,0.01083118389549198,0.03528328676618675,3.9,0.10000000000000009,6144.15,-0.004334204080303938,2.05,0.2799999999999998,0.1599999999999997,0.3538208214006434,Neutral,Low,Risk-On Confirmation,Neutral,0,52,No Shock,10.6,0,0,15,0,9.314285714285715,9.047619047619047,2.857142857142857,2.2857142857142856,25.0,0.0,44.8,1.333333333333333,-22.142857142857142,62,76,0,63.8,74.4,0.0,Low,Low,Low,Easy / Supportive,SUPPORTIVE,Moderate,Low Divergence,Healthy,Elevated,Elevated Complacency,No Setup,RISK ON,NO TRADE,-10.404761904761905,Complacency / Late Cycle,REDUCE RISK,"{'final_decision': 'Hold / Do Not Chase', 'environment': 'Stable but crowded', 'action': 'Hold existing risk, avoid aggressive new risk', 'buy_trigger': 'Wait for better entry after volatility or credit repricing', 'risk_off_trigger': '5D VIX spike or HY widening'}",Hold / Do Not Chase,Stable but crowded,"Hold existing risk, avoid aggressive new risk",0.4,0.25,0.35,Neutral,"{'Elevated complacency': 20, 'HY spread tightness': 18, 'Low VIX': 15, 'SP500 near highs': 12}","[('Late-Cycle Melt-Up', np.float64(82.6)), ('Benign Risk-On', np.float64(67.0)), ('COVID Crash', 0), ('Inflation / Duration Shock', 0), ('Credit Tightening', 0)]",-0.11785821705527733,-0.026013809517582365,1.3499999999999996,0.5,5396.52,4982.77,-0.11785821705527733,-0.1854918332919222,-0.046443286822110935,"('High', ['Adequate decision sample size', 'No active shock flag', 'Signals mostly aligned', 'Labor warning low'])",High,"['Adequate decision sample size', 'No active shock flag', 'Signals mostly aligned', 'Labor warning low']"
2025-02-21,4.42,4.19,0.22999999999999954,Normal,4.0,-0.497,-0.4845222222222222,2.78,6013.13,18.21,2.42,-0.09999999999999964,0.16000000000000014,0.019999999999999574,-0.06000000000000005,-0.16000000000000014,0.1299999999999999,0.22999999999999998,-0.29000000000000004,-0.0900999999999999,0.5100000000000016,3.110000000000001,-0.016670291591101893,0.016031766147087456,3.9,0.10000000000000009,6144.15,-0.021324349177673008,2.0,0.23000000000000043,0.16000000000000014,0.09110657127520248,Neutral,Low,Risk-On Confirmation,Neutral,0,15,No Shock,10.4,0,0,0,0,9.390476190476189,7.619047619047619,2.380952380952381,1.7142857142857142,22.61904761904762,0.0,42.6,1.2857142857142847,-20.714285714285715,39,47,0,60.7,70.7,0.0,Low,Low,Low,Easy / Supportive,SUPPORTIVE,Moderate,Low Divergence,Healthy,Elevated,Elevated Complacency,No Setup,RISK ON,NO TRADE,-9.714285714285715,Complacency / Late Cycle,REDUCE RISK,"{'final_decision': 'Hold / Do Not Chase', 'environment': 'Stable but crowded', 'action': 'Hold existing risk, avoid aggressive new risk', 'buy_trigger': 'Wait for better entry after volatility or credit repricing', 'risk_off_trigger': '5D VIX spike or HY widening'}",Hold / Do Not Chase,Stable but crowded,"Hold existing risk, avoid aggressive new risk",0.4,0.25,0.35,Neutral,"{'Elevated complacency': 20, 'HY spread tightness': 18}","[('Late-Cycle Melt-Up', np.float64(79.6)), ('Benign Risk-On', np.float64(71.3)), ('COVID Crash', 0), ('Inflation / Duration Shock', 0), ('Credit Tightening', 0)]",-0.15616658878154976,-0.008236974753580872,1.6700000000000004,0.43000000000000016,5074.08,4982.77,-0.15616658878154976,-0.17135169204723655,-0.06176663551261991,"('High', ['Adequate decision sample size', 'No active shock flag', 'Signals mostly aligned', 'Labor warning low'])",High,"['Adequate decision sample size', 'No active shock flag', 'Signals mostly aligned', 'Labor warning low']"
2025-02-24,4.4,4.13,0.27000000000000046,Normal,4.0,-0.497,-0.4851,2.78,5983.25,18.98,2.42,-0.09999999999999964,0.1600000000000006,0.0600000000000005,-0.040000000000000036,-0.2100000000000004,0.1599999999999997,0.17999999999999972,-0.21999999999999975,-0.09043333333333337,0.9100000000000001,4.210000000000001,-0.021486173325287128,0.010982976386600729,3.9,0.10000000000000009,6144.15,-0.02618751169811928,1.9800000000000004,0.22000000000000064,0.1600000000000006,-0.014353238379421032,Neutral,Low,Risk-On Confirmation,Neutral,0,15,No Shock,9.6,0,0,0,0,9.476190476190476,6.904761904761905,2.380952380952381,1.1428571428571428,20.238095238095237,0.0,41.4,1.1904761904761898,-18.80952380952381,39,47,0,58.6,68.6,0.0,Low,Low,Low,Easy / Supportive,SUPPORTIVE,Moderate,Low Divergence,Healthy,Elevated,Moderate Complacency,No Setup,RISK ON,NO TRADE,-8.80952380952381,Complacency / Late Cycle,REDUCE RISK,"{'final_decision': 'Wait', 'environment': 'Low stress but late-cycle complacency', 'action': 'Do not chase; keep dry powder', 'buy_trigger': 'SP500 drawdown > 5% or VIX > 25', 'risk_off_trigger': 'Credit spreads widen while VIX rises'}",Wait,Low stress but late-cycle complacency,Do not chase; keep dry powder,0.3,0.2,0.5,Neutral,{'HY spread tightness': 18},"[('Late-Cycle Melt-Up', np.float64(77.7)), ('Benign Risk-On', np.float64(74.1)), ('COVID Crash', 0), ('Inflation / Duration Shock', 0), ('Credit Tightening', 0)]",-0.15392972046964437,-0.007151631638323663,1.8300000000000005,0.4200000000000004,5062.25,4982.77,-0.15392972046964437,-0.16721347093970662,-0.04517891614089331,"('High', ['Limited decision sample size', 'No active shock flag', 'Signals mostly aligned', 'Labor warning low'])",High,"['Limited decision sample size', 'No active shock flag', 'Signals mostly aligned', 'Labor warning low']"
2025-02-25,4.3,4.07,0.22999999999999954,Normal,4.0,-0.497,-0.48567777777777776,2.84,5955.25,19.43,2.38,-0.09999999999999964,0.09999999999999964,-0.03000000000000025,0.029999999999999805,-0.14000000000000012,0.21999999999999975,0.1299999999999999,-0.10000000000000009,-0.09065555555555554,-0.10999999999999943,4.08,-0.028440774082400422,0.022002594799417796,3.9,0.10000000000000009,6144.15,-0.030744692105498683,1.92,0.16999999999999993,0.09999999999999964,-0.32755809059657226,Neutral,Low,Neutral,Neutral,35,15,No Shock,10.4,15,10,0,0,9.6,6.904761904761905,2.857142857142857,0.5714285714285714,17.857142857142858,3.5,39.2,1.1428571428571423,-16.428571428571427,37,42,0,56.3,66.0,0.0,Low,Low,Low,Easy / Supportive,SUPPORTIVE,Low,Low Divergence,Weakening,Elevated,Moderate Complacency,No Setup,RISK ON,NO TRADE,-7.642857142857142,Complacency / Late Cycle,REDUCE RISK,"{'final_decision': 'Wait', 'environment': 'Low stress but late-cycle complacency', 'action': 'Do not chase; keep dry powder', 'buy_trigger': 'SP500 drawdown > 5% or VIX > 25', 'risk_off_trigger': 'Credit spreads widen while VIX rises'}",Wait,Low stress but late-cycle complacency,Do not chase; keep dry powder,0.3,0.2,0.5,Neutral,{'HY spread tightness': 18},"[('Benign Risk-On', np.float64(77.4)), ('Late-Cycle Melt-Up', np.float64(75.1)), ('COVID Crash', 0), ('Inflation / Duration Shock', 0), ('Credit Tightening', 0)]",-0.16329793039754836,-0.018578565131606606,1.7300000000000004,0.41000000000000014,4982.77,4982.77,-0.16329793039754836,-0.16329793039754836,-0.04798937911926451,"('High', ['Limited decision sample size', 'No active shock flag', 'Signals mostly aligned', 'Labor warning low'])",High,"['Limited decision sample size', 'No active shock flag', 'Signals mostly aligned', 'Labor warning low']"
2025-02-26,4.25,4.05,0.20000000000000018,Normal,4.0,-0.497,-0.48625555555555555,2.81,5956.06,19.1,2.36,-0.09999999999999964,0.1200000000000001,-0.04999999999999982,-0.040000000000000036,-0.1200000000000001,0.1299999999999999,0.16000000000000014,-0.20000000000000018,-0.09052222222222223,-0.08999999999999986,3.830000000000002,-0.03061285938657088,0.02053383868325742,3.9,0.10000000000000009,6144.15,-0.03061285938657088,1.8900000000000001,0.13999999999999968,0.1200000000000001,-0.481895598175179,Neutral,Low,Risk-On Confirmation,Neutral,0,15,Equity selloff,11.0,0,0,0,0,9.752380952380951,5.0,1.9047619047619047,0.0,16.428571428571427,3.5,37.0,1.1809523809523803,-15.476190476190474,49,47,0,55.2,63.9,0.0,Low,Low,Low,Easy / Supportive,SUPPORTIVE,Low,Low Divergence,Weakening,Elevated,Moderate Complacency,No Setup,RISK ON,NO TRADE,-7.147619047619047,Complacency / Late Cycle,REDUCE RISK,"{'final_decision': 'Wait', 'environment': 'Low stress but late-cycle complacency', 'action': 'Do not chase; keep dry powder', 'buy_trigger': 'SP500 drawdown > 5% or VIX > 25', 'risk_off_trigger': 'Credit spreads widen while VIX rises'}",Wait,Low stress but late-cycle complacency,Do not chase; keep dry powder,0.3,0.2,0.5,Neutral,"{'Active shock flag': 25, 'HY spread tightness': 18}","[('Benign Risk-On', np.float64(79.4)), ('Late-Cycle Melt-Up', np.float64(72.7)), ('COVID Crash', 0), ('Inflation / Duration Shock', 0), ('Credit Tightening', 0)]",-0.08380708051967256,-0.019148564655158018,1.56,0.5099999999999998,4982.77,4982.77,-0.16341171848503877,-0.16341171848503877,-0.024142124155901768,"('High', ['Limited decision sample size', 'Shock flag active', 'Signals mostly aligned', 'Labor warning low'])",High,"['Limited decision sample size', 'Shock flag active', 'Signals mostly aligned', 'Labor warning low']"
2025-02-27,4.29,4.07,0.21999999999999975,Normal,4.0,-0.497,-0.4868333333333333,2.81,5861.57,21.13,2.37,-0.09999999999999964,0.13000000000000034,0.0,0.010000000000000231,-0.08999999999999986,0.1499999999999999,0.07999999999999963,-0.0699999999999994,-0.09074444444444435,2.419999999999998,5.469999999999999,-0.041838849729955996,0.003193614140899026,3.9,0.10000000000000009,6144.15,-0.04599171569704519,1.92,0.17000000000000037,0.13000000000000034,-0.3238376918526426,Neutral,Low,Neutral,Neutral,0,0,VIX spike | Equity selloff,10.6,35,20,0,0,9.885714285714286,5.238095238095238,2.380952380952381,0.0,15.0,3.5,32.8,1.1904761904761898,-12.380952380952383,27,42,0,50.9,60.5,0.0,Low,Low,Low,Easy / Supportive,SUPPORTIVE,Low,Low Divergence,Weakening,Elevated,Moderate Complacency,No Setup,RISK ON,NO TRADE,-5.595238095238097,Complacency / Late Cycle,REDUCE RISK,"{'final_decision': 'Wait', 'environment': 'Low stress but late-cycle complacency', 'action': 'Do not chase; keep dry powder', 'buy_trigger': 'SP500 drawdown > 5% or VIX > 25', 'risk_off_trigger': 'Credit spreads widen while VIX rises'}",Wait,Low stress but late-cycle complacency,Do not chase; keep dry powder,0.3,0.2,0.5,Neutral,"{'Active shock flag': 25, 'HY spread tightness': 18}","[('Benign Risk-On', np.float64(83.0)), ('Late-Cycle Melt-Up', np.float64(69.3)), ('COVID Crash', 0), ('Inflation / Duration Shock', 0), ('Credit Tightening', 0)]",-0.10125614809684091,-0.010022911950211322,1.6099999999999999,0.5899999999999999,4982.77,4982.77,-0.14992570249950088,-0.14992570249950088,-0.029376844429052272,"('High', ['Limited decision sample size', 'Shock flag active', 'Signals mostly aligned', 'Labor warning low'])",High,"['Limited decision sample size', 'Shock flag active', 'Signals mostly aligned', 'Labor warning low']"
2025-02-28,4.24,3.99,0.25,Normal,4.0,-0.484,-0.4872111111111111,2.87,5954.5,19.63,2.38,-0.09999999999999964,0.1200000000000001,0.020000000000000462,0.1499999999999999,-0.020000000000000018,0.0900000000000003,0.040000000000000036,0.10999999999999988,-0.09076666666666666,3.509999999999998,1.4199999999999982,-0.009750329695183746,0.0007714402402725362,3.9,0.10000000000000009,6144.15,-0.03086675943783923,1.8600000000000003,0.07000000000000028,0.1200000000000001,-0.6353190603890592,Neutral,Low,Neutral,Neutral,15,0,No Shock,10.0,25,20,0,12,9.971428571428572,5.714285714285714,2.857142857142857,0.5714285714285714,13.571428571428571,5.0,27.6,1.0857142857142854,-9.523809523809522,20,42,0,45.9,57.1,0.0,Low,Low,Low,Easy / Supportive,SUPPORTIVE,Low,Low Divergence,Weakening,Elevated,Moderate Complacency,No Setup,RISK ON,NO TRADE,-4.219047619047618,Complacency / Late Cycle,REDUCE RISK,"{'final_decision': 'Wait', 'environment': 'Low stress but late-cycle complacency', 'action': 'Do not chase; keep dry powder', 'buy_trigger': 'SP500 drawdown > 5% or VIX > 25', 'risk_off_trigger': 'Credit spreads widen while VIX rises'}",Wait,Low stress but late-cycle complacency,Do not chase; keep dry powder,0.3,0.2,0.5,Neutral,{'HY spread tightness': 18},"[('Benign Risk-On', np.float64(86.7)), ('Late-Cycle Melt-Up', np.float64(65.8)), ('COVID Crash', 0), ('Inflation / Duration Shock', 0), ('Credit Tightening', 0)]",-0.0992761776807457,-0.005535309429842927,1.3899999999999997,0.3700000000000001,4982.77,4982.77,-0.16319254345453016,-0.16319254345453016,-0.02878285330422371,"('High', ['Limited decision sample size', 'No active shock flag', 'Signals mostly aligned', 'Labor warning low'])",High,"['Limited decision sample size', 'No active shock flag', 'Signals mostly aligned', 'Labor warning low']"
2025-03-03,4.16,3.96,0.20000000000000018,Normal,4.0,-0.484,-0.4875888888888889,2.94,5849.72,22.78,2.36,-0.09999999999999964,0.07000000000000028,-0.07000000000000028,0.20999999999999996,0.06000000000000005,0.16000000000000014,0.06999999999999984,0.14000000000000012,-0.09066666666666667,6.18,3.8000000000000007,-0.022317302469393674,-0.014757450306029263,3.9,0.10000000000000009,6144.15,-0.047920379548025305,1.8000000000000003,0.03000000000000025,0.07000000000000028,-0.9437163750903995,Neutral,Low,Broad Risk-Off,Neutral,0,0,No Shock,11.0,45,30,0,27,10.104761904761906,6.904761904761905,4.285714285714286,1.8571428571428572,12.142857142857142,5.0,21.6,1.0476190476190474,-6.428571428571429,20,34,30,41.7,52.9,3.0,Low,Low,Low,Easy / Supportive,SUPPORTIVE,Low,Low Divergence,Weakening,Elevated,Moderate Complacency,No Setup,RISK ON,NO TRADE,-2.6904761904761907,Complacency / Late Cycle,REDUCE RISK,"{'final_decision': 'Wait', 'environment': 'Low stress but late-cycle complacency', 'action': 'Do not chase; keep dry powder', 'buy_trigger': 'SP500 drawdown > 5% or VIX > 25', 'risk_off_trigger': 'Credit spreads widen while VIX rises'}",Wait,Low stress but late-cycle complacency,Do not chase; keep dry powder,0.3,0.2,0.5,Neutral,{'HY spread tightness': 18},"[('Benign Risk-On', np.float64(90.7)), ('Late-Cycle Melt-Up', np.float64(61.5)), ('COVID Crash', 0), ('Inflation / Duration Shock', 0), ('Credit Tightening', 0)]",-0.07585833168083256,0.006637924550234819,1.1999999999999997,0.29000000000000004,4982.77,4982.77,-0.14820367470579787,-0.14820367470579787,-0.021757499504249767,"('High', ['Limited decision sample size', 'No active shock flag', 'Signals partly aligned', 'Labor warning low'])",High,"['Limited decision sample size', 'No active shock flag', 'Signals partly aligned', 'Labor warning low']"
2025-03-04,4.22,3.96,0.2599999999999998,Normal,4.0,-0.484,-0.48796666666666666,2.99,5778.15,23.51,2.35,-0.09999999999999964,0.08999999999999897,0.03000000000000025,0.3500000000000001,0.11000000000000032,0.15000000000000036,-0.020000000000000018,0.3700000000000001,-0.09056666666666668,7.540000000000001,4.080000000000002,-0.02973846605935948,-0.036438617497073444,3.9,0.10000000000000009,6144.15,-0.05956885818217328,1.8699999999999997,-0.010000000000000675,0.08999999999999897,-0.5762232640454068,Neutral,Low,Broad Risk-Off,Neutral,0,0,No Shock,9.8,70,45,0,40,10.2,10.0,6.428571428571429,3.761904761904762,10.714285714285714,5.0,16.4,1.0285714285714285,-1.4285714285714288,8,26,40,36.3,47.9,7.0,Low,Low,Low,Easy / Supportive,SUPPORTIVE,Low,Low Divergence,Poor,Moderate,Moderate Complacency,No Setup,RISK ON,NO TRADE,-0.20000000000000018,Complacency / Late Cycle,REDUCE RISK,"{'final_decision': 'Wait', 'environment': 'Low stress but late-cycle complacency', 'action': 'Do not chase; keep dry powder', 'buy_trigger': 'SP500 drawdown > 5% or VIX > 25', 'risk_off_trigger': 'Credit spreads widen while VIX rises'}",Wait,Low stress but late-cycle complacency,Do not chase; keep dry powder,0.3,0.2,0.5,Neutral,{'HY spread tightness': 18},"[('Benign Risk-On', np.float64(92.4)), ('Late-Cycle Melt-Up', np.float64(56.1)), ('Credit Tightening', np.float64(2.8)), ('COVID Crash', 0), ('Inflation / Duration Shock', 0)]",-0.06602805396190814,0.023194274984207786,1.0999999999999996,0.22999999999999998,4982.77,4982.77,-0.13765305504356917,-0.13765305504356917,-0.01880841618857244,"('High', ['Limited decision sample size', 'No active shock flag', 'Signals partly aligned', 'Labor warning low'])",High,"['Limited decision sample size', 'No active shock flag', 'Signals partly aligned', 'Labor warning low']"
2025-03-05,4.28,3.99,0.29000000000000004,Normal,4.0,-0.484,-0.48834444444444436,2.88,5842.63,21.93,2.34,-0.09999999999999964,0.1200000000000001,0.08999999999999986,0.27,-0.040000000000000036,0.06999999999999984,-0.050000000000000266,0.3200000000000003,-0.09046666666666658,6.869999999999999,2.8299999999999983,-0.01904446899460388,-0.034154703731377745,3.9,0.10000000000000009,6144.15,-0.049074322729750985,1.9400000000000004,0.07000000000000028,0.1200000000000001,-0.2111599428079351,Neutral,Low,Broad Risk-Off,Neutral,0,0,No Shock,9.2,70,45,0,27,10.190476190476192,13.095238095238095,8.571428571428571,5.0476190476190474,9.285714285714286,5.0,11.2,0.9333333333333353,3.095238095238095,12,42,30,31.3,44.5,10.0,Low,Low,Low,Easy / Supportive,SUPPORTIVE,Low,Low Divergence,Poor,Moderate,Moderate Complacency,No Setup,RISK ON,NO TRADE,2.014285714285715,Early Deterioration,MONITOR,"{'final_decision': 'Neutral', 'environment': 'Mixed / neutral', 'action': 'Neutral positioning', 'buy_trigger': 'Wait for clearer mean-reversion or benign setup', 'risk_off_trigger': 'Shock flag or rising macro/credit stress'}",Neutral,Mixed / neutral,Neutral positioning,0.45,0.25,0.3,Neutral,{'HY spread tightness': 18},"[('Benign Risk-On', np.float64(89.5)), ('Late-Cycle Melt-Up', np.float64(51.9)), ('Credit Tightening', np.float64(6.6)), ('COVID Crash', 0), ('Inflation / Duration Shock', 0)]",-0.09703335655347001,0.011820019409067406,1.2800000000000002,0.43000000000000016,4982.77,4982.77,-0.14717002445816352,-0.14717002445816352,-0.043065010449061504,"('High', ['Adequate decision sample size', 'No active shock flag', 'Signals partly aligned', 'Labor warning low'])",High,"['Adequate decision sample size', 'No active shock flag', 'Signals partly aligned', 'Labor warning low']"
2025-03-06,4.29,3.96,0.33000000000000007,Normal,4.0,-0.484,-0.4887222222222222,2.99,5738.52,24.87,2.34,-0.09999999999999964,0.16000000000000014,0.11000000000000032,0.40000000000000036,0.040000000000000036,0.18000000000000016,-0.08000000000000007,0.4800000000000004,-0.0903666666666667,9.770000000000001,3.740000000000002,-0.020992669199548786,-0.05715229274592237,3.9,0.10000000000000009,6144.15,-0.06601889602304623,1.9500000000000002,0.020000000000000018,0.16000000000000014,-0.16069623066461353,Neutral,Low,Broad Risk-Off,Neutral,0,0,No Shock,8.4,80,45,0,40,10.17142857142857,16.904761904761905,10.714285714285714,6.9523809523809526,8.571428571428571,5.0,6.0,0.8571428571428559,7.857142857142858,0,26,40,25.1,39.5,14.0,Low,Low,Low,Easy / Supportive,SUPPORTIVE,Low,Low Divergence,Poor,Moderate,Low Complacency,No Setup,RISK ON,NO TRADE,4.357142857142857,Early Deterioration,MONITOR,"{'final_decision': 'Neutral', 'environment': 'Benign but not enough edge to force exposure', 'action': 'Maintain neutral risk posture', 'buy_trigger': 'Complacency reset or mean-reversion setup', 'risk_off_trigger': 'Complacency > 70 or shock flag'}",Neutral,Benign but not enough edge to force exposure,Maintain neutral risk posture,0.45,0.25,0.3,Neutral,{'HY spread tightness': 18},"[('Benign Risk-On', np.float64(83.4)), ('Late-Cycle Melt-Up', np.float64(45.7)), ('Credit Tightening', np.float64(11.6)), ('COVID Crash', 0), ('Inflation / Duration Shock', 0)]",-0.07943163045523938,0.034402598579424515,1.0299999999999994,0.2799999999999998,4982.77,4982.77,-0.13169771996960888,-0.13169771996960888,-0.03514423370485772,"('High', ['Adequate decision sample size', 'No active shock flag', 'Signals partly aligned', 'Labor warning low'])",High,"['Adequate decision sample size', 'No active shock flag', 'Signals partly aligned', 'Labor warning low']"
2025-03-07,4.32,3.99,0.33000000000000007,Normal,4.0,-0.467,-0.4888444444444444,2.97,5770.2,23.37,2.33,-0.09999999999999964,0.1900000000000004,0.08000000000000007,0.3600000000000003,0.040000000000000036,0.10000000000000009,-0.06000000000000005,0.4200000000000004,-0.09001111111111115,8.350000000000001,3.740000000000002,-0.030951381308254255,-0.05695808430208327,3.9,0.10000000000000009,6144.15,-0.06086277190498279,1.9900000000000002,0.08000000000000007,0.1900000000000004,0.04605703635145557,Neutral,Low,Broad Risk-Off,Neutral,0,0,Equity selloff,8.4,80,45,0,40,10.104761904761904,20.714285714285715,12.857142857142858,8.857142857142858,7.857142857142857,5.0,4.5,0.7142857142857153,13.095238095238097,0,26,40,21.2,37.4,18.0,Low,Moderate,Low,Easy / Supportive,SUPPORTIVE,Low,Low Divergence,Poor,Moderate,Low Complacency,No Setup,RISK ON,NO TRADE,6.904761904761906,Early Deterioration,MONITOR,"{'final_decision': 'Neutral', 'environment': 'Benign but not enough edge to force exposure', 'action': 'Maintain neutral risk posture', 'buy_trigger': 'Complacency reset or mean-reversion setup', 'risk_off_trigger': 'Complacency > 70 or shock flag'}",Neutral,Benign but not enough edge to force exposure,Maintain neutral risk posture,0.45,0.25,0.3,Neutral,"{'Active shock flag': 25, 'HY spread tightness': 18}","[('Benign Risk-On', np.float64(77.6)), ('Late-Cycle Melt-Up', np.float64(41.9)), ('Credit Tightening', np.float64(15.9)), ('COVID Crash', 0), ('Inflation / Duration Shock', 0)]",-0.106062181553499,0.034690305362032436,1.19,0.21999999999999975,4982.77,4982.77,-0.13646494055665304,-0.13646494055665304,-0.04712798169907455,"('High', ['Adequate decision sample size', 'Shock flag active', 'Signals partly aligned', 'Labor warning low'])",High,"['Adequate decision sample size', 'Shock flag active', 'Signals partly aligned', 'Labor warning low']"
2025-03-10,4.22,3.89,0.3299999999999996,Normal,4.0,-0.467,-0.4889666666666667,3.16,5614.56,27.86,2.31,-0.09999999999999964,0.18999999999999995,0.12999999999999945,0.56,0.27,0.2200000000000002,-0.06999999999999984,0.6299999999999999,-0.08951111111111115,13.01,5.079999999999998,-0.04020021471113144,-0.07976739154663637,3.9,0.10000000000000009,6144.15,-0.08619418471228713,1.9099999999999997,-0.050000000000000266,0.18999999999999995,-0.3747610036539591,Neutral,Low,Broad Risk-Off,Neutral,0,0,VIX spike | Equity selloff,8.4,95,45,0,55,10.019047619047619,25.238095238095237,15.0,11.476190476190476,7.142857142857143,5.0,3.0,0.5428571428571427,18.333333333333332,0,18,65,17.3,34.5,24.5,Low,Moderate,Low,Easy / Supportive,SUPPORTIVE,Low,Low Divergence,Poor,Low,Low Complacency,Weak Setup,RISK ON,WAIT,9.438095238095237,Early Deterioration,MONITOR,"{'final_decision': 'Neutral', 'environment': 'Benign but not enough edge to force exposure', 'action': 'Maintain neutral risk posture', 'buy_trigger': 'Complacency reset or mean-reversion setup', 'risk_off_trigger': 'Complacency > 70 or shock flag'}",Neutral,Benign but not enough edge to force exposure,Maintain neutral risk posture,0.45,0.25,0.3,Neutral,{'Active shock flag': 25},"[('Benign Risk-On', np.float64(69.2)), ('Late-Cycle Melt-Up', np.float64(35.9)), ('Credit Tightening', np.float64(21.6)), ('COVID Crash', 0), ('Inflation / Duration Shock', 0)]",-0.0582058077569747,0.06345109857228359,0.8300000000000001,0.06999999999999984,4982.77,4982.77,-0.11252707246872418,-0.11252707246872418,-0.025592613490638617,"('High', ['Adequate decision sample size', 'Shock flag active', 'Signals partly aligned', 'Labor warning low'])",High,"['Adequate decision sample size', 'Shock flag active', 'Signals partly aligned', 'Labor warning low']"
2025-03-11,4.28,3.94,0.3400000000000003,Normal,4.0,-0.467,-0.4890888888888889,3.22,5572.07,26.92,2.31,-0.09999999999999964,0.18000000000000016,0.08000000000000052,0.56,0.40000000000000036,0.22999999999999998,0.020000000000000018,0.54,-0.08901111111111115,9.020000000000003,3.41,-0.035665394633230374,-0.07321847951193228,3.9,0.10000000000000009,6144.15,-0.09310970598048551,1.9700000000000002,-0.020000000000000018,0.18000000000000016,-0.06408656224910302,Neutral,Low,Broad Risk-Off,Neutral,0,0,Equity selloff,8.2,100,45,0,55,9.885714285714286,29.285714285714285,16.666666666666668,14.095238095238095,6.428571428571429,1.5,1.5,0.2857142857142865,22.38095238095238,0,18,65,13.6,32.1,31.0,Low,Moderate,Low,Easy / Supportive,SUPPORTIVE,Low,Low Divergence,Poor,Low,Low Complacency,Weak Setup,RISK ON,WAIT,11.333333333333332,Early Deterioration,MONITOR,"{'final_decision': 'Neutral', 'environment': 'Benign but not enough edge to force exposure', 'action': 'Maintain neutral risk posture', 'buy_trigger': 'Complacency reset or mean-reversion setup', 'risk_off_trigger': 'Complacency > 70 or shock flag'}",Neutral,Benign but not enough edge to force exposure,Maintain neutral risk posture,0.45,0.25,0.3,Neutral,{'Active shock flag': 25},"[('Benign Risk-On', np.float64(61.1)), ('Late-Cycle Melt-Up', np.float64(30.0)), ('Credit Tightening', np.float64(26.3)), ('COVID Crash', 0), ('Inflation / Duration Shock', 0)]",-0.03521312546324795,0.06590548934238094,0.5299999999999998,-0.040000000000000036,4982.77,4982.77,-0.10575961895668917,-0.10575961895668917,-0.015245906458461578,"('High', ['Adequate decision sample size', 'Shock flag active', 'Signals partly aligned', 'Labor warning low'])",High,"['Adequate decision sample size', 'Shock flag active', 'Signals partly aligned', 'Labor warning low']"
2025-03-12,4.32,4.01,0.3100000000000005,Normal,4.0,-0.467,-0.48921111111111115,3.2,5599.3,24.23,2.33,-0.09999999999999964,0.14000000000000057,0.020000000000000462,0.54,0.3500000000000001,0.3200000000000003,0.0,0.54,-0.08851111111111115,7.82,2.3000000000000007,-0.041647340324477145,-0.07719564250045319,3.9,0.10000000000000009,6144.15,-0.088677848034309,1.9900000000000002,0.009999999999999787,0.14000000000000057,0.03709749007563183,Neutral,Low,Broad Risk-Off,Neutral,0,0,HY spread widening | Equity selloff,8.8,100,45,0,55,9.80952380952381,34.04761904761905,18.80952380952381,16.714285714285715,5.714285714285714,1.5,0.0,0.057142857142858716,29.04761904761905,0,18,50,8.7,29.2,36.0,Low,Moderate,Low,Easy / Supportive,SUPPORTIVE,Low,Low Divergence,Poor,Low,Low Complacency,Weak Setup,RISK ON,WAIT,14.552380952380954,Stable / Neutral,NEUTRAL,"{'final_decision': 'Neutral', 'environment': 'Mixed / neutral', 'action': 'Neutral positioning', 'buy_trigger': 'Wait for clearer mean-reversion or benign setup', 'risk_off_trigger': 'Shock flag or rising macro/credit stress'}",Neutral,Mixed / neutral,Neutral positioning,0.45,0.25,0.3,Neutral,{'Active shock flag': 25},"[('Benign Risk-On', np.float64(53.7)), ('Credit Tightening', np.float64(30.4)), ('Late-Cycle Melt-Up', np.float64(23.8)), ('COVID Crash', 0), ('Inflation / Duration Shock', 0)]",-0.0204543425070991,0.07162681049416886,0.5299999999999998,-0.11000000000000032,4982.77,4982.77,-0.11010840640794384,-0.11010840640794384,-0.008604454128194595,"('Medium', ['Adequate decision sample size', 'Shock flag active', 'Signals conflicting', 'Labor warning low'])",Medium,"['Adequate decision sample size', 'Shock flag active', 'Signals conflicting', 'Labor warning low']"
2025-03-13,4.27,3.94,0.3299999999999996,Normal,4.0,-0.467,-0.48933333333333334,3.4,5521.52,24.66,2.29,-0.09999999999999964,0.18999999999999995,-4.440892098500626e-16,0.7199999999999998,0.6000000000000001,0.4099999999999997,0.0,0.7199999999999998,-0.0880111111111111,8.100000000000001,-0.21000000000000085,-0.037814628161965125,-0.08573661560674972,3.9,0.10000000000000009,6144.15,-0.10133704418023637,1.9799999999999995,0.02999999999999936,0.18999999999999995,-0.018996925210077457,Neutral,Low,Broad Risk-Off,Neutral,0,0,HY spread widening | Equity selloff,8.4,100,45,0,55,9.733333333333334,38.80952380952381,20.952380952380953,19.333333333333332,5.0,1.5,0.0,-0.15238095238095184,33.57142857142857,8,18,55,6.8,26.8,41.5,Low,Moderate,Moderate,Easy / Supportive,SUPPORTIVE,Low,Low Divergence,Poor,Low,Low Complacency,Moderate Mean-Reversion Setup,RISK ON,WATCH ENTRY,16.70952380952381,Stable / Neutral,NEUTRAL,"{'final_decision': 'Watch Entry', 'environment': 'Stress building but entry setup incomplete', 'action': 'Watch for entry, do not chase yet', 'buy_trigger': 'VIX > 25, SP500 drawdown > 5%, HY spread stabilization', 'risk_off_trigger': 'HY 5D widening > 0.25 and VIX +5'}",Watch Entry,Stress building but entry setup incomplete,"Watch for entry, do not chase yet",0.35,0.25,0.4,Neutral / Slight Long,{'Active shock flag': 25},"[('Benign Risk-On', np.float64(46.1)), ('Credit Tightening', np.float64(34.1)), ('Late-Cycle Melt-Up', np.float64(17.5)), ('COVID Crash', 0), ('Inflation / Duration Shock', 0)]",0.0006682942378184453,0.0877222214172908,0.27,-0.2799999999999998,4982.77,4982.77,-0.09757276981700691,-0.09757276981700691,0.001033902983236456,"('Medium', ['Adequate decision sample size', 'Shock flag active', 'Signals conflicting', 'Labor warning low'])",Medium,"['Adequate decision sample size', 'Shock flag active', 'Signals conflicting', 'Labor warning low']"
2025-03-14,4.31,4.02,0.29000000000000004,Normal,4.0,-0.449,-0.4891777777777777,3.25,5638.94,21.77,2.3,-0.09999999999999964,0.16999999999999993,-0.040000000000000036,0.5800000000000001,0.3700000000000001,0.2799999999999998,-0.020000000000000018,0.6000000000000001,-0.08723333333333327,5.93,-1.6000000000000014,-0.022747911684170452,-0.0711938555500835,3.9,0.10000000000000009,6144.15,-0.08222618262900483,2.01,0.05999999999999961,0.16999999999999993,0.135237850370244,Neutral,Low,Broad Risk-Off,Neutral,0,0,HY spread widening,9.2,100,45,0,42,9.704761904761904,43.57142857142857,23.095238095238095,21.333333333333332,3.5714285714285716,0.0,0.0,-0.2666666666666675,37.857142857142854,8,26,65,5.6,25.2,48.0,Low,Elevated,Moderate,Neutral,NEUTRAL,Low,Low Divergence,Poor,Low,Low Complacency,Moderate Mean-Reversion Setup,RISK ON,WATCH ENTRY,18.795238095238094,Stable / Neutral,NEUTRAL,"{'final_decision': 'Stress / Stabilization Watch', 'environment': 'Active deterioration or shock', 'action': 'Reduce risk and monitor for stabilization', 'buy_trigger': 'Wait for VIX rollover, HY spread stabilization, and equity drawdown exhaustion', 'risk_off_trigger': 'Already triggered'}",Stress / Stabilization Watch,Active deterioration or shock,Reduce risk and monitor for stabilization,0.25,0.15,0.6,Long Duration,"{'Active shock flag': 25, 'Credit stress': 20}","[('Benign Risk-On', np.float64(37.8)), ('Credit Tightening', np.float64(36.8)), ('Late-Cycle Melt-Up', np.float64(11.0)), ('COVID Crash', 0), ('Inflation / Duration Shock', 0)]",-0.01954090662429453,0.07091226365238867,0.48,-0.1299999999999999,4982.77,4982.77,-0.11636406842420721,-0.11636406842420721,-0.0036852266560736327,"('Medium', ['Adequate decision sample size', 'Shock flag active', 'Signals conflicting', 'Labor warning low'])",Medium,"['Adequate decision sample size', 'Shock flag active', 'Signals conflicting', 'Labor warning low']"
2025-03-17,4.31,4.06,0.25,Normal,4.0,-0.449,-0.48902222222222225,3.18,5675.12,20.51,2.29,-0.20000000000000018,0.08999999999999986,-0.07999999999999963,0.5,0.3500000000000001,0.020000000000000018,-0.06999999999999984,0.5699999999999998,-0.08631111111111112,4.080000000000002,-7.349999999999998,0.010786241486420822,-0.06049303620708779,3.9,0.10000000000000009,6144.15,-0.07633765451689811,2.0199999999999996,-0.020000000000000462,0.08999999999999986,0.1847131676675324,Neutral,Low,Broad Risk-Off,Neutral,0,0,No Shock,10.0,80,35,0,27,9.666666666666666,47.38095238095238,24.761904761904763,22.61904761904762,2.857142857142857,0.0,0.0,-0.4380952380952401,40.476190476190474,8,26,40,4.4,24.4,49.0,Low,Elevated,Moderate,Neutral,NEUTRAL,Low,Low Divergence,Poor,Low,Low Complacency,Moderate Mean-Reversion Setup,RISK ON,WATCH ENTRY,20.01904761904762,Stable / Neutral,NEUTRAL,"{'final_decision': 'Watch Entry', 'environment': 'Stress building but entry setup incomplete', 'action': 'Watch for entry, do not chase yet', 'buy_trigger': 'VIX > 25, SP500 drawdown > 5%, HY spread stabilization', 'risk_off_trigger': 'HY 5D widening > 0.25 and VIX +5'}",Watch Entry,Stress building but entry setup incomplete,"Watch for entry, do not chase yet",0.35,0.25,0.4,Neutral / Slight Long,{'Credit stress': 20},"[('Credit Tightening', np.float64(38.2)), ('Benign Risk-On', np.float64(34.6)), ('Late-Cycle Melt-Up', np.float64(8.2)), ('COVID Crash', 0), ('Inflation / Duration Shock', 0)]",-0.020138781206388567,0.06116522646217182,0.56,-0.06000000000000005,4982.77,4982.77,-0.1219974203188654,-0.1219974203188654,-0.006248573422235997,"('Medium', ['Adequate decision sample size', 'No active shock flag', 'Signals conflicting', 'Labor warning low'])",Medium,"['Adequate decision sample size', 'No active shock flag', 'Signals conflicting', 'Labor warning low']"
2025-03-18,4.29,4.04,0.25,Normal,4.0,-0.449,-0.4888666666666666,3.23,5614.66,21.7,2.3,-0.20000000000000018,0.11000000000000032,-0.0900000000000003,0.5,0.3599999999999999,0.009999999999999787,0.0,0.5,-0.0853888888888889,3.0799999999999983,-5.220000000000002,0.007643478994341368,-0.06337568833127316,3.9,0.10000000000000009,6144.15,-0.08617790906797518,1.9900000000000002,-0.03999999999999959,0.11000000000000032,0.024487263629904523,Neutral,Low,Broad Risk-Off,Neutral,0,0,No Shock,10.0,80,35,0,27,9.628571428571428,51.19047619047619,26.428571428571427,23.904761904761905,2.142857142857143,0.0,0.0,-0.5714285714285712,41.19047619047619,8,26,50,4.4,24.4,50.0,Low,Elevated,Moderate,Neutral,NEUTRAL,Low,Low Divergence,Poor,Low,Low Complacency,Moderate Mean-Reversion Setup,RISK ON,WATCH ENTRY,20.30952380952381,Deteriorating / Rising Stress,REDUCE RISK,"{'final_decision': 'Watch Entry', 'environment': 'Stress building but entry setup incomplete', 'action': 'Watch for entry, do not chase yet', 'buy_trigger': 'VIX > 25, SP500 drawdown > 5%, HY spread stabilization', 'risk_off_trigger': 'HY 5D widening > 0.25 and VIX +5'}",Watch Entry,Stress building but entry setup incomplete,"Watch for entry, do not chase yet",0.35,0.25,0.4,Neutral / Slight Long,{'Credit stress': 20},"[('Credit Tightening', np.float64(39.3)), ('Benign Risk-On', np.float64(31.6)), ('Late-Cycle Melt-Up', np.float64(5.9)), ('COVID Crash', 0), ('Inflation / Duration Shock', 0)]",-0.008121595964849071,0.07669208821193108,0.71,-0.06000000000000005,4982.77,4982.77,-0.11254287882080116,-0.11254287882080116,-0.0020425585876971747,"('Medium', ['Adequate decision sample size', 'No active shock flag', 'Signals conflicting', 'Labor warning low'])",Medium,"['Adequate decision sample size', 'No active shock flag', 'Signals conflicting', 'Labor warning low']"
2025-03-19,4.25,3.99,0.2599999999999998,Normal,4.0,-0.449,-0.48871111111111104,3.19,5675.29,19.9,2.31,-0.20000000000000018,0.1900000000000004,-0.05000000000000071,0.48,0.33000000000000007,-0.010000000000000231,-0.20000000000000018,0.6800000000000002,-0.08446666666666663,2.6899999999999977,-4.330000000000002,0.01357133927455223,-0.06005253499572705,3.9,0.10000000000000009,6144.15,-0.07630998592156757,1.94,-0.04999999999999982,0.1900000000000004,-0.23814853345325984,Neutral,Low,Broad Risk-Off,Neutral,15,0,No Shock,9.8,55,35,0,15,9.62857142857143,53.80952380952381,28.095238095238095,24.61904761904762,1.4285714285714286,1.5,0.0,-0.5619047619047617,40.714285714285715,8,26,50,4.0,22.8,52.0,Low,Elevated,Moderate,Neutral,NEUTRAL,Low,Low Divergence,Poor,Low,Low Complacency,Moderate Mean-Reversion Setup,RISK ON,WATCH ENTRY,20.076190476190476,Deteriorating / Rising Stress,REDUCE RISK,"{'final_decision': 'Watch Entry', 'environment': 'Stress building but entry setup incomplete', 'action': 'Watch for entry, do not chase yet', 'buy_trigger': 'VIX > 25, SP500 drawdown > 5%, HY spread stabilization', 'risk_off_trigger': 'HY 5D widening > 0.25 and VIX +5'}",Watch Entry,Stress building but entry setup incomplete,"Watch for entry, do not chase yet",0.35,0.25,0.4,Neutral / Slight Long,{'Credit stress': 20},"[('Credit Tightening', np.float64(39.9)), ('Benign Risk-On', np.float64(28.0)), ('Late-Cycle Melt-Up', np.float64(2.5)), ('COVID Crash', 0), ('Inflation / Duration Shock', 0)]",-0.012536804286653158,0.05315675498520789,0.5899999999999999,-0.009999999999999787,4982.77,4982.77,-0.12202372037376052,-0.12202372037376052,-0.0035878815003286047,"('Medium', ['Adequate decision sample size', 'No active shock flag', 'Signals conflicting', 'Labor warning low'])",Medium,"['Adequate decision sample size', 'No active shock flag', 'Signals conflicting', 'Labor warning low']"
2025-03-20,4.24,3.95,0.29000000000000004,Normal,4.0,-0.449,-0.48855555555555563,3.17,5662.89,19.8,2.31,-0.20000000000000018,0.13999999999999968,-0.03999999999999959,0.48,0.4299999999999997,-0.22999999999999998,-0.16999999999999993,0.6499999999999999,-0.08354444444444459,4.030000000000001,-4.859999999999999,0.025603457019081732,-0.06575786771547532,3.9,0.10000000000000009,6144.15,-0.07832816581626412,1.9300000000000002,-0.10999999999999988,0.13999999999999968,-0.28958059584118556,Neutral,Low,Broad Risk-Off,Neutral,15,15,No Shock,9.2,70,35,0,27,9.59047619047619,57.142857142857146,29.761904761904763,25.904761904761905,0.7142857142857143,3.0,1.5,-0.5809523809523807,40.23809523809524,8,26,50,4.8,22.8,53.0,Low,Elevated,Moderate,Neutral,NEUTRAL,Low,Low Divergence,Poor,Low,Low Complacency,Moderate Mean-Reversion Setup,RISK ON,WATCH ENTRY,19.82857142857143,Deteriorating / Rising Stress,REDUCE RISK,"{'final_decision': 'Watch Entry', 'environment': 'Stress building but entry setup incomplete', 'action': 'Watch for entry, do not chase yet', 'buy_trigger': 'VIX > 25, SP500 drawdown > 5%, HY spread stabilization', 'risk_off_trigger': 'HY 5D widening > 0.25 and VIX +5'}",Watch Entry,Stress building but entry setup incomplete,"Watch for entry, do not chase yet",0.35,0.25,0.4,Neutral / Slight Long,{'Credit stress': 20},"[('Credit Tightening', np.float64(40.5)), ('Benign Risk-On', np.float64(25.1)), ('Late-Cycle Melt-Up', np.float64(0.3)), ('COVID Crash', 0), ('Inflation / Duration Shock', 0)]",0.004199269277700868,0.06537651269934597,0.43000000000000016,-0.06999999999999984,4982.77,4982.77,-0.12010122040159699,-0.12010122040159699,0.0022697442471953035,"('Medium', ['Adequate decision sample size', 'No active shock flag', 'Signals conflicting', 'Labor warning low'])",Medium,"['Adequate decision sample size', 'No active shock flag', 'Signals conflicting', 'Labor warning low']"
2025-03-21,4.25,3.94,0.31000000000000005,Normal,4.0,-0.431,-0.4881111111111111,3.21,5667.56,19.28,2.33,-0.20000000000000018,0.2100000000000004,0.020000000000000018,0.5499999999999998,0.48,-0.040000000000000036,-0.18999999999999995,0.7399999999999998,-0.08233333333333337,3.780000000000001,-2.4899999999999984,0.0050754219764708175,-0.0683825451174227,3.9,0.10000000000000009,6144.15,-0.07756809322689051,1.92,-0.05999999999999961,0.2100000000000004,-0.33996593266685954,Neutral,Low,Broad Risk-Off,Neutral,15,0,No Shock,8.8,80,35,0,42,9.504761904761905,60.95238095238095,31.428571428571427,27.904761904761905,0.0,4.5,1.5,-0.5999999999999996,40.238095238095234,8,26,60,5.6,22.8,55.0,Low,Elevated,Moderate,Neutral,NEUTRAL,Low,Low Divergence,Poor,Low,Low Complacency,Moderate Mean-Reversion Setup,RISK ON,WATCH ENTRY,19.819047619047616,Deteriorating / Rising Stress,REDUCE RISK,"{'final_decision': 'Watch Entry', 'environment': 'Stress building but entry setup incomplete', 'action': 'Watch for entry, do not chase yet', 'buy_trigger': 'VIX > 25, SP500 drawdown > 5%, HY spread stabilization', 'risk_off_trigger': 'HY 5D widening > 0.25 and VIX +5'}",Watch Entry,Stress building but entry setup incomplete,"Watch for entry, do not chase yet",0.35,0.25,0.4,Neutral / Slight Long,{'Credit stress': 20},"[('Credit Tightening', np.float64(40.9)), ('Benign Risk-On', np.float64(21.2)), ('COVID Crash', 0), ('Inflation / Duration Shock', 0), ('Late-Cycle Melt-Up', 0)]",-0.0030312868324288145,0.05560770419722072,0.3900000000000001,-0.040000000000000036,4982.77,4982.77,-0.12082624621530247,-0.12082624621530247,-0.00026095039135008485,"('Medium', ['Adequate decision sample size', 'No active shock flag', 'Signals conflicting', 'Labor warning low'])",Medium,"['Adequate decision sample size', 'No active shock flag', 'Signals conflicting', 'Labor warning low']"
2025-03-24,4.34,4.04,0.2999999999999998,Normal,4.0,-0.431,-0.4876666666666667,3.05,5767.57,17.48,2.36,-0.20000000000000018,0.2599999999999998,0.04999999999999982,0.3799999999999999,0.41999999999999993,-0.13000000000000034,-0.18999999999999995,0.5699999999999998,-0.08098888888888894,0.9400000000000013,-3.030000000000001,0.016290404431976713,-0.04288423976807132,3.9,0.10000000000000009,6144.15,-0.06129082135039021,1.98,0.03000000000000025,0.2599999999999998,-0.023222574057722205,Neutral,Low,Broad Risk-Off,Credit Warning / Vol Complacency,30,27,No Shock,9.0,80,25,0,15,9.438095238095238,64.76190476190476,32.61904761904762,28.61904761904762,0.0,7.5,4.2,-0.5809523809523807,39.52380952380952,8,33,50,6.4,24.3,53.5,Low,Elevated,Moderate,Neutral,NEUTRAL,Low,Low Divergence,Poor,Low,Low Complacency,Moderate Mean-Reversion Setup,RISK ON,WATCH ENTRY,19.471428571428568,Deteriorating / Rising Stress,REDUCE RISK,"{'final_decision': 'Watch Entry', 'environment': 'Stress building but entry setup incomplete', 'action': 'Watch for entry, do not chase yet', 'buy_trigger': 'VIX > 25, SP500 drawdown > 5%, HY spread stabilization', 'risk_off_trigger': 'HY 5D widening > 0.25 and VIX +5'}",Watch Entry,Stress building but entry setup incomplete,"Watch for entry, do not chase yet",0.35,0.25,0.4,Neutral / Slight Long,"{'Credit stress': 20, 'Low VIX': 15}","[('Credit Tightening', np.float64(41.7)), ('Benign Risk-On', np.float64(20.1)), ('COVID Crash', 0), ('Inflation / Duration Shock', 0), ('Late-Cycle Melt-Up', 0)]",-0.02785575207583091,0.03698264607104895,0.6100000000000003,0.11000000000000032,4982.77,4982.77,-0.1360711703542392,-0.1360711703542392,-0.008949513226540817,"('Medium', ['Adequate decision sample size', 'No active shock flag', 'Signals conflicting', 'Labor warning low'])",Medium,"['Adequate decision sample size', 'No active shock flag', 'Signals conflicting', 'Labor warning low']"
2025-03-25,4.31,3.96,0.34999999999999964,Normal,4.0,-0.431,-0.4872222222222222,3.09,5776.65,17.15,2.35,-0.20000000000000018,0.2599999999999998,0.09999999999999964,0.4299999999999997,0.48,-0.14000000000000012,-0.19999999999999973,0.6299999999999994,-0.0787444444444444,1.339999999999998,-4.550000000000001,0.02885125724442794,-0.047769367207126434,3.9,0.10000000000000009,6144.15,-0.059812992846854374,1.9599999999999995,-0.1200000000000001,0.2599999999999998,-0.12866561302251986,Neutral,Low,Broad Risk-Off,Credit Warning / Vol Complacency,30,27,No Shock,8.0,80,25,0,15,9.361904761904762,68.57142857142857,33.80952380952381,29.333333333333332,0.0,10.5,6.9,-0.5238095238095237,39.285714285714285,8,33,50,7.2,25.8,52.0,Low,Elevated,Moderate,Neutral,NEUTRAL,Low,Low Divergence,Poor,Low,Low Complacency,Moderate Mean-Reversion Setup,RISK ON,WATCH ENTRY,19.38095238095238,Deteriorating / Rising Stress,REDUCE RISK,"{'final_decision': 'Watch Entry', 'environment': 'Stress building but entry setup incomplete', 'action': 'Watch for entry, do not chase yet', 'buy_trigger': 'VIX > 25, SP500 drawdown > 5%, HY spread stabilization', 'risk_off_trigger': 'HY 5D widening > 0.25 and VIX +5'}",Watch Entry,Stress building but entry setup incomplete,"Watch for entry, do not chase yet",0.35,0.25,0.4,Neutral / Slight Long,"{'Credit stress': 20, 'Low VIX': 15}","[('Credit Tightening', np.float64(42.2)), ('Benign Risk-On', np.float64(18.7)), ('COVID Crash', 0), ('Inflation / Duration Shock', 0), ('Late-Cycle Melt-Up', 0)]",-0.025165104342482203,0.033097037210147784,0.5800000000000001,0.040000000000000036,4982.77,4982.77,-0.1374291328018833,-0.1374291328018833,-0.00800778651986877,"('Medium', ['Adequate decision sample size', 'No active shock flag', 'Signals conflicting', 'Labor warning low'])",Medium,"['Adequate decision sample size', 'No active shock flag', 'Signals conflicting', 'Labor warning low']"
2025-03-26,4.35,3.98,0.36999999999999966,Normal,4.0,-0.431,-0.4867777777777778,3.19,5712.2,18.33,2.37,-0.20000000000000018,0.19999999999999885,0.10999999999999988,0.5299999999999998,0.5499999999999998,0.0,-0.17999999999999972,0.7099999999999995,-0.07740000000000002,2.3099999999999987,-1.5700000000000003,0.0065036324134977175,-0.05871302628326602,3.9,0.10000000000000009,6144.15,-0.07030264560598287,1.9799999999999995,-0.11000000000000076,0.19999999999999885,-0.024272601510673154,Neutral,Low,Broad Risk-Off,Neutral,15,0,No Shock,7.6,80,35,0,30,9.22857142857143,71.66666666666667,35.0,30.761904761904763,0.0,12.0,6.9,-0.5809523809523807,37.61904761904762,8,26,70,8.0,26.6,54.0,Low,High Stress,Moderate,Neutral,NEUTRAL,Low,Low Divergence,Poor,Low,Low Complacency,Moderate Mean-Reversion Setup,RISK ON,WATCH ENTRY,18.51904761904762,Deteriorating / Rising Stress,REDUCE RISK,"{'final_decision': 'Watch Entry', 'environment': 'Stress building but entry setup incomplete', 'action': 'Watch for entry, do not chase yet', 'buy_trigger': 'VIX > 25, SP500 drawdown > 5%, HY spread stabilization', 'risk_off_trigger': 'HY 5D widening > 0.25 and VIX +5'}",Watch Entry,Stress building but entry setup incomplete,"Watch for entry, do not chase yet",0.35,0.25,0.4,Neutral / Slight Long,{'Credit stress': 20},"[('Credit Tightening', np.float64(42.4)), ('Benign Risk-On', np.float64(15.4)), ('COVID Crash', 0), ('Inflation / Duration Shock', 0), ('Late-Cycle Melt-Up', 0)]",-0.008448583733062565,0.054789748258114335,0.31999999999999984,-0.06999999999999984,4982.77,4982.77,-0.12769685935366404,-0.12769685935366404,-0.0021570043065718973,"('Medium', ['Adequate decision sample size', 'No active shock flag', 'Signals conflicting', 'Labor warning low'])",Medium,"['Adequate decision sample size', 'No active shock flag', 'Signals conflicting', 'Labor warning low']"
2025-03-27,4.38,3.97,0.4099999999999997,Normal,4.0,-0.431,-0.4863333333333333,3.27,5693.31,18.69,2.39,-0.20000000000000018,0.31999999999999984,0.11999999999999966,0.6200000000000001,0.6699999999999999,0.10000000000000009,-0.29000000000000004,0.9100000000000001,-0.07605555555555554,2.8000000000000007,-1.1099999999999994,0.005371815451121309,-0.05926334730674476,3.9,0.10000000000000009,6144.15,-0.07337711481653264,1.9899999999999998,-0.10999999999999988,0.31999999999999984,0.02596551001920369,Neutral,Low,Broad Risk-Off,Neutral,15,0,No Shock,6.8,80,35,0,30,9.02857142857143,75.47619047619048,36.666666666666664,32.19047619047619,0.0,13.5,6.9,-0.704761904761904,36.66666666666667,8,26,70,8.0,27.4,55.5,Low,High Stress,Moderate,Neutral,NEUTRAL,Low,Low Divergence,Poor,Low,Low Complacency,Moderate Mean-Reversion Setup,RISK ON,WATCH ENTRY,17.980952380952385,Deteriorating / Rising Stress,REDUCE RISK,"{'final_decision': 'Watch Entry', 'environment': 'Stress building but entry setup incomplete', 'action': 'Watch for entry, do not chase yet', 'buy_trigger': 'VIX > 25, SP500 drawdown > 5%, HY spread stabilization', 'risk_off_trigger': 'HY 5D widening > 0.25 and VIX +5'}",Watch Entry,Stress building but entry setup incomplete,"Watch for entry, do not chase yet",0.35,0.25,0.4,Neutral / Slight Long,{'Credit stress': 20},"[('Credit Tightening', np.float64(42.3)), ('Benign Risk-On', np.float64(11.8)), ('COVID Crash', 0), ('Inflation / Duration Shock', 0), ('Late-Cycle Melt-Up', 0)]",-0.005866534581816296,0.07005942061823434,0.2599999999999998,-0.20999999999999996,4982.77,4982.77,-0.12480261921448155,-0.12480261921448155,-0.0012532871036357034,"('Medium', ['Adequate decision sample size', 'No active shock flag', 'Signals conflicting', 'Labor warning low'])",Medium,"['Adequate decision sample size', 'No active shock flag', 'Signals conflicting', 'Labor warning low']"
2025-03-28,4.27,3.89,0.37999999999999945,Normal,4.0,-0.414,-0.48564444444444443,3.47,5580.94,21.65,2.37,-0.20000000000000018,0.25999999999999934,0.0699999999999994,0.8200000000000003,0.75,0.26000000000000023,-0.27,1.0900000000000003,-0.07431111111111105,6.549999999999999,2.3699999999999974,-0.01528347295838084,-0.08734650625422113,3.9,0.10000000000000009,6144.15,-0.09166605633000502,1.8999999999999995,-0.20000000000000018,0.25999999999999934,-0.44845858618776063,Neutral,Low,Broad Risk-Off,Neutral,0,0,HY spread widening,7.4,100,45,0,42,8.876190476190475,78.57142857142857,37.857142857142854,34.19047619047619,0.0,13.5,6.9,-0.8285714285714292,35.0,8,26,85,8.0,27.4,57.5,Low,High Stress,Moderate,Neutral,NEUTRAL,Low,Low Divergence,Poor,Low,Low Complacency,Moderate Mean-Reversion Setup,RISK ON,WATCH ENTRY,17.085714285714285,Deteriorating / Rising Stress,REDUCE RISK,"{'final_decision': 'Stress / Stabilization Watch', 'environment': 'Active deterioration or shock', 'action': 'Reduce risk and monitor for stabilization', 'buy_trigger': 'Wait for VIX rollover, HY spread stabilization, and equity drawdown exhaustion', 'risk_off_trigger': 'Already triggered'}",Stress / Stabilization Watch,Active deterioration or shock,Reduce risk and monitor for stabilization,0.25,0.15,0.6,Long Duration,"{'Active shock flag': 25, 'Credit stress': 20}","[('Credit Tightening', np.float64(42.1)), ('Benign Risk-On', np.float64(8.2)), ('COVID Crash', 0), ('Inflation / Duration Shock', 0), ('Late-Cycle Melt-Up', 0)]",0.047169473242858695,0.09160105645285577,-0.3200000000000003,-0.43000000000000016,4982.77,4982.77,-0.10718086917257652,-0.10718086917257652,0.012992368310714673,"('Medium', ['Adequate decision sample size', 'Shock flag active', 'Signals conflicting', 'Labor warning low'])",Medium,"['Adequate decision sample size', 'Shock flag active', 'Signals conflicting', 'Labor warning low']"
2025-03-31,4.23,3.89,0.3400000000000003,Normal,4.0,-0.414,-0.4849555555555556,3.55,5611.85,22.28,2.38,-0.20000000000000018,0.2100000000000004,0.04000000000000048,0.9299999999999997,0.8299999999999996,0.5,-0.2599999999999998,1.1899999999999995,-0.07256666666666678,7.510000000000002,4.800000000000001,-0.026999238847556173,-0.08222574383077963,3.9,0.10000000000000009,6144.15,-0.08663525467314426,1.8500000000000005,-0.22999999999999954,0.2100000000000004,-0.710241819917428,Neutral,Low,Broad Risk-Off,Neutral,0,0,HY spread widening,8.2,100,45,0,55,8.79047619047619,82.14285714285714,39.04761904761905,36.23809523809524,0.0,13.5,6.9,-0.8761904761904766,34.76190476190476,8,8,85,8.0,25.6,62.0,Low,High Stress,Moderate,Neutral,NEUTRAL,Low,Low Divergence,Poor,Low,Low Complacency,Moderate Mean-Reversion Setup,RISK ON,WATCH ENTRY,16.942857142857143,Deteriorating / Rising Stress,REDUCE RISK,"{'final_decision': 'Stress / Stabilization Watch', 'environment': 'Active deterioration or shock', 'action': 'Reduce risk and monitor for stabilization', 'buy_trigger': 'Wait for VIX rollover, HY spread stabilization, and equity drawdown exhaustion', 'risk_off_trigger': 'Already triggered'}",Stress / Stabilization Watch,Active deterioration or shock,Reduce risk and monitor for stabilization,0.25,0.15,0.6,Long Duration,"{'Active shock flag': 25, 'Credit stress': 20}","[('Credit Tightening', np.float64(41.4)), ('Benign Risk-On', np.float64(2.4)), ('COVID Crash', 0), ('Inflation / Duration Shock', 0), ('Late-Cycle Melt-Up', 0)]",0.04894998975382436,0.09429510767394,-0.45999999999999996,-0.5099999999999998,4982.77,4982.77,-0.11209850584032,-0.11209850584032,0.01343749743845609,"('Medium', ['Adequate decision sample size', 'Shock flag active', 'Signals conflicting', 'Labor warning low'])",Medium,"['Adequate decision sample size', 'Shock flag active', 'Signals conflicting', 'Labor warning low']"
2025-04-01,4.17,3.87,0.2999999999999998,Normal,4.2,-0.414,-0.4842666666666667,3.5,5633.07,21.77,2.33,0.0,0.17999999999999972,-0.04999999999999982,0.8799999999999999,0.81,0.41000000000000014,-0.18999999999999995,1.0699999999999998,-0.07082222222222223,6.42,4.620000000000001,-0.02485523616629015,-0.08100228726927461,3.9,0.30000000000000027,6144.15,-0.08318156295012324,1.8399999999999999,-0.20999999999999996,0.17999999999999972,-0.7617035997255794,Neutral,Watch,Broad Risk-Off,Neutral,0,0,HY spread widening,24.0,100,45,0,42,9.40952380952381,84.76190476190476,39.76190476190476,36.95238095238095,0.0,13.5,6.9,-0.21904761904761827,33.57142857142857,8,16,85,8.0,24.6,65.5,Low,High Stress,Moderate,Neutral,NEUTRAL,Low,Low Divergence,Poor,Low,Low Complacency,Moderate Mean-Reversion Setup,RISK ON,WATCH ENTRY,16.676190476190477,Deteriorating / Rising Stress,REDUCE RISK,"{'final_decision': 'Stress / Stabilization Watch', 'environment': 'Active deterioration or shock', 'action': 'Reduce risk and monitor for stabilization', 'buy_trigger': 'Wait for VIX rollover, HY spread stabilization, and equity drawdown exhaustion', 'risk_off_trigger': 'Already triggered'}",Stress / Stabilization Watch,Active deterioration or shock,Reduce risk and monitor for stabilization,0.25,0.15,0.6,Long Duration,"{'Active shock flag': 25, 'Credit stress': 20}","[('Credit Tightening', np.float64(40.9)), ('COVID Crash', 0), ('Inflation / Duration Shock', 0), ('Late-Cycle Melt-Up', 0), ('Benign Risk-On', 0)]",0.04606901742744185,0.09586246931069553,-0.3999999999999999,-0.48,4982.77,4982.77,-0.11544326628286161,-0.11544326628286161,0.012717254356860462,"('Medium', ['Adequate decision sample size', 'Shock flag active', 'Signals conflicting', 'Labor warning watch'])",Medium,"['Adequate decision sample size', 'Shock flag active', 'Signals conflicting', 'Labor warning watch']"
2025-04-02,4.2,3.91,0.29000000000000004,Normal,4.2,-0.414,-0.48357777777777783,3.42,5670.97,21.51,2.32,0.0,0.1899999999999995,-0.07999999999999963,0.7399999999999998,0.75,0.22999999999999998,-0.07999999999999963,0.8199999999999994,-0.06907777777777785,6.240000000000002,3.1800000000000033,-0.007217884527852547,-0.07701309375584897,3.9,0.30000000000000027,6144.15,-0.07701309375584897,1.8800000000000003,-0.17999999999999972,0.1899999999999995,-0.5509439981545137,Neutral,Watch,Broad Risk-Off,Neutral,0,0,No Shock,24.2,100,45,0,42,10.095238095238095,86.19047619047619,39.76190476190476,37.04761904761905,0.0,12.0,6.9,0.466666666666665,32.38095238095238,0,26,85,7.2,24.6,69.0,Low,High Stress,Moderate,Neutral,NEUTRAL,Low,Low Divergence,Poor,Low,Low Complacency,Moderate Mean-Reversion Setup,RISK ON,WATCH ENTRY,16.423809523809524,Deteriorating / Rising Stress,REDUCE RISK,"{'final_decision': 'Watch Entry', 'environment': 'Stress building but entry setup incomplete', 'action': 'Watch for entry, do not chase yet', 'buy_trigger': 'VIX > 25, SP500 drawdown > 5%, HY spread stabilization', 'risk_off_trigger': 'HY 5D widening > 0.25 and VIX +5'}",Watch Entry,Stress building but entry setup incomplete,"Watch for entry, do not chase yet",0.35,0.25,0.4,Neutral / Slight Long,{'Credit stress': 20},"[('Credit Tightening', np.float64(40.3)), ('COVID Crash', 0), ('Inflation / Duration Shock', 0), ('Late-Cycle Melt-Up', 0), ('Benign Risk-On', 0)]",0.043371768850831494,0.09416025829796304,-0.21999999999999975,-0.45999999999999996,4982.77,4982.77,-0.12135490048439679,-0.12135490048439679,0.015980119097791023,"('Medium', ['Adequate decision sample size', 'No active shock flag', 'Signals conflicting', 'Labor warning watch'])",Medium,"['Adequate decision sample size', 'No active shock flag', 'Signals conflicting', 'Labor warning watch']"
2025-04-03,4.06,3.71,0.34999999999999964,Normal,4.2,-0.414,-0.4828888888888889,4.01,5396.52,30.02,2.28,0.0,0.2599999999999998,-0.06000000000000005,1.3499999999999996,1.4,0.7399999999999998,-0.1299999999999999,1.4799999999999995,-0.06733333333333336,14.36,11.329999999999998,-0.05212960474662365,-0.11785821705527733,3.9,0.30000000000000027,6144.15,-0.12168159957032287,1.7799999999999998,-0.31000000000000005,0.2599999999999998,-1.0711957405902066,Neutral,Watch,Broad Risk-Off,Neutral,0,0,VIX spike | HY spread widening | Equity selloff,23.0,100,45,0,55,10.752380952380951,87.61904761904762,39.76190476190476,38.38095238095238,0.0,10.5,5.4,1.1619047619047613,30.476190476190474,0,8,100,6.4,22.8,74.0,Low,High Stress,Moderate,Neutral,NEUTRAL,Low,Low Divergence,Poor,Low,Low Complacency,Strong Panic-Buy Setup,RISK ON,BUY STRESS,15.819047619047618,Deteriorating / Rising Stress,REDUCE RISK,"{'final_decision': 'Stress / Stabilization Watch', 'environment': 'Active deterioration or shock', 'action': 'Reduce risk and monitor for stabilization', 'buy_trigger': 'Wait for VIX rollover, HY spread stabilization, and equity drawdown exhaustion', 'risk_off_trigger': 'Already triggered'}",Stress / Stabilization Watch,Active deterioration or shock,Reduce risk and monitor for stabilization,0.25,0.15,0.6,Long Duration,"{'Active shock flag': 25, 'Credit stress': 20}","[('Credit Tightening', np.float64(39.0)), ('COVID Crash', 0), ('Inflation / Duration Shock', 0), ('Late-Cycle Melt-Up', 0), ('Benign Risk-On', 0)]",0.1041152446391378,0.14851978682558387,-0.8499999999999996,-1.0999999999999996,4982.77,4982.77,-0.0766697797840089,-0.0766697797840089,0.027228811159784448,"('Medium', ['Adequate decision sample size', 'Shock flag active', 'Signals conflicting', 'Labor warning watch'])",Medium,"['Adequate decision sample size', 'Shock flag active', 'Signals conflicting', 'Labor warning watch']"
2025-04-04,4.01,3.68,0.3299999999999996,Normal,4.2,-0.399,-0.48199999999999993,4.45,5074.08,45.31,2.18,0.0,0.2899999999999996,-0.04999999999999982,1.6700000000000004,1.8400000000000003,0.98,-0.06000000000000005,1.7300000000000004,-0.06527777777777766,27.1,23.660000000000004,-0.09081982605080863,-0.15616658878154976,3.9,0.30000000000000027,6144.15,-0.17416078709015892,1.8299999999999996,-0.24000000000000066,0.2899999999999996,-0.8037760490906285,Neutral,Watch,Broad Risk-Off,Neutral,0,0,VIX spike | HY spread widening | Equity selloff,23.4,100,45,0,55,11.466666666666667,88.57142857142857,39.76190476190476,39.095238095238095,0.0,9.0,5.4,1.961904761904762,27.61904761904762,0,8,100,5.6,21.0,78.0,Low,High Stress,Moderate,Neutral,NEUTRAL,Low,Low Divergence,Poor,Low,Low Complacency,Strong Panic-Buy Setup,RISK ON,BUY STRESS,14.790476190476191,Deteriorating / Rising Stress,REDUCE RISK,"{'final_decision': 'Stress / Stabilization Watch', 'environment': 'Active deterioration or shock', 'action': 'Reduce risk and monitor for stabilization', 'buy_trigger': 'Wait for VIX rollover, HY spread stabilization, and equity drawdown exhaustion', 'risk_off_trigger': 'Already triggered'}",Stress / Stabilization Watch,Active deterioration or shock,Reduce risk and monitor for stabilization,0.25,0.15,0.6,Long Duration,"{'Active shock flag': 25, 'Credit stress': 20}","[('Credit Tightening', np.float64(37.7)), ('COVID Crash', 0), ('Inflation / Duration Shock', 0), ('Late-Cycle Melt-Up', 0), ('Benign Risk-On', 0)]",0.17530665657616762,0.22730031848138,-1.2400000000000002,-1.5700000000000003,4982.77,4982.77,-0.01799538044335125,-0.01799538044335125,0.045026664144041904,"('Medium', ['Adequate decision sample size', 'Shock flag active', 'Signals conflicting', 'Labor warning watch'])",Medium,"['Adequate decision sample size', 'Shock flag active', 'Signals conflicting', 'Labor warning watch']"
2025-04-07,4.15,3.73,0.4200000000000004,Normal,4.2,-0.399,-0.4811111111111111,4.61,5062.25,46.98,2.19,0.0,0.36000000000000076,0.08000000000000007,1.8300000000000005,1.9700000000000002,1.0600000000000005,-0.040000000000000036,1.8700000000000006,-0.06322222222222224,27.999999999999996,24.699999999999996,-0.09793561837896603,-0.15392972046964437,3.9,0.30000000000000027,6144.15,-0.1760861958122767,1.9600000000000004,-0.01999999999999913,0.36000000000000076,-0.12041897401946028,Neutral,Watch,Broad Risk-Off,Neutral,0,0,VIX spike | HY spread widening | Equity selloff,21.6,100,45,0,55,12.095238095238095,89.52380952380952,39.76190476190476,39.80952380952381,0.0,6.0,2.7,2.6571428571428566,24.76190476190476,0,8,100,4.8,18.5,83.0,Low,High Stress,Moderate,Neutral,NEUTRAL,Low,Low Divergence,Poor,Low,Low Complacency,Strong Panic-Buy Setup,RISK ON,BUY STRESS,13.709523809523809,Deteriorating / Rising Stress,REDUCE RISK,"{'final_decision': 'Stress / Stabilization Watch', 'environment': 'Active deterioration or shock', 'action': 'Reduce risk and monitor for stabilization', 'buy_trigger': 'Wait for VIX rollover, HY spread stabilization, and equity drawdown exhaustion', 'risk_off_trigger': 'Already triggered'}",Stress / Stabilization Watch,Active deterioration or shock,Reduce risk and monitor for stabilization,0.25,0.15,0.6,Long Duration,"{'Active shock flag': 25, 'Credit stress': 20}","[('Credit Tightening', np.float64(35.6)), ('COVID Crash', 0), ('Inflation / Duration Shock', 0), ('Late-Cycle Melt-Up', 0), ('Benign Risk-On', 0)]",0.17348214726653177,0.24042668773766618,-1.4100000000000001,-1.8100000000000005,4982.77,4982.77,-0.015700528421156545,-0.015700528421156545,0.04457053681663294,"('Medium', ['Adequate decision sample size', 'Shock flag active', 'Signals conflicting', 'Labor warning watch'])",Medium,"['Adequate decision sample size', 'Shock flag active', 'Signals conflicting', 'Labor warning watch']"
2025-04-08,4.26,3.71,0.5499999999999998,Normal,4.2,-0.399,-0.4802222222222222,4.57,4982.77,52.33,2.22,0.0,0.45999999999999996,0.25,1.7300000000000004,1.8900000000000001,1.0700000000000003,0.029999999999999805,1.7000000000000006,-0.0611666666666667,32.9,30.56,-0.11544326628286161,-0.16329793039754836,3.9,0.30000000000000027,6144.15,-0.18902207791150916,2.0399999999999996,0.019999999999999574,0.45999999999999996,0.29808047959421463,Neutral,Watch,Broad Risk-Off,Neutral,0,0,VIX spike | HY spread widening | Equity selloff,19.0,100,45,0,55,12.600000000000001,89.76190476190476,39.76190476190476,39.80952380952381,0.0,3.0,0.0,3.238095238095239,21.19047619047619,0,8,100,4.0,16.0,88.0,Low,High Stress,Moderate,Neutral,NEUTRAL,Low,Low Divergence,Poor,Low,Low Complacency,Strong Panic-Buy Setup,RISK ON,BUY STRESS,12.214285714285715,Deteriorating / Rising Stress,REDUCE RISK,"{'final_decision': 'Stress / Stabilization Watch', 'environment': 'Active deterioration or shock', 'action': 'Reduce risk and monitor for stabilization', 'buy_trigger': 'Wait for VIX rollover, HY spread stabilization, and equity drawdown exhaustion', 'risk_off_trigger': 'Already triggered'}",Stress / Stabilization Watch,Active deterioration or shock,Reduce risk and monitor for stabilization,0.25,0.15,0.6,Long Duration,"{'Active shock flag': 25, 'Credit stress': 20}","[('Credit Tightening', np.float64(33.2)), ('COVID Crash', np.float64(1.1)), ('Inflation / Duration Shock', 0), ('Late-Cycle Melt-Up', 0), ('Benign Risk-On', 0)]",0.1729640340613754,0.25030454947749936,-1.3200000000000003,-1.7100000000000004,5158.2,5158.2,0.03520732444002017,0.03520732444002017,0.04444100851534385,"('Medium', ['Adequate decision sample size', 'Shock flag active', 'Signals conflicting', 'Labor warning watch'])",Medium,"['Adequate decision sample size', 'Shock flag active', 'Signals conflicting', 'Labor warning watch']"
2025-04-09,4.34,3.91,0.4299999999999997,Normal,4.2,-0.399,-0.47933333333333333,4.37,5456.9,33.62,2.27,0.0,0.3700000000000001,0.13999999999999968,1.56,1.6800000000000002,0.9500000000000002,-0.040000000000000036,1.6,-0.059111111111111114,14.519999999999996,12.109999999999996,-0.03774839225035587,-0.08380708051967256,3.9,0.30000000000000027,6144.15,-0.11185436553469563,2.07,0.07999999999999963,0.3700000000000001,0.45436163156648174,Neutral,Watch,Broad Risk-Off,Neutral,0,0,VIX spike | HY spread widening | Equity selloff,21.4,100,45,0,55,13.22857142857143,89.76190476190476,39.76190476190476,39.80952380952381,0.0,1.5,0.0,4.0,18.095238095238088,0,8,100,3.2,14.2,91.0,Low,High Stress,Moderate,Neutral,NEUTRAL,Low,Low Divergence,Poor,Low,Low Complacency,Strong Panic-Buy Setup,RISK ON,BUY STRESS,11.047619047619044,Deteriorating / Rising Stress,REDUCE RISK,"{'final_decision': 'Stress / Stabilization Watch', 'environment': 'Active deterioration or shock', 'action': 'Reduce risk and monitor for stabilization', 'buy_trigger': 'Wait for VIX rollover, HY spread stabilization, and equity drawdown exhaustion', 'risk_off_trigger': 'Already triggered'}",Stress / Stabilization Watch,Active deterioration or shock,Reduce risk and monitor for stabilization,0.25,0.15,0.6,Long Duration,"{'Active shock flag': 25, 'Credit stress': 20}","[('Credit Tightening', np.float64(31.7)), ('COVID Crash', np.float64(1.9)), ('Inflation / Duration Shock', 0), ('Late-Cycle Melt-Up', 0), ('Benign Risk-On', 0)]",0.07057303597280518,0.14085286517986417,-1.0500000000000003,-1.4500000000000002,5158.2,5158.2,-0.0547380380802287,-0.0547380380802287,0.018843258993201294,"('Medium', ['Adequate decision sample size', 'Shock flag active', 'Signals conflicting', 'Labor warning watch'])",Medium,"['Adequate decision sample size', 'Shock flag active', 'Signals conflicting', 'Labor warning watch']"
2025-04-10,4.4,3.84,0.5600000000000005,Normal,4.2,-0.399,-0.47844444444444445,4.42,5268.05,40.72,2.19,0.0,0.5100000000000007,0.21000000000000085,1.6099999999999999,1.6999999999999997,0.41000000000000014,0.010000000000000231,1.5999999999999996,-0.05582222222222222,19.59,10.7,-0.02380608243831217,-0.10125614809684091,3.9,0.30000000000000027,6144.15,-0.14259091981803818,2.2100000000000004,0.2900000000000005,0.5100000000000007,1.1823526981244357,Neutral,Watch,Broad Risk-Off,Neutral,0,0,VIX spike | HY spread widening,28.8,100,45,55,67,14.180952380952382,89.76190476190476,39.76190476190476,40.38095238095238,2.619047619047619,0.0,0.0,5.152380952380952,14.285714285714278,0,8,100,2.4,12.4,94.0,Low,High Stress,Moderate,Tightening,REDUCE RISK,Low,Low Divergence,Poor,Low,Low Complacency,Strong Panic-Buy Setup,RISK ON,BUY STRESS,9.719047619047615,Deteriorating / Rising Stress,REDUCE RISK,"{'final_decision': 'Stress / Stabilization Watch', 'environment': 'Active deterioration or shock', 'action': 'Reduce risk and monitor for stabilization', 'buy_trigger': 'Wait for VIX rollover, HY spread stabilization, and equity drawdown exhaustion', 'risk_off_trigger': 'Already triggered'}",Stress / Stabilization Watch,Active deterioration or shock,Reduce risk and monitor for stabilization,0.25,0.15,0.6,Long Duration,"{'Active shock flag': 25, 'Credit stress': 20}","[('Credit Tightening', np.float64(31.9)), ('COVID Crash', np.float64(4.5)), ('Inflation / Duration Shock', 0), ('Late-Cycle Melt-Up', 0), ('Benign Risk-On', 0)]",0.10151194464745017,0.18891430415428867,-1.02,-1.48,5158.2,5158.2,-0.02085211795635966,-0.02085211795635966,0.026577986161862542,"('Medium', ['Adequate decision sample size', 'Shock flag active', 'Signals conflicting', 'Labor warning watch'])",Medium,"['Adequate decision sample size', 'Shock flag active', 'Signals conflicting', 'Labor warning watch']"
2025-04-11,4.48,3.96,0.5200000000000005,Normal,4.2,-0.389,-0.4774222222222222,4.26,5363.36,37.56,2.2,0.0,0.5,0.19000000000000083,1.3899999999999997,1.5799999999999996,-0.1900000000000004,0.1499999999999999,1.2399999999999998,-0.053566666666666596,17.930000000000003,-7.75,0.05701132027874989,-0.0992761776807457,3.9,0.30000000000000027,6144.15,-0.12707860322420517,2.2800000000000002,0.34999999999999964,0.5,1.5356219365662478,Neutral,Watch,Broad Risk-Off,Neutral,0,0,No Shock,19.6,100,45,50,67,14.714285714285714,89.76190476190476,39.76190476190476,40.95238095238095,5.0,0.0,0.0,5.838095238095239,11.19047619047619,0,8,100,1.6,10.6,95.5,Low,High Stress,Moderate,Tightening,REDUCE RISK,Low,Low Divergence,Poor,Low,Low Complacency,Strong Panic-Buy Setup,RISK ON,BUY STRESS,8.514285714285714,Deteriorating / Rising Stress,REDUCE RISK,"{'final_decision': 'Buy Stress', 'environment': 'Stress with mean-reversion opportunity', 'action': 'Consider phased risk entry', 'buy_trigger': 'VIX rolling over, HY spreads stabilizing, SP500 drawdown washed out', 'risk_off_trigger': 'New HY widening or VIX acceleration'}",Buy Stress,Stress with mean-reversion opportunity,Consider phased risk entry,0.55,0.3,0.15,Long Duration,{'Credit stress': 20},"[('Credit Tightening', np.float64(32.3)), ('COVID Crash', np.float64(6.4)), ('Inflation / Duration Shock', 0), ('Late-Cycle Melt-Up', 0), ('Benign Risk-On', 0)]",0.10407282002326901,0.17099355627815416,-1.0199999999999996,-1.3399999999999999,5158.2,5158.2,-0.03825214044927061,-0.03825214044927061,0.05754005101279796,"('Medium', ['Adequate decision sample size', 'No active shock flag', 'Signals conflicting', 'Labor warning watch'])",Medium,"['Adequate decision sample size', 'No active shock flag', 'Signals conflicting', 'Labor warning watch']"
2025-04-14,4.38,3.84,0.54,Normal,4.2,-0.389,-0.4764,4.14,5405.97,30.89,2.23,0.0,0.47999999999999954,0.11999999999999966,1.1999999999999997,1.4799999999999995,-0.47000000000000064,0.20999999999999996,0.9899999999999998,-0.051311111111111085,8.11,-16.089999999999996,0.0678986616623043,-0.07585833168083256,3.9,0.30000000000000027,6144.15,-0.12014355118283238,2.15,0.1999999999999993,0.47999999999999954,0.8584517300524459,Neutral,Watch,Broad Risk-Off,Neutral,0,0,No Shock,19.2,100,45,0,55,15.19047619047619,89.76190476190476,39.76190476190476,41.57142857142857,5.0,0.0,0.0,6.4,7.61904761904762,0,8,100,0.8,10.6,97.0,Low,High Stress,Moderate,Tightening,REDUCE RISK,Low,Low Divergence,Poor,Low,Low Complacency,Strong Panic-Buy Setup,RISK ON,BUY STRESS,7.00952380952381,Deteriorating / Rising Stress,REDUCE RISK,"{'final_decision': 'Buy Stress', 'environment': 'Stress with mean-reversion opportunity', 'action': 'Consider phased risk entry', 'buy_trigger': 'VIX rolling over, HY spreads stabilizing, SP500 drawdown washed out', 'risk_off_trigger': 'New HY widening or VIX acceleration'}",Buy Stress,Stress with mean-reversion opportunity,Consider phased risk entry,0.55,0.3,0.15,Long Duration,{'Credit stress': 20},"[('Credit Tightening', np.float64(31.6)), ('COVID Crash', np.float64(6.8)), ('Inflation / Duration Shock', 0), ('Late-Cycle Melt-Up', 0), ('Benign Risk-On', 0)]",0.08926797595991087,0.15793280391863074,-0.9099999999999997,-1.1699999999999995,5158.2,5158.2,-0.045832662778372835,-0.045832662778372835,0.04939738677795098,"('Medium', ['Adequate decision sample size', 'No active shock flag', 'Signals conflicting', 'Labor warning watch'])",Medium,"['Adequate decision sample size', 'No active shock flag', 'Signals conflicting', 'Labor warning watch']"
2025-04-15,4.35,3.84,0.5099999999999998,Normal,4.2,-0.389,-0.4753777777777778,4.09,5396.63,30.12,2.19,0.0,0.4499999999999993,-0.040000000000000036,1.0999999999999996,1.4299999999999997,-0.4800000000000004,0.3500000000000001,0.7499999999999996,-0.049055555555555574,6.609999999999999,-22.209999999999997,0.08305821862136908,-0.06602805396190814,3.9,0.30000000000000027,6144.15,-0.1216636963615797,2.1599999999999997,0.25999999999999934,0.4499999999999993,0.9105417459381216,Neutral,Watch,Broad Risk-Off,Neutral,0,0,No Shock,19.8,100,45,15,42,15.657142857142855,90.71428571428571,40.23809523809524,42.285714285714285,5.714285714285714,0.0,0.0,6.247619047619045,5.952380952380949,0,8,100,0.0,9.8,98.5,Low,High Stress,Elevated,Tightening,REDUCE RISK,Low,Low Divergence,Poor,Low,Low Complacency,Strong Panic-Buy Setup,RISK ON,BUY STRESS,6.099999999999997,Deteriorating / Rising Stress,REDUCE RISK,"{'final_decision': 'Buy Stress', 'environment': 'Stress with mean-reversion opportunity', 'action': 'Consider phased risk entry', 'buy_trigger': 'VIX rolling over, HY spreads stabilizing, SP500 drawdown washed out', 'risk_off_trigger': 'New HY widening or VIX acceleration'}",Buy Stress,Stress with mean-reversion opportunity,Consider phased risk entry,0.55,0.3,0.15,Long Duration,{'Credit stress': 20},"[('Credit Tightening', np.float64(30.9)), ('COVID Crash', np.float64(7.7)), ('Inflation / Duration Shock', 0), ('Late-Cycle Melt-Up', 0), ('Benign Risk-On', 0)]",0.09552998815927727,0.16156934976086923,-0.8699999999999997,-1.1399999999999997,5158.2,5158.2,-0.04418127609267275,-0.04418127609267275,0.0528414934876025,"('Medium', ['Adequate decision sample size', 'No active shock flag', 'Signals conflicting', 'Labor warning watch'])",Medium,"['Adequate decision sample size', 'No active shock flag', 'Signals conflicting', 'Labor warning watch']"
2025-04-16,4.29,3.77,0.52,Normal,4.2,-0.389,-0.47435555555555553,4.16,5275.7,32.64,2.17,0.0,0.5000000000000004,0.0900000000000003,1.2800000000000002,1.5,-0.20999999999999996,0.27,1.0100000000000002,-0.04680000000000001,10.71,-0.9799999999999969,-0.033205666220748054,-0.09703335655347001,3.9,0.30000000000000027,6144.15,-0.14134583302816495,2.12,0.20000000000000018,0.5000000000000004,0.7018765116105773,Neutral,Watch,Broad Risk-Off,Neutral,0,0,Equity selloff,29.6,100,45,20,55,16.59047619047619,91.66666666666667,40.714285714285715,43.61904761904762,6.666666666666667,0.0,0.0,6.4952380952380935,5.476190476190482,0,8,100,0.0,8.0,100.0,Low,High Stress,Elevated,Tightening,REDUCE RISK,Low,Low Divergence,Poor,Low,Low Complacency,Strong Panic-Buy Setup,RISK ON,BUY STRESS,5.9857142857142875,Deteriorating / Rising Stress,REDUCE RISK,"{'final_decision': 'Stress / Stabilization Watch', 'environment': 'Active deterioration or shock', 'action': 'Reduce risk and monitor for stabilization', 'buy_trigger': 'Wait for VIX rollover, HY spread stabilization, and equity drawdown exhaustion', 'risk_off_trigger': 'Already triggered'}",Stress / Stabilization Watch,Active deterioration or shock,Reduce risk and monitor for stabilization,0.25,0.15,0.6,Long Duration,"{'Active shock flag': 25, 'Credit stress': 20}","[('Credit Tightening', np.float64(30.2)), ('COVID Crash', np.float64(9.0)), ('Inflation / Duration Shock', 0), ('Late-Cycle Melt-Up', 0), ('Benign Risk-On', 0)]",0.12055082737835732,0.1834941334799174,-0.8500000000000001,-1.21,5158.2,5158.2,-0.022271926000341224,-0.022271926000341224,0.03133770684458933,"('Medium', ['Adequate decision sample size', 'Shock flag active', 'Signals conflicting', 'Labor warning watch'])",Medium,"['Adequate decision sample size', 'Shock flag active', 'Signals conflicting', 'Labor warning watch']"
2025-04-17,4.34,3.81,0.5299999999999998,Normal,4.2,-0.389,-0.47333333333333333,4.02,5282.7,29.65,2.23,0.0,0.4799999999999991,-0.030000000000000693,1.0299999999999994,1.3499999999999996,-0.40000000000000036,0.40000000000000036,0.629999999999999,-0.044499999999999984,4.779999999999998,-11.07,0.0027809151393778375,-0.07943163045523938,3.9,0.30000000000000027,6144.15,-0.1402065379263201,2.11,0.19999999999999973,0.4799999999999991,0.6527337110853925,Neutral,Watch,Broad Risk-Off,Neutral,0,0,No Shock,19.4,100,35,0,42,17.047619047619047,93.80952380952381,40.714285714285715,44.904761904761905,6.666666666666667,0.0,0.0,6.295238095238096,6.19047619047619,0,8,100,0.0,8.0,100.0,Low,High Stress,Elevated,Tightening,REDUCE RISK,Low,Low Divergence,Poor,Low,Low Complacency,Strong Panic-Buy Setup,RISK ON,BUY STRESS,6.242857142857143,Deteriorating / Rising Stress,REDUCE RISK,"{'final_decision': 'Buy Stress', 'environment': 'Stress with mean-reversion opportunity', 'action': 'Consider phased risk entry', 'buy_trigger': 'VIX rolling over, HY spreads stabilizing, SP500 drawdown washed out', 'risk_off_trigger': 'New HY widening or VIX acceleration'}",Buy Stress,Stress with mean-reversion opportunity,Consider phased risk entry,0.55,0.3,0.15,Long Duration,{'Credit stress': 20},"[('Credit Tightening', np.float64(29.9)), ('COVID Crash', np.float64(9.4)), ('Inflation / Duration Shock', 0), ('Late-Cycle Melt-Up', 0), ('Benign Risk-On', 0)]",0.1236564635508357,0.18570049406553468,-0.7499999999999996,-1.0199999999999996,5158.2,5158.2,-0.023567493895167213,-0.023567493895167213,0.06831105495295964,"('Medium', ['Adequate decision sample size', 'No active shock flag', 'Signals conflicting', 'Labor warning watch'])",Medium,"['Adequate decision sample size', 'No active shock flag', 'Signals conflicting', 'Labor warning watch']"
2025-04-21,4.42,3.75,0.6699999999999999,Normal,4.2,-0.389,-0.4712444444444444,4.16,5158.2,33.82,2.22,0.0,0.5999999999999996,0.14999999999999947,1.19,1.4900000000000002,-0.09999999999999964,0.3600000000000003,0.8299999999999996,-0.0411333333333333,10.45,-3.740000000000002,-0.03825214044927061,-0.106062181553499,3.9,0.30000000000000027,6144.15,-0.1604697150948463,2.1999999999999997,0.2699999999999996,0.5999999999999996,1.1242303208359563,Neutral,Watch,Broad Risk-Off,Neutral,0,0,Equity selloff,26.6,100,45,55,67,17.876190476190477,95.23809523809524,41.19047619047619,46.80952380952381,9.285714285714286,0.0,0.0,6.40952380952381,6.666666666666671,0,8,100,0.0,8.0,100.0,Low,High Stress,Elevated,Tightening,REDUCE RISK,Low,Low Divergence,Poor,Low,Low Complacency,Strong Panic-Buy Setup,RISK ON,BUY STRESS,6.538095238095241,Deteriorating / Rising Stress,REDUCE RISK,"{'final_decision': 'Stress / Stabilization Watch', 'environment': 'Active deterioration or shock', 'action': 'Reduce risk and monitor for stabilization', 'buy_trigger': 'Wait for VIX rollover, HY spread stabilization, and equity drawdown exhaustion', 'risk_off_trigger': 'Already triggered'}",Stress / Stabilization Watch,Active deterioration or shock,Reduce risk and monitor for stabilization,0.25,0.15,0.6,Long Duration,"{'Active shock flag': 25, 'Credit stress': 20}","[('Credit Tightening', np.float64(31.2)), ('COVID Crash', np.float64(11.6)), ('Inflation / Duration Shock', 0), ('Late-Cycle Melt-Up', 0), ('Benign Risk-On', 0)]",0.15745221201194215,0.22084448063277895,-0.9700000000000002,-1.25,5287.76,5287.76,0.02511728897677501,0.02511728897677501,0.04056305300298554,"('Medium', ['Adequate decision sample size', 'Shock flag active', 'Signals conflicting', 'Labor warning watch'])",Medium,"['Adequate decision sample size', 'Shock flag active', 'Signals conflicting', 'Labor warning watch']"
2025-04-22,4.41,3.76,0.6500000000000004,Normal,4.2,-0.389,-0.47019999999999995,3.99,5287.76,30.57,2.27,0.0,0.580000000000001,0.11000000000000032,0.8300000000000001,1.3200000000000003,-0.14999999999999947,0.56,0.27,-0.03881111111111113,2.710000000000001,-0.3200000000000003,-0.021866566037177404,-0.0582058077569747,3.9,0.30000000000000027,6144.15,-0.13938299032412937,2.14,0.2100000000000004,0.580000000000001,0.8131231957630566,Neutral,Watch,Broad Risk-Off,Neutral,0,0,No Shock,27.0,100,35,20,30,18.742857142857144,96.19047619047619,41.19047619047619,46.23809523809524,10.238095238095237,0.0,0.0,6.647619047619049,6.666666666666671,0,8,90,0.0,8.0,99.0,Low,High Stress,Elevated,Tightening,REDUCE RISK,Low,Low Divergence,Poor,Low,Low Complacency,Strong Panic-Buy Setup,RISK ON,BUY STRESS,6.65714285714286,Deteriorating / Rising Stress,REDUCE RISK,"{'final_decision': 'Buy Stress', 'environment': 'Stress with mean-reversion opportunity', 'action': 'Consider phased risk entry', 'buy_trigger': 'VIX rolling over, HY spreads stabilizing, SP500 drawdown washed out', 'risk_off_trigger': 'New HY widening or VIX acceleration'}",Buy Stress,Stress with mean-reversion opportunity,Consider phased risk entry,0.55,0.3,0.15,Long Duration,{'Credit stress': 20},"[('Credit Tightening', np.float64(32.4)), ('COVID Crash', np.float64(12.9)), ('Inflation / Duration Shock', 0), ('Late-Cycle Melt-Up', 0), ('Benign Risk-On', 0)]",0.12917568119581824,0.19082371363299377,-0.7600000000000002,-1.06,5375.86,5375.86,0.016661119264111734,0.016661119264111734,0.07134662465770003,"('Medium', ['Adequate decision sample size', 'No active shock flag', 'Signals conflicting', 'Labor warning watch'])",Medium,"['Adequate decision sample size', 'No active shock flag', 'Signals conflicting', 'Labor warning watch']"
2025-04-23,4.4,3.81,0.5900000000000003,Normal,4.2,-0.389,-0.4691555555555555,3.75,5375.86,28.45,2.29,0.0,0.48000000000000087,0.08000000000000052,0.5299999999999998,1.1099999999999999,-0.33999999999999986,0.56,-0.03000000000000025,-0.03648888888888885,1.5299999999999976,-1.6700000000000017,-0.0038486981690426525,-0.03521312546324795,3.9,0.30000000000000027,6144.15,-0.12504414768519645,2.1100000000000003,0.15000000000000036,0.48000000000000087,0.66075105192195,Neutral,Watch,Broad Risk-Off,Neutral,0,0,No Shock,18.2,87,25,0,30,19.18095238095238,96.52380952380952,41.19047619047619,46.95238095238095,10.238095238095237,0.0,0.0,6.580952380952379,6.761904761904759,0,8,90,0.0,8.0,98.0,Low,High Stress,Elevated,Tightening,REDUCE RISK,Low,Low Divergence,Poor,Low,Low Complacency,Strong Panic-Buy Setup,RISK ON,BUY STRESS,6.671428571428569,Deteriorating / Rising Stress,REDUCE RISK,"{'final_decision': 'Buy Stress', 'environment': 'Stress with mean-reversion opportunity', 'action': 'Consider phased risk entry', 'buy_trigger': 'VIX rolling over, HY spreads stabilizing, SP500 drawdown washed out', 'risk_off_trigger': 'New HY widening or VIX acceleration'}",Buy Stress,Stress with mean-reversion opportunity,Consider phased risk entry,0.55,0.3,0.15,Long Duration,{'Credit stress': 20},"[('Credit Tightening', np.float64(33.1)), ('COVID Crash', np.float64(13.3)), ('Inflation / Duration Shock', 0), ('Late-Cycle Melt-Up', 0), ('Benign Risk-On', 0)]",0.1048092770273037,0.17294721216698372,-0.5699999999999998,-0.8599999999999999,5484.77,5484.77,0.02025908412793509,0.02025908412793509,0.057945102365017036,"('Medium', ['Adequate decision sample size', 'No active shock flag', 'Signals conflicting', 'Labor warning watch'])",Medium,"['Adequate decision sample size', 'No active shock flag', 'Signals conflicting', 'Labor warning watch']"
2025-04-24,4.32,3.77,0.5500000000000003,Normal,4.2,-0.389,-0.46811111111111114,3.73,5484.77,26.47,2.3,0.0,0.4099999999999997,0.03000000000000025,0.5299999999999998,1.0699999999999998,-0.43000000000000016,0.54,-0.010000000000000231,-0.03416666666666668,2.2399999999999984,-6.170000000000002,0.039628864416096476,-0.0204543425070991,3.9,0.30000000000000027,6144.15,-0.10731834346492175,2.0200000000000005,0.020000000000000018,0.4099999999999997,0.19338722505739211,Neutral,Watch,Broad Risk-Off,Neutral,0,0,No Shock,19.0,97,35,0,30,19.704761904761906,97.33333333333333,41.666666666666664,47.666666666666664,10.238095238095237,0.0,0.0,6.476190476190476,7.571428571428569,0,8,90,0.0,8.0,97.0,Low,High Stress,Elevated,Tightening,REDUCE RISK,Low,Low Divergence,Poor,Low,Low Complacency,Strong Panic-Buy Setup,RISK ON,BUY STRESS,7.023809523809523,Deteriorating / Rising Stress,REDUCE RISK,"{'final_decision': 'Buy Stress', 'environment': 'Stress with mean-reversion opportunity', 'action': 'Consider phased risk entry', 'buy_trigger': 'VIX rolling over, HY spreads stabilizing, SP500 drawdown washed out', 'risk_off_trigger': 'New HY widening or VIX acceleration'}",Buy Stress,Stress with mean-reversion opportunity,Consider phased risk entry,0.55,0.3,0.15,Long Duration,{'Credit stress': 20},"[('Credit Tightening', np.float64(33.7)), ('COVID Crash', np.float64(13.8)), ('Inflation / Duration Shock', 0), ('Late-Cycle Melt-Up', 0), ('Benign Risk-On', 0)]",0.09400394182436078,0.15038916855219076,-0.6400000000000001,-0.8300000000000001,5525.21,5525.21,0.007373144179245283,0.007373144179245283,0.052002168003398436,"('Medium', ['Adequate decision sample size', 'No active shock flag', 'Signals conflicting', 'Labor warning watch'])",Medium,"['Adequate decision sample size', 'No active shock flag', 'Signals conflicting', 'Labor warning watch']"
2025-04-25,4.29,3.74,0.5499999999999998,Normal,4.2,-0.396,-0.46713333333333334,3.67,5525.21,24.84,2.27,0.0,0.39999999999999947,0.020000000000000018,0.27,0.9899999999999998,-0.34999999999999964,0.7199999999999998,-0.44999999999999973,-0.03190000000000004,0.17999999999999972,-4.809999999999999,0.04590644935355037,0.0006682942378184453,3.9,0.30000000000000027,6144.15,-0.10073647290512111,2.02,-0.050000000000000266,0.39999999999999947,0.19789887037931814,Neutral,Watch,Neutral,Neutral,0,0,No Shock,19.0,67,25,0,15,20.247619047619047,96.71428571428571,41.19047619047619,46.95238095238095,10.238095238095237,0.0,0.0,6.066666666666665,6.952380952380949,0,8,65,0.0,8.0,93.5,Moderate,High Stress,Elevated,Tightening,REDUCE RISK,Low,Low Divergence,Poor,Low,Low Complacency,Strong Panic-Buy Setup,RISK ON,BUY STRESS,6.509523809523807,Deteriorating / Rising Stress,REDUCE RISK,"{'final_decision': 'Buy Stress', 'environment': 'Stress with mean-reversion opportunity', 'action': 'Consider phased risk entry', 'buy_trigger': 'VIX rolling over, HY spreads stabilizing, SP500 drawdown washed out', 'risk_off_trigger': 'New HY widening or VIX acceleration'}",Buy Stress,Stress with mean-reversion opportunity,Consider phased risk entry,0.55,0.3,0.15,Long Duration,{'Credit stress': 20},"[('Credit Tightening', np.float64(36.3)), ('COVID Crash', np.float64(14.2)), ('Inflation / Duration Shock', 0), ('Late-Cycle Melt-Up', 0), ('Benign Risk-On', 0)]",0.08699578839537314,0.15089019240897628,-0.5499999999999998,-0.8399999999999999,5528.75,5528.75,0.0006406996295162948,0.0006406996295162948,0.048147683617455236,"('Medium', ['Adequate decision sample size', 'No active shock flag', 'Signals conflicting', 'Labor warning watch'])",Medium,"['Adequate decision sample size', 'No active shock flag', 'Signals conflicting', 'Labor warning watch']"
2025-04-28,4.23,3.67,0.5600000000000005,Normal,4.2,-0.396,-0.46615555555555555,3.73,5528.75,25.15,2.25,0.0,0.4200000000000008,-0.10999999999999943,0.48,1.04,-0.43000000000000016,0.5800000000000001,-0.10000000000000009,-0.029633333333333345,3.379999999999999,-8.670000000000002,0.07183707494862546,-0.01954090662429453,3.9,0.30000000000000027,6144.15,-0.10016031509647383,1.9800000000000004,-0.08999999999999941,0.4200000000000008,-0.008389912850505405,Neutral,Watch,Broad Risk-Off,Neutral,0,0,No Shock,18.8,87,35,0,27,20.81904761904762,97.04761904761905,41.19047619047619,46.80952380952381,10.238095238095237,0.0,0.0,6.104761904761906,7.285714285714292,0,8,80,0.0,8.0,91.5,Moderate,High Stress,Elevated,Tightening,REDUCE RISK,Low,Low Divergence,Poor,Low,Low Complacency,Strong Panic-Buy Setup,RISK ON,BUY STRESS,6.695238095238099,Deteriorating / Rising Stress,REDUCE RISK,"{'final_decision': 'Buy Stress', 'environment': 'Stress with mean-reversion opportunity', 'action': 'Consider phased risk entry', 'buy_trigger': 'VIX rolling over, HY spreads stabilizing, SP500 drawdown washed out', 'risk_off_trigger': 'New HY widening or VIX acceleration'}",Buy Stress,Stress with mean-reversion opportunity,Consider phased risk entry,0.55,0.3,0.15,Long Duration,{'Credit stress': 20},"[('Credit Tightening', np.float64(37.5)), ('COVID Crash', np.float64(14.6)), ('Inflation / Duration Shock', 0), ('Late-Cycle Melt-Up', 0), ('Benign Risk-On', 0)]",0.09225593488582406,0.15095636445851235,-0.6099999999999999,-0.9100000000000001,5560.83,5560.83,0.0058023965634184105,0.0058023965634184105,0.05104076418720324,"('Medium', ['Adequate decision sample size', 'No active shock flag', 'Signals conflicting', 'Labor warning watch'])",Medium,"['Adequate decision sample size', 'No active shock flag', 'Signals conflicting', 'Labor warning watch']"
2025-04-29,4.19,3.65,0.5400000000000005,Normal,4.2,-0.396,-0.4651777777777778,3.74,5560.83,24.17,2.23,0.0,0.3900000000000001,-0.10999999999999988,0.56,0.9900000000000002,-0.25,0.5,0.06000000000000005,-0.027366666666666706,3.66,-6.399999999999999,0.05164190507889921,-0.020138781206388567,3.9,0.30000000000000027,6144.15,-0.09493908840116205,1.9600000000000004,-0.1299999999999999,0.3900000000000001,-0.10863341168572758,Neutral,Watch,Broad Risk-Off,Neutral,0,15,No Shock,19.2,87,35,0,42,21.38095238095238,96.42857142857143,40.714285714285715,46.80952380952381,10.238095238095237,0.0,1.5,6.19047619047619,6.666666666666671,0,8,70,0.0,8.0,88.5,Moderate,High Stress,Elevated,Tightening,REDUCE RISK,Low,Low Divergence,Poor,Low,Low Complacency,Strong Panic-Buy Setup,RISK ON,BUY STRESS,6.428571428571431,Deteriorating / Rising Stress,REDUCE RISK,"{'final_decision': 'Buy Stress', 'environment': 'Stress with mean-reversion opportunity', 'action': 'Consider phased risk entry', 'buy_trigger': 'VIX rolling over, HY spreads stabilizing, SP500 drawdown washed out', 'risk_off_trigger': 'New HY widening or VIX acceleration'}",Buy Stress,Stress with mean-reversion opportunity,Consider phased risk entry,0.55,0.3,0.15,Long Duration,{'Credit stress': 20},"[('Credit Tightening', np.float64(39.7)), ('COVID Crash', np.float64(14.9)), ('Inflation / Duration Shock', 0), ('Late-Cycle Melt-Up', 0), ('Benign Risk-On', 0)]",0.08297502351267694,0.14886446807401055,-0.6200000000000001,-0.9000000000000004,5569.06,5569.06,0.0014799948928487794,0.0014799948928487794,0.045936262931972324,"('Medium', ['Adequate decision sample size', 'No active shock flag', 'Signals conflicting', 'Labor warning watch'])",Medium,"['Adequate decision sample size', 'No active shock flag', 'Signals conflicting', 'Labor warning watch']"
2025-04-30,4.17,3.6,0.5699999999999998,Normal,4.2,-0.396,-0.4642,3.94,5569.06,24.7,2.23,0.0,0.4199999999999995,-0.020000000000000462,0.71,1.21,0.18999999999999995,0.5,0.20999999999999996,-0.025099999999999956,3.0,-3.75,0.03593843589676826,-0.008121595964849071,3.9,0.30000000000000027,6144.15,-0.09359960287427871,1.94,-0.2400000000000002,0.4199999999999995,-0.20862064379960477,Neutral,Watch,Broad Risk-Off,Neutral,0,15,No Shock,18.6,100,35,0,30,21.876190476190477,96.42857142857143,40.23809523809524,45.61904761904762,10.238095238095237,0.0,3.0,6.219047619047622,5.714285714285722,0,8,70,0.0,8.0,85.5,Moderate,High Stress,Elevated,Tightening,REDUCE RISK,Low,Low Divergence,Poor,Low,Low Complacency,Strong Panic-Buy Setup,RISK ON,BUY STRESS,5.966666666666672,Deteriorating / Rising Stress,REDUCE RISK,"{'final_decision': 'Buy Stress', 'environment': 'Stress with mean-reversion opportunity', 'action': 'Consider phased risk entry', 'buy_trigger': 'VIX rolling over, HY spreads stabilizing, SP500 drawdown washed out', 'risk_off_trigger': 'New HY widening or VIX acceleration'}",Buy Stress,Stress with mean-reversion opportunity,Consider phased risk entry,0.55,0.3,0.15,Long Duration,{'Credit stress': 20},"[('Credit Tightening', np.float64(41.5)), ('COVID Crash', np.float64(15.0)), ('Inflation / Duration Shock', 0), ('Late-Cycle Melt-Up', 0), ('Benign Risk-On', 0)]",0.08550814679676644,0.14736957403942497,-0.77,-1.12,5604.14,5604.14,0.006299088176460632,0.006299088176460632,0.04732948073822155,"('Medium', ['Adequate decision sample size', 'No active shock flag', 'Signals conflicting', 'Labor warning watch'])",Medium,"['Adequate decision sample size', 'No active shock flag', 'Signals conflicting', 'Labor warning watch']"
2025-05-01,4.25,3.7,0.5499999999999998,Normal,4.3,-0.396,-0.4632222222222222,3.78,5604.14,24.6,2.25,0.09999999999999964,0.2999999999999998,-4.440892098500626e-16,0.5899999999999999,0.8699999999999997,0.04999999999999982,0.48,0.10999999999999988,-0.022833333333333317,4.700000000000003,-1.8699999999999974,0.02176390258844041,-0.012536804286653158,3.9,0.3999999999999999,6144.15,-0.08789010684960485,2.0,-0.28000000000000025,0.2999999999999998,0.11682026733223855,Neutral,Watch,Broad Risk-Off,Neutral,0,15,No Shock,31.0,87,35,0,42,22.209523809523812,95.80952380952381,39.76190476190476,45.61904761904762,10.238095238095237,0.0,4.5,5.619047619047624,4.142857142857139,0,8,70,0.0,8.0,82.5,Moderate,High Stress,Moderate,Tightening,REDUCE RISK,Low,Low Divergence,Poor,Low,Low Complacency,Strong Panic-Buy Setup,RISK ON,BUY STRESS,4.880952380952381,Deteriorating / Rising Stress,REDUCE RISK,"{'final_decision': 'Buy Stress', 'environment': 'Stress with mean-reversion opportunity', 'action': 'Consider phased risk entry', 'buy_trigger': 'VIX rolling over, HY spreads stabilizing, SP500 drawdown washed out', 'risk_off_trigger': 'New HY widening or VIX acceleration'}",Buy Stress,Stress with mean-reversion opportunity,Consider phased risk entry,0.55,0.3,0.15,Long Duration,{'Credit stress': 20},"[('Credit Tightening', np.float64(43.4)), ('COVID Crash', np.float64(14.9)), ('Inflation / Duration Shock', 0), ('Late-Cycle Melt-Up', 0), ('Benign Risk-On', 0)]",0.06652760280792402,0.13681314171309045,-0.5999999999999996,-0.9199999999999999,5606.91,5606.91,0.0004942774448888354,0.0004942774448888354,0.03689018154435822,"('Medium', ['Adequate decision sample size', 'No active shock flag', 'Signals conflicting', 'Labor warning watch'])",Medium,"['Adequate decision sample size', 'No active shock flag', 'Signals conflicting', 'Labor warning watch']"
2025-05-02,4.33,3.83,0.5,Normal,4.3,-0.409,-0.4623444444444444,3.6,5686.67,22.68,2.27,0.09999999999999964,0.28000000000000025,-0.04999999999999982,0.43000000000000016,0.7400000000000002,-0.06999999999999984,0.48,-0.04999999999999982,-0.02075555555555547,2.879999999999999,-2.16,0.02922241869539799,0.004199269277700868,3.9,0.3999999999999999,6144.15,-0.07445781759885417,2.06,-0.16999999999999948,0.28000000000000025,0.4426809886037392,Neutral,Watch,Neutral,Neutral,0,15,No Shock,32.0,67,35,0,15,22.58095238095238,94.23809523809524,39.285714285714285,44.333333333333336,10.238095238095237,0.0,6.0,5.533333333333331,0.4285714285714306,0,8,60,0.0,8.0,78.5,Moderate,High Stress,Moderate,Tightening,REDUCE RISK,Low,Low Divergence,Poor,Low,Low Complacency,Strong Panic-Buy Setup,RISK ON,BUY STRESS,2.980952380952381,Deteriorating / Rising Stress,REDUCE RISK,"{'final_decision': 'Buy Stress', 'environment': 'Stress with mean-reversion opportunity', 'action': 'Consider phased risk entry', 'buy_trigger': 'VIX rolling over, HY spreads stabilizing, SP500 drawdown washed out', 'risk_off_trigger': 'New HY widening or VIX acceleration'}",Buy Stress,Stress with mean-reversion opportunity,Consider phased risk entry,0.55,0.3,0.15,Long Duration,{'Credit stress': 20},"[('Credit Tightening', np.float64(45.9)), ('COVID Crash', np.float64(14.5)), ('Inflation / Duration Shock', 0), ('Late-Cycle Melt-Up', 0), ('Benign Risk-On', 0)]",0.06092141798275619,0.1189149361577162,-0.5,-0.71,5606.91,5606.91,-0.0140257831032925,-0.0140257831032925,0.033806779890515906,"('Medium', ['Adequate decision sample size', 'No active shock flag', 'Signals conflicting', 'Labor warning watch'])",Medium,"['Adequate decision sample size', 'No active shock flag', 'Signals conflicting', 'Labor warning watch']"
2025-05-05,4.36,3.83,0.5300000000000002,Normal,4.3,-0.409,-0.46146666666666664,3.6,5650.38,23.64,2.28,0.09999999999999964,0.2400000000000002,-0.03000000000000025,0.3900000000000001,0.75,-0.1299999999999999,0.5499999999999998,-0.1599999999999997,-0.018677777777777738,4.359999999999999,-1.509999999999998,0.021999547818222887,-0.0030312868324288145,3.9,0.3999999999999999,6144.15,-0.08036424891970406,2.0800000000000005,-0.1899999999999995,0.2400000000000002,0.556910271850504,Neutral,Watch,Broad Risk-Off,Neutral,0,15,No Shock,31.4,67,35,0,27,22.98095238095238,92.66666666666667,38.80952380952381,43.0,10.238095238095237,0.0,7.5,5.104761904761904,-2.5714285714285694,8,8,60,0.8,8.0,74.5,Moderate,High Stress,Moderate,Tightening,REDUCE RISK,Low,Low Divergence,Poor,Low,Low Complacency,Strong Panic-Buy Setup,RISK ON,BUY STRESS,1.2666666666666675,Deteriorating / Rising Stress,REDUCE RISK,"{'final_decision': 'Buy Stress', 'environment': 'Stress with mean-reversion opportunity', 'action': 'Consider phased risk entry', 'buy_trigger': 'VIX rolling over, HY spreads stabilizing, SP500 drawdown washed out', 'risk_off_trigger': 'New HY widening or VIX acceleration'}",Buy Stress,Stress with mean-reversion opportunity,Consider phased risk entry,0.55,0.3,0.15,Long Duration,{'Credit stress': 20},"[('Credit Tightening', np.float64(48.3)), ('COVID Crash', np.float64(14.0)), ('Inflation / Duration Shock', 0), ('Late-Cycle Melt-Up', 0), ('Benign Risk-On', 0)]",0.058817283085385474,0.12194047126034002,-0.43000000000000016,-0.7400000000000002,5606.91,5606.91,-0.007693287885062627,-0.007693287885062627,0.03264950569696202,"('Medium', ['Adequate decision sample size', 'No active shock flag', 'Signals conflicting', 'Labor warning watch'])",Medium,"['Adequate decision sample size', 'No active shock flag', 'Signals conflicting', 'Labor warning watch']"
2025-05-06,4.3,3.78,0.52,Normal,4.3,-0.409,-0.46058888888888894,3.66,5606.91,24.76,2.26,0.09999999999999964,0.2200000000000002,-0.020000000000000462,0.6100000000000003,0.8000000000000003,-0.08000000000000007,0.3799999999999999,0.23000000000000043,-0.016600000000000115,7.280000000000001,0.5899999999999999,0.008286532765792165,-0.02785575207583091,3.9,0.3999999999999999,6144.15,-0.08743927150216058,2.04,-0.19999999999999973,0.2200000000000002,0.3470888956080745,Neutral,Watch,Broad Risk-Off,Neutral,0,0,No Shock,31.6,100,45,0,55,23.371428571428574,92.66666666666667,38.80952380952381,43.0,10.238095238095237,0.0,7.5,4.62857142857143,-3.5238095238095184,8,8,85,1.6,8.0,74.0,Moderate,High Stress,Moderate,Tightening,REDUCE RISK,Low,Low Divergence,Poor,Low,Low Complacency,Strong Panic-Buy Setup,RISK ON,BUY STRESS,0.5523809523809557,Deteriorating / Rising Stress,REDUCE RISK,"{'final_decision': 'Buy Stress', 'environment': 'Stress with mean-reversion opportunity', 'action': 'Consider phased risk entry', 'buy_trigger': 'VIX rolling over, HY spreads stabilizing, SP500 drawdown washed out', 'risk_off_trigger': 'New HY widening or VIX acceleration'}",Buy Stress,Stress with mean-reversion opportunity,Consider phased risk entry,0.55,0.3,0.15,Long Duration,{'Credit stress': 20},"[('Credit Tightening', np.float64(48.6)), ('COVID Crash', np.float64(14.1)), ('Inflation / Duration Shock', 0), ('Late-Cycle Melt-Up', 0), ('Benign Risk-On', 0)]",0.0666962729917191,0.11255754060614498,-0.5,-0.5300000000000002,5631.28,5631.28,0.004346422539330819,0.004346422539330819,0.03698295014544551,"('Medium', ['Adequate decision sample size', 'No active shock flag', 'Signals conflicting', 'Labor warning watch'])",Medium,"['Adequate decision sample size', 'No active shock flag', 'Signals conflicting', 'Labor warning watch']"
2025-05-07,4.26,3.78,0.48,Normal,4.3,-0.409,-0.4597111111111111,3.67,5631.28,23.55,2.25,0.09999999999999964,0.19999999999999973,-0.08999999999999986,0.5800000000000001,0.81,-0.27,0.4299999999999997,0.15000000000000036,-0.01332222222222218,6.400000000000002,-1.1499999999999986,0.01117244202791845,-0.025165104342482203,3.9,0.3999999999999999,6144.15,-0.08347289698330929,2.01,-0.2200000000000002,0.19999999999999973,0.18950751126250973,Neutral,Watch,Broad Risk-Off,Neutral,0,0,No Shock,32.4,100,45,0,42,23.885714285714283,92.66666666666667,38.80952380952381,42.38095238095238,10.238095238095237,0.0,7.5,4.704761904761902,-3.857142857142847,8,8,85,2.4,8.0,73.5,Moderate,High Stress,Moderate,Tightening,REDUCE RISK,Low,Low Divergence,Poor,Low,Low Complacency,Strong Panic-Buy Setup,RISK ON,BUY STRESS,0.42380952380952763,Deteriorating / Rising Stress,REDUCE RISK,"{'final_decision': 'Buy Stress', 'environment': 'Stress with mean-reversion opportunity', 'action': 'Consider phased risk entry', 'buy_trigger': 'VIX rolling over, HY spreads stabilizing, SP500 drawdown washed out', 'risk_off_trigger': 'New HY widening or VIX acceleration'}",Buy Stress,Stress with mean-reversion opportunity,Consider phased risk entry,0.55,0.3,0.15,Long Duration,{'Credit stress': 20},"[('Credit Tightening', np.float64(49.0)), ('COVID Crash', np.float64(14.4)), ('Inflation / Duration Shock', 0), ('Late-Cycle Melt-Up', 0), ('Benign Risk-On', 0)]",0.059766163287920504,0.1240677075194272,-0.54,-0.6499999999999999,5659.91,5659.91,0.0050841016607237055,0.0050841016607237055,0.03317138980835628,"('Medium', ['Adequate decision sample size', 'No active shock flag', 'Signals conflicting', 'Labor warning watch'])",Medium,"['Adequate decision sample size', 'No active shock flag', 'Signals conflicting', 'Labor warning watch']"
2025-05-08,4.37,3.9,0.4700000000000002,Normal,4.3,-0.409,-0.45883333333333337,3.51,5663.94,22.48,2.29,0.09999999999999964,0.1599999999999997,-0.07999999999999963,0.31999999999999984,0.6699999999999999,-0.27,0.5299999999999998,-0.20999999999999996,-0.01131111111111116,4.150000000000002,-2.120000000000001,0.010670682745256066,-0.008448583733062565,3.9,0.3999999999999999,6144.15,-0.0781572715509875,2.08,-0.20000000000000018,0.1599999999999997,0.5719849291257371,Neutral,Watch,Broad Risk-Off,Neutral,0,0,No Shock,32.6,67,35,0,27,24.53333333333333,91.0952380952381,38.333333333333336,41.04761904761905,10.238095238095237,0.0,7.5,4.828571428571426,-6.238095238095227,8,8,60,3.2,8.0,70.5,Moderate,High Stress,Moderate,Tightening,REDUCE RISK,Low,Low Divergence,Poor,Low,Low Complacency,Strong Panic-Buy Setup,RISK ON,BUY STRESS,-0.7047619047619005,Panic / Stabilizing,WATCH FOR RECOVERY,"{'final_decision': 'Buy Stress', 'environment': 'Stress with mean-reversion opportunity', 'action': 'Consider phased risk entry', 'buy_trigger': 'VIX rolling over, HY spreads stabilizing, SP500 drawdown washed out', 'risk_off_trigger': 'New HY widening or VIX acceleration'}",Buy Stress,Stress with mean-reversion opportunity,Consider phased risk entry,0.55,0.3,0.15,Long Duration,{'Credit stress': 20},"[('Credit Tightening', np.float64(50.9)), ('COVID Crash', np.float64(14.1)), ('Inflation / Duration Shock', 0), ('Late-Cycle Melt-Up', 0), ('Benign Risk-On', 0)]",0.06377715865634181,0.1121569084418268,-0.3899999999999997,-0.5299999999999998,5659.91,5659.91,-0.0007115188367108338,-0.0007115188367108338,0.035377437260988,"('Medium', ['Adequate decision sample size', 'No active shock flag', 'Signals conflicting', 'Labor warning watch'])",Medium,"['Adequate decision sample size', 'No active shock flag', 'Signals conflicting', 'Labor warning watch']"
2025-05-09,4.37,3.88,0.4900000000000002,Normal,4.3,-0.426,-0.4580888888888889,3.53,5659.91,21.9,2.29,0.09999999999999964,0.1800000000000006,-0.009999999999999787,0.2599999999999998,0.5899999999999999,-0.07000000000000028,0.6200000000000001,-0.3600000000000003,-0.009433333333333349,3.2099999999999973,-0.7800000000000011,-0.004705741673070585,-0.005866534581816296,3.9,0.3999999999999999,6144.15,-0.07881318001676385,2.08,-0.1599999999999997,0.1800000000000006,0.5738292431409715,Neutral,Watch,Broad Risk-Off,Neutral,0,0,No Shock,32.2,67,35,0,27,25.047619047619047,89.52380952380952,37.857142857142854,39.714285714285715,10.238095238095237,0.0,7.5,4.800000000000001,-7.19047619047619,8,16,60,4.0,8.8,70.0,Moderate,High Stress,Moderate,Neutral,NEUTRAL,Low,Low Divergence,Poor,Low,Low Complacency,Strong Panic-Buy Setup,RISK ON,BUY STRESS,-1.1952380952380945,Panic / Stabilizing,WATCH FOR RECOVERY,"{'final_decision': 'Buy Stress', 'environment': 'Stress with mean-reversion opportunity', 'action': 'Consider phased risk entry', 'buy_trigger': 'VIX rolling over, HY spreads stabilizing, SP500 drawdown washed out', 'risk_off_trigger': 'New HY widening or VIX acceleration'}",Buy Stress,Stress with mean-reversion opportunity,Consider phased risk entry,0.55,0.3,0.15,Long Duration,{'Credit stress': 20},"[('Credit Tightening', np.float64(52.0)), ('COVID Crash', np.float64(14.2)), ('Inflation / Duration Shock', 0), ('Late-Cycle Melt-Up', 0), ('Benign Risk-On', 0)]",0.0763740059470912,0.12105316162271151,-0.46999999999999975,-0.5499999999999998,5802.82,5802.82,0.02524951810187792,0.02524951810187792,0.04230570327090017,"('Medium', ['Adequate decision sample size', 'No active shock flag', 'Signals conflicting', 'Labor warning watch'])",Medium,"['Adequate decision sample size', 'No active shock flag', 'Signals conflicting', 'Labor warning watch']"
2025-05-12,4.45,3.98,0.4700000000000002,Normal,4.3,-0.426,-0.45734444444444444,3.15,5844.19,18.39,2.29,0.09999999999999964,0.14000000000000012,-0.06000000000000005,-0.3200000000000003,0.22999999999999998,-0.4500000000000002,0.8200000000000003,-1.1400000000000006,-0.007555555555555538,-3.259999999999998,-5.25,0.03430034794120029,0.047169473242858695,3.9,0.3999999999999999,6144.15,-0.048820422678482744,2.16,-0.08000000000000007,0.14000000000000012,1.0089554258658187,Neutral,Watch,Risk-On Confirmation,Neutral,0,30,No Shock,32.6,0,0,20,0,25.228571428571428,84.76190476190476,35.714285714285715,36.523809523809526,8.571428571428571,0.0,10.5,4.409523809523808,-12.285714285714292,62,54,35,10.2,13.4,65.5,Moderate,High Stress,Moderate,Neutral,NEUTRAL,Low,Low Divergence,Poor,Low,Low Complacency,Moderate Mean-Reversion Setup,RISK ON,WATCH ENTRY,-3.938095238095242,Panic / Stabilizing,WATCH FOR RECOVERY,"{'final_decision': 'Watch Entry', 'environment': 'Stress building but entry setup incomplete', 'action': 'Watch for entry, do not chase yet', 'buy_trigger': 'VIX > 25, SP500 drawdown > 5%, HY spread stabilization', 'risk_off_trigger': 'HY 5D widening > 0.25 and VIX +5'}",Watch Entry,Stress building but entry setup incomplete,"Watch for entry, do not chase yet",0.35,0.25,0.4,Neutral / Slight Long,"{'Credit stress': 20, 'HY spread compression': 14}","[('Credit Tightening', np.float64(54.6)), ('COVID Crash', np.float64(11.2)), ('Inflation / Duration Shock', 0), ('Late-Cycle Melt-Up', 0), ('Benign Risk-On', 0)]",0.042430174241426144,0.08483810416841342,-0.10999999999999988,-0.19999999999999973,5802.82,5802.82,-0.007078825294865476,-0.007078825294865476,0.01565056098449915,"('Medium', ['Adequate decision sample size', 'No active shock flag', 'Signals conflicting', 'Labor warning watch'])",Medium,"['Adequate decision sample size', 'No active shock flag', 'Signals conflicting', 'Labor warning watch']"
2025-05-13,4.49,4.02,0.47000000000000064,Normal,4.3,-0.426,-0.4566,3.09,5886.55,18.22,2.32,0.2999999999999998,0.15000000000000036,-0.04999999999999938,-0.45999999999999996,0.20999999999999996,-0.5700000000000003,0.9299999999999997,-1.3899999999999997,-0.0045444444444444065,-4.060000000000002,-6.540000000000003,0.04987417311852704,0.04894998975382436,3.9,0.3999999999999999,6144.15,-0.04192605974789021,2.1700000000000004,-0.06000000000000005,0.15000000000000036,1.0633884738894093,Neutral,Watch,Risk-On Confirmation,Neutral,0,30,No Shock,45.6,0,0,20,0,26.46666666666667,80.0,33.57142857142857,33.333333333333336,7.142857142857143,0.0,12.0,5.085714285714289,-16.42857142857143,62,54,35,16.4,18.0,62.0,Moderate,High Stress,Moderate,Neutral,NEUTRAL,Low,Low Divergence,Poor,Low,Low Complacency,Moderate Mean-Reversion Setup,RISK ON,WATCH ENTRY,-5.671428571428571,Panic / Stabilizing,WATCH FOR RECOVERY,"{'final_decision': 'Watch Entry', 'environment': 'Stress building but entry setup incomplete', 'action': 'Watch for entry, do not chase yet', 'buy_trigger': 'VIX > 25, SP500 drawdown > 5%, HY spread stabilization', 'risk_off_trigger': 'HY 5D widening > 0.25 and VIX +5'}",Watch Entry,Stress building but entry setup incomplete,"Watch for entry, do not chase yet",0.35,0.25,0.4,Neutral / Slight Long,"{'Credit stress': 20, 'HY spread compression': 14}","[('Credit Tightening', np.float64(56.4)), ('COVID Crash', np.float64(8.8)), ('Inflation / Duration Shock', np.float64(1.5)), ('Benign Risk-On', np.float64(1.2)), ('Late-Cycle Melt-Up', 0)]",0.04322905606849514,0.08543204423643713,-0.04999999999999982,-0.1499999999999999,5802.82,5802.82,-0.014223951210811214,-0.014223951210811214,0.015930169623973298,"('Medium', ['Adequate decision sample size', 'No active shock flag', 'Signals conflicting', 'Labor warning watch'])",Medium,"['Adequate decision sample size', 'No active shock flag', 'Signals conflicting', 'Labor warning watch']"
2025-05-14,4.53,4.05,0.4800000000000004,Normal,4.3,-0.426,-0.45585555555555557,3.1,5892.58,18.62,2.37,0.2999999999999998,0.16000000000000103,4.440892098500626e-16,-0.3999999999999999,0.29000000000000004,-0.5699999999999998,0.8799999999999999,-1.2799999999999998,-0.0027333333333333654,-3.1499999999999986,-4.93,0.04640152860450919,0.04606901742744185,3.9,0.3999999999999999,6144.15,-0.04094463839587248,2.16,-0.09999999999999964,0.16000000000000103,1.0076998638210275,Neutral,Watch,Risk-On Confirmation,Neutral,0,30,No Shock,45.4,0,0,20,0,27.714285714285715,75.23809523809524,31.428571428571427,30.714285714285715,8.095238095238095,0.0,13.5,5.838095238095239,-21.19047619047619,62,54,35,22.6,22.6,58.5,Moderate,High Stress,Moderate,Neutral,NEUTRAL,Low,Low Divergence,Poor,Moderate,Low Complacency,Moderate Mean-Reversion Setup,RISK ON,WATCH ENTRY,-7.676190476190476,Panic / Stabilizing,WATCH FOR RECOVERY,"{'final_decision': 'Watch Entry', 'environment': 'Stress building but entry setup incomplete', 'action': 'Watch for entry, do not chase yet', 'buy_trigger': 'VIX > 25, SP500 drawdown > 5%, HY spread stabilization', 'risk_off_trigger': 'HY 5D widening > 0.25 and VIX +5'}",Watch Entry,Stress building but entry setup incomplete,"Watch for entry, do not chase yet",0.35,0.25,0.4,Neutral / Slight Long,"{'Credit stress': 20, 'HY spread compression': 14}","[('Credit Tightening', np.float64(59.0)), ('Benign Risk-On', np.float64(7.8)), ('COVID Crash', np.float64(7.2)), ('Inflation / Duration Shock', np.float64(4.8)), ('Late-Cycle Melt-Up', 0)]",0.04760054169820349,0.08160601977402093,-0.08000000000000007,-0.16000000000000014,5802.82,5802.82,-0.015232716399268265,-0.015232716399268265,0.01746018959437122,"('Medium', ['Adequate decision sample size', 'No active shock flag', 'Signals conflicting', 'Labor warning watch'])",Medium,"['Adequate decision sample size', 'No active shock flag', 'Signals conflicting', 'Labor warning watch']"
2025-05-15,4.45,3.96,0.4900000000000002,Normal,4.3,-0.426,-0.45511111111111113,3.2,5916.93,17.83,2.34,0.2999999999999998,0.15000000000000036,0.020000000000000018,-0.21999999999999975,0.4400000000000004,-0.3099999999999996,0.7399999999999998,-0.9599999999999995,-0.0009222222222222687,-3.6800000000000033,-4.650000000000002,0.04466678672443569,0.043371768850831494,3.9,0.3999999999999999,6144.15,-0.036981519005883534,2.1100000000000003,-0.16999999999999993,0.15000000000000036,0.7374753910902468,Neutral,Watch,Risk-On Confirmation,Neutral,0,42,No Shock,45.2,10,0,0,0,28.923809523809528,70.95238095238095,29.285714285714285,28.714285714285715,7.380952380952381,0.0,16.2,6.714285714285715,-24.85714285714286,49,46,35,27.5,26.4,55.0,Moderate,High Stress,Moderate,Neutral,NEUTRAL,Low,Low Divergence,Poor,Moderate,Low Complacency,Moderate Mean-Reversion Setup,RISK ON,WATCH ENTRY,-9.071428571428573,Panic / Stabilizing,WATCH FOR RECOVERY,"{'final_decision': 'Watch Entry', 'environment': 'Stress building but entry setup incomplete', 'action': 'Watch for entry, do not chase yet', 'buy_trigger': 'VIX > 25, SP500 drawdown > 5%, HY spread stabilization', 'risk_off_trigger': 'HY 5D widening > 0.25 and VIX +5'}",Watch Entry,Stress building but entry setup incomplete,"Watch for entry, do not chase yet",0.35,0.25,0.4,Neutral / Slight Long,"{'Credit stress': 20, 'Low VIX': 15}","[('Credit Tightening', np.float64(58.9)), ('Benign Risk-On', np.float64(13.7)), ('Inflation / Duration Shock', np.float64(6.1)), ('COVID Crash', np.float64(4.4)), ('Late-Cycle Melt-Up', 0)]",0.04867727013839929,0.08937574046000196,-0.2400000000000002,-0.27,5802.82,5802.82,-0.019285338849707623,-0.019285338849707623,0.01783704454843975,"('High', ['Adequate decision sample size', 'No active shock flag', 'Signals partly aligned', 'Labor warning watch'])",High,"['Adequate decision sample size', 'No active shock flag', 'Signals partly aligned', 'Labor warning watch']"
2025-05-16,4.43,3.98,0.44999999999999973,Normal,4.3,-0.444,-0.4545,3.16,5958.38,17.24,2.34,0.2999999999999998,0.07999999999999963,-0.04000000000000048,-0.8499999999999996,0.3700000000000001,-0.36999999999999966,1.3499999999999996,-2.1999999999999993,0.0007555555555555094,-12.780000000000001,-4.66,0.05273405407506493,0.1041152446391378,3.9,0.3999999999999999,6144.15,-0.030235264438530862,2.09,-0.20000000000000018,0.07999999999999963,0.6305191825871993,Neutral,Watch,Risk-On Confirmation,Neutral,0,67,No Shock,46.1,10,10,0,0,29.70952380952381,66.66666666666667,27.61904761904762,26.095238095238095,6.428571428571429,0.0,21.4,7.12857142857143,-27.57142857142857,77,61,25,35.2,31.7,51.5,Moderate,Elevated,Moderate,Neutral,NEUTRAL,Low,Low Divergence,Weakening,Moderate,Low Complacency,Moderate Mean-Reversion Setup,RISK ON,WATCH ENTRY,-10.22142857142857,Panic / Stabilizing,WATCH FOR RECOVERY,"{'final_decision': 'Watch Entry', 'environment': 'Stress building but entry setup incomplete', 'action': 'Watch for entry, do not chase yet', 'buy_trigger': 'VIX > 25, SP500 drawdown > 5%, HY spread stabilization', 'risk_off_trigger': 'HY 5D widening > 0.25 and VIX +5'}",Watch Entry,Stress building but entry setup incomplete,"Watch for entry, do not chase yet",0.35,0.25,0.4,Neutral / Slight Long,"{'Credit stress': 20, 'Low VIX': 15, 'HY spread compression': 14, 'VIX compression': 12}","[('Credit Tightening', np.float64(57.0)), ('Benign Risk-On', np.float64(19.7)), ('Inflation / Duration Shock', np.float64(6.3)), ('Late-Cycle Melt-Up', np.float64(1.7)), ('COVID Crash', np.float64(0.4))]",0.04021730738892115,0.08529163967387099,-0.25,-0.26000000000000023,5802.82,5802.82,-0.02610776754755495,-0.02610776754755495,0.014876057586122402,"('High', ['Adequate decision sample size', 'No active shock flag', 'Signals partly aligned', 'Labor warning watch'])",High,"['Adequate decision sample size', 'No active shock flag', 'Signals partly aligned', 'Labor warning watch']"
2025-05-19,4.46,3.97,0.48999999999999977,Normal,4.3,-0.444,-0.4538888888888889,3.21,5963.6,18.14,2.36,0.2999999999999998,0.10000000000000009,0.019999999999999574,-1.2400000000000002,0.3700000000000001,0.06000000000000005,1.6700000000000004,-2.9100000000000006,0.002433333333333343,-27.17,-0.25,0.020432258362579114,0.17530665657616762,3.9,0.3999999999999999,6144.15,-0.029385675805440825,2.1,-0.16999999999999993,0.10000000000000009,0.6856801308175051,Neutral,Watch,Risk-On Confirmation,Neutral,0,70,No Shock,45.4,10,10,0,0,30.947619047619053,62.38095238095238,26.428571428571427,24.095238095238095,6.428571428571429,0.0,26.9,7.966666666666672,-30.285714285714292,77,54,25,42.1,36.3,48.0,Moderate,Elevated,Moderate,Neutral,NEUTRAL,Low,Low Divergence,Weakening,Elevated,Low Complacency,Moderate Mean-Reversion Setup,NEUTRAL,WATCH ENTRY,-11.15952380952381,Panic / Stabilizing,WATCH FOR RECOVERY,"{'final_decision': 'Watch Entry', 'environment': 'Stress building but entry setup incomplete', 'action': 'Watch for entry, do not chase yet', 'buy_trigger': 'VIX > 25, SP500 drawdown > 5%, HY spread stabilization', 'risk_off_trigger': 'HY 5D widening > 0.25 and VIX +5'}",Watch Entry,Stress building but entry setup incomplete,"Watch for entry, do not chase yet",0.35,0.25,0.4,Neutral / Slight Long,"{'Credit stress': 20, 'HY spread compression': 14, 'VIX compression': 12}","[('Credit Tightening', np.float64(55.0)), ('Benign Risk-On', np.float64(25.3)), ('Late-Cycle Melt-Up', np.float64(8.5)), ('Inflation / Duration Shock', np.float64(7.1)), ('COVID Crash', 0)]",0.04423837950231402,0.08467033335569107,-0.33000000000000007,-0.31999999999999984,5802.82,5802.82,-0.026960225367227975,-0.026960225367227975,0.016283432825809904,"('High', ['Adequate decision sample size', 'No active shock flag', 'Signals partly aligned', 'Labor warning watch'])",High,"['Adequate decision sample size', 'No active shock flag', 'Signals partly aligned', 'Labor warning watch']"
2025-05-20,4.48,3.97,0.5100000000000002,Normal,4.3,-0.444,-0.4532777777777777,3.2,5940.46,18.09,2.35,0.2999999999999998,0.10000000000000009,0.03999999999999959,-1.4100000000000001,0.38000000000000034,0.11000000000000032,1.8300000000000005,-3.2400000000000007,0.004111111111111232,-28.889999999999997,-0.129999999999999,0.009158165648809558,0.17348214726653177,3.9,0.3999999999999999,6144.15,-0.03315185989925373,2.1300000000000003,-0.15999999999999925,0.10000000000000009,0.8465989194689953,Neutral,Watch,Risk-On Confirmation,Neutral,0,40,No Shock,45.1,10,10,0,0,31.82857142857143,58.095238095238095,24.761904761904763,20.904761904761905,3.8095238095238093,0.0,30.9,8.457142857142856,-34.57142857142858,77,54,25,49.0,40.9,42.0,Moderate,Elevated,Moderate,Neutral,NEUTRAL,Low,Low Divergence,Weakening,Elevated,Moderate Complacency,Moderate Mean-Reversion Setup,NEUTRAL,WATCH ENTRY,-13.05714285714286,Panic / Stabilizing,WATCH FOR RECOVERY,"{'final_decision': 'Watch Entry', 'environment': 'Stress building but entry setup incomplete', 'action': 'Watch for entry, do not chase yet', 'buy_trigger': 'VIX > 25, SP500 drawdown > 5%, HY spread stabilization', 'risk_off_trigger': 'HY 5D widening > 0.25 and VIX +5'}",Watch Entry,Stress building but entry setup incomplete,"Watch for entry, do not chase yet",0.35,0.25,0.4,Neutral / Slight Long,"{'Credit stress': 20, 'HY spread compression': 14, 'VIX compression': 12}","[('Credit Tightening', np.float64(49.2)), ('Benign Risk-On', np.float64(32.1)), ('Late-Cycle Melt-Up', np.float64(16.1)), ('Inflation / Duration Shock', np.float64(5.0)), ('COVID Crash', 0)]",0.057047770711359025,0.08574083488484052,-0.40000000000000036,-0.3200000000000003,5802.82,5802.82,-0.023169922867926074,-0.023169922867926074,0.020766719748975655,"('High', ['Adequate decision sample size', 'No active shock flag', 'Signals partly aligned', 'Labor warning watch'])",High,"['Adequate decision sample size', 'No active shock flag', 'Signals partly aligned', 'Labor warning watch']"
2025-05-21,4.58,4.0,0.5800000000000001,Normal,4.3,-0.444,-0.45266666666666666,3.25,5844.61,20.87,2.35,0.2999999999999998,0.21000000000000085,0.09999999999999964,-1.3200000000000003,0.43999999999999995,0.1499999999999999,1.7300000000000004,-3.0500000000000007,0.005722222222222184,-31.459999999999997,2.25,-0.00814074649813834,0.1729640340613754,3.9,0.3999999999999999,6144.15,-0.048752064972372056,2.23,-0.10999999999999943,0.21000000000000085,1.3832267198260073,Neutral,Watch,Risk-On Confirmation,Neutral,0,40,No Shock,43.9,20,10,20,0,32.63333333333333,54.285714285714285,23.571428571428573,19.476190476190474,3.8095238095238093,0.0,34.9,8.74761904761905,-38.38095238095239,77,54,25,55.9,45.5,36.0,Moderate,Elevated,Moderate,Easy / Supportive,SUPPORTIVE,Low,Low Divergence,Weakening,Elevated,Moderate Complacency,Weak Setup,NEUTRAL,WAIT,-14.816666666666668,Panic / Stabilizing,WATCH FOR RECOVERY,"{'final_decision': 'Neutral', 'environment': 'Mixed / neutral', 'action': 'Neutral positioning', 'buy_trigger': 'Wait for clearer mean-reversion or benign setup', 'risk_off_trigger': 'Shock flag or rising macro/credit stress'}",Neutral,Mixed / neutral,Neutral positioning,0.45,0.25,0.3,Neutral,"{'Credit stress': 20, 'HY spread compression': 14, 'VIX compression': 12}","[('Credit Tightening', np.float64(44.7)), ('Benign Risk-On', np.float64(38.3)), ('Late-Cycle Melt-Up', np.float64(23.8)), ('Inflation / Duration Shock', np.float64(4.5)), ('COVID Crash', 0)]",0.06593596493179188,0.10343547302557399,-0.3900000000000001,-0.3700000000000001,5802.82,5802.82,-0.00715017768508075,-0.00715017768508075,0.030271184219306347,"('High', ['Adequate decision sample size', 'No active shock flag', 'Signals partly aligned', 'Labor warning watch'])",High,"['Adequate decision sample size', 'No active shock flag', 'Signals partly aligned', 'Labor warning watch']"
2025-05-22,4.54,4.0,0.54,Normal,4.3,-0.444,-0.4520555555555556,3.32,5842.01,20.28,2.34,0.2999999999999998,0.15000000000000036,0.04999999999999982,-1.0500000000000003,0.46999999999999975,0.11999999999999966,1.56,-2.6100000000000003,0.007333333333333303,-13.339999999999996,2.450000000000003,-0.012661971664359783,0.07057303597280518,3.9,0.3999999999999999,6144.15,-0.04917523172448579,2.2,-0.13999999999999968,0.15000000000000036,1.215723498195912,Neutral,Watch,Risk-On Confirmation,Neutral,0,40,No Shock,44.8,20,10,20,0,33.9,51.095238095238095,22.857142857142858,18.047619047619047,4.761904761904762,0.0,38.9,9.366666666666667,-40.00000000000001,77,54,25,62.8,50.1,32.5,Moderate,Elevated,Moderate,Easy / Supportive,SUPPORTIVE,Low,Low Divergence,Weakening,Elevated,Moderate Complacency,Weak Setup,NEUTRAL,WAIT,-15.31666666666667,Panic / Stabilizing,WATCH FOR RECOVERY,"{'final_decision': 'Neutral', 'environment': 'Mixed / neutral', 'action': 'Neutral positioning', 'buy_trigger': 'Wait for clearer mean-reversion or benign setup', 'risk_off_trigger': 'Shock flag or rising macro/credit stress'}",Neutral,Mixed / neutral,Neutral positioning,0.45,0.25,0.3,Neutral,"{'Credit stress': 20, 'HY spread compression': 14, 'VIX compression': 12}","[('Benign Risk-On', np.float64(42.0)), ('Credit Tightening', np.float64(41.3)), ('Late-Cycle Melt-Up', np.float64(29.8)), ('Inflation / Duration Shock', np.float64(4.3)), ('COVID Crash', 0)]",0.06564692631474434,0.09745960722422575,-0.3999999999999999,-0.41999999999999993,5802.82,5802.82,-0.006708307585916562,-0.006708307585916562,0.030141116841634952,"('High', ['Adequate decision sample size', 'No active shock flag', 'Signals partly aligned', 'Labor warning watch'])",High,"['Adequate decision sample size', 'No active shock flag', 'Signals partly aligned', 'Labor warning watch']"
2025-05-23,4.51,4.0,0.5099999999999998,Normal,4.3,-0.458,-0.45154444444444447,3.4,5802.82,22.29,2.33,0.2999999999999998,0.09999999999999964,0.06000000000000005,-1.02,0.6000000000000001,0.23999999999999977,1.6099999999999999,-2.63,0.008844444444444433,-18.43,5.050000000000001,-0.02610776754755495,0.10151194464745017,3.9,0.3999999999999999,6144.15,-0.055553656730385814,2.1799999999999997,-0.1600000000000006,0.09999999999999964,1.1043386931347203,Neutral,Watch,Risk-On Confirmation,Neutral,0,40,VIX spike,45.5,20,10,20,0,35.16190476190476,47.42857142857143,21.666666666666668,16.61904761904762,5.714285714285714,0.0,42.9,10.11428571428571,-42.09523809523809,65,38,25,68.5,52.3,29.0,Moderate,Elevated,Moderate,Easy / Supportive,SUPPORTIVE,Low,Low Divergence,Healthy,Elevated,Moderate Complacency,Weak Setup,NEUTRAL,WAIT,-15.990476190476189,Stable / Neutral,NEUTRAL,"{'final_decision': 'Stress / Stabilization Watch', 'environment': 'Active deterioration or shock', 'action': 'Reduce risk and monitor for stabilization', 'buy_trigger': 'Wait for VIX rollover, HY spread stabilization, and equity drawdown exhaustion', 'risk_off_trigger': 'Already triggered'}",Stress / Stabilization Watch,Active deterioration or shock,Reduce risk and monitor for stabilization,0.25,0.15,0.6,Long Duration,"{'Active shock flag': 25, 'Credit stress': 20, 'HY spread compression': 14, 'VIX compression': 12}","[('Benign Risk-On', np.float64(45.7)), ('Credit Tightening', np.float64(38.2)), ('Late-Cycle Melt-Up', np.float64(34.6)), ('Inflation / Duration Shock', np.float64(4.4)), ('COVID Crash', 0)]",0.07934762753282043,0.10218479980423312,-0.45999999999999996,-0.45999999999999996,5888.55,5888.55,0.014773851334351384,0.014773851334351384,0.021036906883205107,"('Medium', ['Adequate decision sample size', 'Shock flag active', 'Signals partly aligned', 'Labor warning watch'])",Medium,"['Adequate decision sample size', 'Shock flag active', 'Signals partly aligned', 'Labor warning watch']"
2025-05-27,4.43,3.92,0.5099999999999998,Normal,4.3,-0.458,-0.4505222222222222,3.24,5921.54,18.96,2.32,0.2999999999999998,0.11999999999999922,0.020000000000000018,-1.0199999999999996,0.52,0.03000000000000025,1.3899999999999997,-2.4099999999999993,0.010866666666666636,-18.6,0.8200000000000003,-0.007052786907237318,0.10407282002326901,3.9,0.3999999999999999,6144.15,-0.036231211803097185,2.11,-0.13000000000000034,0.11999999999999922,0.7249955302462459,Neutral,Watch,Risk-On Confirmation,Neutral,0,40,No Shock,45.7,10,10,0,0,36.43333333333333,44.714285714285715,20.952380952380953,15.904761904761905,5.714285714285714,0.0,43.9,11.204761904761902,-40.047619047619044,77,54,15,70.0,52.3,27.0,Moderate,Elevated,Moderate,Easy / Supportive,SUPPORTIVE,Low,Low Divergence,Healthy,High,Moderate Complacency,Weak Setup,NEUTRAL,WAIT,-14.42142857142857,Stable / Neutral,NEUTRAL,"{'final_decision': 'Neutral', 'environment': 'Mixed / neutral', 'action': 'Neutral positioning', 'buy_trigger': 'Wait for clearer mean-reversion or benign setup', 'risk_off_trigger': 'Shock flag or rising macro/credit stress'}",Neutral,Mixed / neutral,Neutral positioning,0.45,0.25,0.3,Neutral,"{'Credit stress': 20, 'HY spread compression': 14, 'VIX compression': 12}","[('Benign Risk-On', np.float64(48.0)), ('Late-Cycle Melt-Up', np.float64(36.6)), ('Credit Tightening', np.float64(36.3)), ('Inflation / Duration Shock', np.float64(4.4)), ('COVID Crash', 0)]",0.06061261090864867,0.07576238613603903,-0.3200000000000003,-0.29000000000000004,5888.55,5888.55,-0.005571185873944895,-0.005571185873944895,0.027875674908891902,"('High', ['Adequate decision sample size', 'No active shock flag', 'Signals partly aligned', 'Labor warning watch'])",High,"['Adequate decision sample size', 'No active shock flag', 'Signals partly aligned', 'Labor warning watch']"
2025-05-28,4.47,3.96,0.5099999999999998,Normal,4.3,-0.458,-0.45001111111111114,3.23,5888.55,19.31,2.32,0.2999999999999998,0.1299999999999999,-4.440892098500626e-16,-0.9099999999999997,0.5,0.029999999999999805,1.1999999999999997,-2.1099999999999994,0.012377777777777765,-11.580000000000002,1.2199999999999989,-0.00873838052945397,0.08926797595991087,3.9,0.3999999999999999,6144.15,-0.041600546861648824,2.15,-0.04000000000000048,0.1299999999999999,0.9394470924754984,Neutral,Watch,Risk-On Confirmation,Neutral,0,40,No Shock,45.8,10,10,0,0,37.71904761904762,41.04761904761905,19.761904761904763,14.619047619047619,5.714285714285714,0.0,44.9,11.252380952380953,-38.95238095238095,77,54,15,71.5,52.3,25.0,Moderate,Elevated,Low,Easy / Supportive,SUPPORTIVE,Low,Low Divergence,Healthy,High,Moderate Complacency,Weak Setup,NEUTRAL,WAIT,-13.849999999999998,Stable / Neutral,NEUTRAL,"{'final_decision': 'Neutral', 'environment': 'Mixed / neutral', 'action': 'Neutral positioning', 'buy_trigger': 'Wait for clearer mean-reversion or benign setup', 'risk_off_trigger': 'Shock flag or rising macro/credit stress'}",Neutral,Mixed / neutral,Neutral positioning,0.45,0.25,0.3,Neutral,"{'Credit stress': 20, 'High risk appetite': 16, 'HY spread compression': 14, 'VIX compression': 12}","[('Benign Risk-On', np.float64(50.7)), ('Late-Cycle Melt-Up', np.float64(38.9)), ('Credit Tightening', np.float64(33.7)), ('Inflation / Duration Shock', np.float64(4.2)), ('COVID Crash', 0)]",0.0630375898990414,0.0982177276239482,-0.2599999999999998,-0.3500000000000001,5911.69,5911.69,0.003929660103081378,0.003929660103081378,0.028966915454568632,"('High', ['Adequate decision sample size', 'No active shock flag', 'Signals partly aligned', 'Labor warning watch'])",High,"['Adequate decision sample size', 'No active shock flag', 'Signals partly aligned', 'Labor warning watch']"
2025-05-29,4.43,3.92,0.5099999999999998,Normal,4.3,-0.458,-0.44950000000000007,3.22,5912.17,19.18,2.32,0.2999999999999998,0.16999999999999904,-0.07000000000000028,-0.8699999999999997,0.5800000000000001,-0.029999999999999805,1.0999999999999996,-1.9699999999999993,0.013844444444444381,-10.940000000000001,-1.6900000000000013,0.011559368375306578,0.09552998815927727,3.9,0.3999999999999999,6144.15,-0.03775623967513808,2.11,-0.0900000000000003,0.16999999999999904,0.7254122894028808,Neutral,Watch,Risk-On Confirmation,Neutral,0,40,No Shock,45.9,10,10,0,0,38.99047619047619,37.38095238095238,18.571428571428573,12.619047619047619,5.714285714285714,0.0,45.9,11.276190476190472,-37.85714285714286,77,54,0,73.0,52.3,21.5,Moderate,Moderate,Low,Easy / Supportive,SUPPORTIVE,Low,Low Divergence,Healthy,High,Moderate Complacency,Weak Setup,NEUTRAL,WAIT,-13.290476190476195,Stable / Neutral,NEUTRAL,"{'final_decision': 'Neutral', 'environment': 'Mixed / neutral', 'action': 'Neutral positioning', 'buy_trigger': 'Wait for clearer mean-reversion or benign setup', 'risk_off_trigger': 'Shock flag or rising macro/credit stress'}",Neutral,Mixed / neutral,Neutral positioning,0.45,0.25,0.3,Neutral,"{'High risk appetite': 16, 'HY spread compression': 14, 'VIX compression': 12}","[('Benign Risk-On', np.float64(53.9)), ('Late-Cycle Melt-Up', np.float64(41.6)), ('Credit Tightening', np.float64(30.3)), ('Inflation / Duration Shock', np.float64(3.5)), ('COVID Crash', 0)]",0.06028074294210084,0.08916353893747964,-0.27,-0.4200000000000004,5911.69,5911.69,-8.118846379590039e-05,-8.118846379590039e-05,0.02772633432394538,"('High', ['Adequate decision sample size', 'No active shock flag', 'Signals partly aligned', 'Labor warning watch'])",High,"['Adequate decision sample size', 'No active shock flag', 'Signals partly aligned', 'Labor warning watch']"
2025-05-30,4.41,3.89,0.52,Normal,4.3,-0.47,-0.4490666666666667,3.31,5911.69,18.57,2.34,0.2999999999999998,0.23999999999999977,-0.020000000000000018,-0.8500000000000001,0.7000000000000002,-0.009999999999999787,1.2800000000000002,-2.1300000000000003,0.01618888888888881,-14.07,-1.7100000000000009,0.011927401699072693,0.12055082737835732,3.9,0.3999999999999999,6144.15,-0.03783436276783603,2.0700000000000003,-0.1200000000000001,0.23999999999999977,0.5110544146614133,Neutral,Watch,Risk-On Confirmation,Neutral,0,40,No Shock,45.9,10,10,0,0,40.29047619047619,33.095238095238095,17.38095238095238,11.19047619047619,5.714285714285714,0.0,45.7,11.366666666666664,-37.857142857142854,77,54,15,75.8,53.1,19.5,Elevated,Moderate,Low,Easy / Supportive,SUPPORTIVE,Low,Low Divergence,Healthy,High,Moderate Complacency,No Setup,NEUTRAL,NO TRADE,-13.245238095238095,Stable / Neutral,NEUTRAL,"{'final_decision': 'Neutral', 'environment': 'Mixed / neutral', 'action': 'Neutral positioning', 'buy_trigger': 'Wait for clearer mean-reversion or benign setup', 'risk_off_trigger': 'Shock flag or rising macro/credit stress'}",Neutral,Mixed / neutral,Neutral positioning,0.45,0.25,0.3,Neutral,"{'Macro stress': 20, 'High risk appetite': 16, 'HY spread compression': 14, 'VIX compression': 12}","[('Benign Risk-On', np.float64(56.2)), ('Late-Cycle Melt-Up', np.float64(44.2)), ('Credit Tightening', np.float64(26.7)), ('Inflation / Duration Shock', np.float64(2.4)), ('COVID Crash', 0)]",0.05617175460824253,0.09375491610690001,-0.3599999999999999,-0.5300000000000002,5935.94,5935.94,0.00410204188649943,0.00410204188649943,0.02587728957370914,"('High', ['Adequate decision sample size', 'No active shock flag', 'Signals partly aligned', 'Labor warning watch'])",High,"['Adequate decision sample size', 'No active shock flag', 'Signals partly aligned', 'Labor warning watch']"
2025-06-02,4.46,3.94,0.52,Normal,4.3,-0.47,-0.4486333333333334,3.27,5935.94,18.36,2.33,0.2999999999999998,0.2100000000000004,0.010000000000000231,-0.7499999999999996,0.6800000000000002,-0.1299999999999999,1.0299999999999994,-1.779999999999999,0.017577777777777692,-11.29,-3.9299999999999997,0.022940570274452732,0.1236564635508357,3.9,0.3999999999999999,6144.15,-0.03388751902215925,2.13,-0.06999999999999984,0.2100000000000004,0.8388029262389758,Neutral,Watch,Risk-On Confirmation,Neutral,0,55,No Shock,46.0,10,10,0,0,41.00476190476191,29.428571428571427,16.19047619047619,9.19047619047619,5.714285714285714,0.0,44.5,11.295238095238098,-37.23809523809524,77,54,15,75.8,52.4,18.5,Elevated,Moderate,Low,Easy / Supportive,SUPPORTIVE,Low,Low Divergence,Healthy,High,Moderate Complacency,No Setup,NEUTRAL,NO TRADE,-12.971428571428572,Stable / Neutral,NEUTRAL,"{'final_decision': 'Neutral', 'environment': 'Mixed / neutral', 'action': 'Neutral positioning', 'buy_trigger': 'Wait for clearer mean-reversion or benign setup', 'risk_off_trigger': 'Shock flag or rising macro/credit stress'}",Neutral,Mixed / neutral,Neutral positioning,0.45,0.25,0.3,Neutral,"{'Macro stress': 20, 'High risk appetite': 16, 'HY spread compression': 14, 'VIX compression': 12}","[('Benign Risk-On', np.float64(58.1)), ('Late-Cycle Melt-Up', np.float64(45.1)), ('Credit Tightening', np.float64(24.4)), ('Inflation / Duration Shock', np.float64(1.7)), ('COVID Crash', 0)]",0.055216191538324244,0.09189109054336808,-0.27,-0.4900000000000002,5939.3,5939.3,0.0005660434573127038,0.0005660434573127038,0.02544728619224591,"('High', ['Adequate decision sample size', 'No active shock flag', 'Signals partly aligned', 'Labor warning watch'])",High,"['Adequate decision sample size', 'No active shock flag', 'Signals partly aligned', 'Labor warning watch']"
2025-06-03,4.46,3.96,0.5,Normal,4.3,-0.47,-0.4482,3.19,5970.37,17.69,2.32,0.2999999999999998,0.13999999999999968,-0.009999999999999787,-0.9700000000000002,0.5800000000000001,-0.050000000000000266,1.19,-2.16,0.01896666666666663,-16.13,-1.2699999999999996,0.008246165693383878,0.15745221201194215,3.9,0.3999999999999999,6144.15,-0.028283814685513775,2.14,-0.0900000000000003,0.13999999999999968,0.8979610880997654,Neutral,Watch,Risk-On Confirmation,Neutral,0,67,No Shock,46.5,10,10,0,0,41.695238095238096,26.714285714285715,15.0,8.476190476190476,5.714285714285714,0.0,44.2,10.747619047619043,-35.666666666666664,77,61,15,75.8,53.1,17.5,Elevated,Moderate,Low,Easy / Supportive,SUPPORTIVE,Low,Low Divergence,Healthy,High,Moderate Complacency,No Setup,NEUTRAL,NO TRADE,-12.45952380952381,Stable / Neutral,NEUTRAL,"{'final_decision': 'Neutral', 'environment': 'Mixed / neutral', 'action': 'Neutral positioning', 'buy_trigger': 'Wait for clearer mean-reversion or benign setup', 'risk_off_trigger': 'Shock flag or rising macro/credit stress'}",Neutral,Mixed / neutral,Neutral positioning,0.45,0.25,0.3,Neutral,"{'Macro stress': 20, 'High risk appetite': 16, 'Low VIX': 15, 'HY spread compression': 14, 'VIX compression': 12}","[('Benign Risk-On', np.float64(59.1)), ('Late-Cycle Melt-Up', np.float64(46.5)), ('Credit Tightening', np.float64(22.0)), ('Inflation / Duration Shock', np.float64(0.8)), ('COVID Crash', 0)]",0.054768799923622824,0.08902128343804483,-0.2799999999999998,-0.43999999999999995,5939.3,5939.3,-0.005204032580895301,-0.005204032580895301,0.025245959965630272,"('High', ['Adequate decision sample size', 'No active shock flag', 'Signals partly aligned', 'Labor warning watch'])",High,"['Adequate decision sample size', 'No active shock flag', 'Signals partly aligned', 'Labor warning watch']"
2025-06-04,4.37,3.87,0.5,Normal,4.3,-0.47,-0.44776666666666665,3.23,5970.81,17.61,2.31,0.2999999999999998,0.13999999999999968,-0.009999999999999787,-0.7600000000000002,0.6299999999999999,0.0,0.8300000000000001,-1.5900000000000003,0.02032222222222224,-12.96,-1.6999999999999993,0.013969483149502082,0.12917568119581824,3.9,0.3999999999999999,6144.15,-0.02821220185054063,2.06,-0.13999999999999968,0.13999999999999968,0.4666778845029516,Neutral,Watch,Risk-On Confirmation,Neutral,0,67,No Shock,46.6,10,10,0,0,42.41904761904762,24.0,13.80952380952381,7.190476190476191,5.714285714285714,0.0,46.9,10.590476190476188,-34.095238095238095,77,61,15,75.8,53.8,16.5,Elevated,Moderate,Low,Easy / Supportive,SUPPORTIVE,Low,Low Divergence,Healthy,High,Moderate Complacency,No Setup,NEUTRAL,NO TRADE,-11.752380952380953,Stable / Neutral,NEUTRAL,"{'final_decision': 'Neutral', 'environment': 'Mixed / neutral', 'action': 'Neutral positioning', 'buy_trigger': 'Wait for clearer mean-reversion or benign setup', 'risk_off_trigger': 'Shock flag or rising macro/credit stress'}",Neutral,Mixed / neutral,Neutral positioning,0.45,0.25,0.3,Neutral,"{'Macro stress': 20, 'High risk appetite': 16, 'Low VIX': 15, 'HY spread compression': 14, 'VIX compression': 12}","[('Benign Risk-On', np.float64(59.8)), ('Late-Cycle Melt-Up', np.float64(47.7)), ('Credit Tightening', np.float64(19.6)), ('COVID Crash', 0), ('Inflation / Duration Shock', 0)]",0.054595607631125365,0.08197380254940279,-0.2999999999999998,-0.41000000000000014,5939.3,5939.3,-0.005277340930292529,-0.005277340930292529,0.025168023434006415,"('High', ['Adequate decision sample size', 'No active shock flag', 'Signals partly aligned', 'Labor warning watch'])",High,"['Adequate decision sample size', 'No active shock flag', 'Signals partly aligned', 'Labor warning watch']"
2025-06-05,4.4,3.92,0.4800000000000004,Normal,4.3,-0.47,-0.4473333333333334,3.18,5939.3,18.48,2.29,0.2999999999999998,0.1200000000000001,-0.02999999999999936,-0.5699999999999998,0.52,-0.040000000000000036,0.5299999999999998,-1.0999999999999996,0.021677777777777685,-9.969999999999999,-0.6999999999999993,0.004588839630795372,0.1048092770273037,3.9,0.3999999999999999,6144.15,-0.03334065737327363,2.1100000000000003,-0.020000000000000018,0.1200000000000001,0.7410725518302061,Neutral,Watch,Risk-On Confirmation,Neutral,0,40,No Shock,47.1,10,10,0,0,43.15714285714286,19.714285714285715,12.142857142857142,4.571428571428571,5.714285714285714,0.0,46.9,10.523809523809526,-34.57142857142857,77,54,15,75.8,53.8,15.5,Elevated,Low,Low,Easy / Supportive,SUPPORTIVE,Low,Low Divergence,Healthy,High,Moderate Complacency,No Setup,NEUTRAL,NO TRADE,-12.023809523809522,Stable / Neutral,NEUTRAL,"{'final_decision': 'Neutral', 'environment': 'Mixed / neutral', 'action': 'Neutral positioning', 'buy_trigger': 'Wait for clearer mean-reversion or benign setup', 'risk_off_trigger': 'Shock flag or rising macro/credit stress'}",Neutral,Mixed / neutral,Neutral positioning,0.45,0.25,0.3,Neutral,"{'Macro stress': 20, 'High risk appetite': 16, 'HY spread compression': 14, 'VIX compression': 12}","[('Benign Risk-On', np.float64(60.9)), ('Late-Cycle Melt-Up', np.float64(48.6)), ('Credit Tightening', np.float64(16.4)), ('COVID Crash', 0), ('Inflation / Duration Shock', 0)]",0.06167393463876225,0.0801845335308875,-0.29000000000000004,-0.26000000000000023,5967.84,5967.84,0.004805280083511443,0.004805280083511443,0.028353270587443014,"('High', ['Adequate decision sample size', 'No active shock flag', 'Signals partly aligned', 'Labor warning watch'])",High,"['Adequate decision sample size', 'No active shock flag', 'Signals partly aligned', 'Labor warning watch']"
2025-06-06,4.51,4.04,0.46999999999999975,Normal,4.3,-0.479,-0.44696666666666673,3.09,6000.36,16.77,2.31,0.2999999999999998,0.11000000000000032,-0.050000000000000266,-0.6400000000000001,0.4299999999999997,-0.2200000000000002,0.5299999999999998,-1.17,0.02296666666666658,-9.7,-1.8000000000000007,0.014999095013439545,0.09400394182436078,3.9,0.3999999999999999,6144.15,-0.023402748956324326,2.1999999999999997,0.06999999999999984,0.11000000000000032,1.2267463000339656,Neutral,Watch,Risk-On Confirmation,Neutral,0,67,No Shock,47.4,10,10,20,0,43.87142857142857,15.428571428571429,10.476190476190476,2.5714285714285716,6.666666666666667,0.0,49.6,9.971428571428568,-35.666666666666664,77,61,15,75.8,54.5,14.5,Elevated,Low,Low,Easy / Supportive,SUPPORTIVE,Low,Low Divergence,Healthy,High,Moderate Complacency,No Setup,NEUTRAL,NO TRADE,-12.847619047619048,Stable / Neutral,NEUTRAL,"{'final_decision': 'Neutral', 'environment': 'Mixed / neutral', 'action': 'Neutral positioning', 'buy_trigger': 'Wait for clearer mean-reversion or benign setup', 'risk_off_trigger': 'Shock flag or rising macro/credit stress'}",Neutral,Mixed / neutral,Neutral positioning,0.45,0.25,0.3,Neutral,"{'Macro stress': 20, 'High risk appetite': 16, 'Low VIX': 15, 'HY spread compression': 14, 'VIX compression': 12}","[('Benign Risk-On', np.float64(61.4)), ('Late-Cycle Melt-Up', np.float64(49.9)), ('Credit Tightening', np.float64(13.2)), ('COVID Crash', 0), ('Inflation / Duration Shock', 0)]",0.05154024091887832,0.07464552126872404,-0.18999999999999995,-0.20999999999999996,5967.84,5967.84,-0.005419674819510778,-0.005419674819510778,0.023793108413495245,"('High', ['Adequate decision sample size', 'No active shock flag', 'Signals partly aligned', 'Labor warning watch'])",High,"['Adequate decision sample size', 'No active shock flag', 'Signals partly aligned', 'Labor warning watch']"
2025-06-09,4.49,4.01,0.4800000000000004,Normal,4.3,-0.479,-0.44660000000000005,3.12,6005.88,17.16,2.31,0.2999999999999998,0.14000000000000057,-0.03999999999999959,-0.5499999999999998,0.43999999999999995,-0.1499999999999999,0.27,-0.8199999999999998,0.024255555555555475,-7.68,-1.1999999999999993,0.01178246410846473,0.08699578839537314,3.9,0.3999999999999999,6144.15,-0.022504333390298004,2.18,0.03000000000000025,0.14000000000000057,1.1117760830934598,Neutral,Watch,Risk-On Confirmation,Neutral,0,67,No Shock,47.3,10,10,20,0,44.57142857142857,12.714285714285714,9.285714285714286,1.2857142857142858,7.619047619047619,0.0,52.3,9.409523809523812,-34.714285714285715,77,61,15,77.0,56.8,13.5,Elevated,Low,Low,Easy / Supportive,SUPPORTIVE,Low,Low Divergence,Healthy,High,Moderate Complacency,No Setup,NEUTRAL,NO TRADE,-12.652380952380952,Stable / Neutral,NEUTRAL,"{'final_decision': 'Neutral', 'environment': 'Mixed / neutral', 'action': 'Neutral positioning', 'buy_trigger': 'Wait for clearer mean-reversion or benign setup', 'risk_off_trigger': 'Shock flag or rising macro/credit stress'}",Neutral,Mixed / neutral,Neutral positioning,0.45,0.25,0.3,Neutral,"{'Macro stress': 20, 'High risk appetite': 16, 'Low VIX': 15, 'HY spread compression': 14, 'VIX compression': 12}","[('Benign Risk-On', np.float64(60.9)), ('Late-Cycle Melt-Up', np.float64(51.8)), ('Credit Tightening', np.float64(10.5)), ('COVID Crash', 0), ('Inflation / Duration Shock', 0)]",0.05878072821967795,0.08261903334731957,-0.29000000000000004,-0.28000000000000025,5967.84,5967.84,-0.006333792882974643,-0.006333792882974643,0.027051327698855078,"('High', ['Adequate decision sample size', 'No active shock flag', 'Signals partly aligned', 'Labor warning watch'])",High,"['Adequate decision sample size', 'No active shock flag', 'Signals partly aligned', 'Labor warning watch']"
2025-06-10,4.47,4.01,0.45999999999999996,Normal,4.3,-0.479,-0.44623333333333337,3.12,6038.81,16.95,2.29,0.2999999999999998,0.1200000000000001,-0.040000000000000036,-0.6099999999999999,0.4500000000000002,-0.06999999999999984,0.48,-1.0899999999999999,0.025544444444444425,-8.2,-0.740000000000002,0.011463276145364576,0.09225593488582406,3.9,0.3999999999999999,6144.15,-0.017144763718333622,2.1799999999999997,0.040000000000000036,0.1200000000000001,1.104986588616303,Neutral,Watch,Risk-On Confirmation,Neutral,0,67,No Shock,47.8,10,10,20,0,45.31428571428572,10.0,8.095238095238095,0.0,8.571428571428571,0.0,55.0,8.880952380952387,-34.714285714285715,90,75,15,78.3,58.9,13.5,Elevated,Low,Low,Easy / Supportive,SUPPORTIVE,Low,Low Divergence,Healthy,High,Moderate Complacency,No Setup,NEUTRAL,NO TRADE,-12.916666666666664,Stable / Neutral,NEUTRAL,"{'final_decision': 'Neutral', 'environment': 'Mixed / neutral', 'action': 'Neutral positioning', 'buy_trigger': 'Wait for clearer mean-reversion or benign setup', 'risk_off_trigger': 'Shock flag or rising macro/credit stress'}",Neutral,Mixed / neutral,Neutral positioning,0.45,0.25,0.3,Neutral,"{'Macro stress': 20, 'High risk appetite': 16, 'Low VIX': 15, 'HY spread compression': 14, 'VIX compression': 12, 'SP500 near highs': 12}","[('Benign Risk-On', np.float64(59.7)), ('Late-Cycle Melt-Up', np.float64(53.1)), ('Credit Tightening', np.float64(8.2)), ('COVID Crash', 0), ('Inflation / Duration Shock', 0)]",0.05374237639534951,0.07330748938946563,-0.30000000000000027,-0.29000000000000004,5967.84,5967.84,-0.0117523154396314,-0.0117523154396314,0.02478406937790728,"('High', ['Adequate decision sample size', 'No active shock flag', 'Signals partly aligned', 'Labor warning watch'])",High,"['Adequate decision sample size', 'No active shock flag', 'Signals partly aligned', 'Labor warning watch']"
2025-06-11,4.41,3.94,0.4700000000000002,Normal,4.3,-0.479,-0.4458666666666667,3.12,6022.24,17.26,2.27,0.2999999999999998,0.10999999999999988,-0.029999999999999805,-0.6200000000000001,0.43999999999999995,-0.10999999999999988,0.56,-1.1800000000000002,0.026788888888888862,-6.91,-0.34999999999999787,0.008613571692952737,0.08297502351267694,3.9,0.3999999999999999,6144.15,-0.019841637980843596,2.14,-0.020000000000000018,0.10999999999999988,0.8838818661875935,Neutral,Watch,Risk-On Confirmation,Neutral,0,67,No Shock,47.7,10,10,0,0,46.03333333333333,10.476190476190476,8.571428571428571,0.0,7.619047619047619,0.0,57.7,8.31428571428571,-30.571428571428577,90,75,15,79.6,61.0,13.5,Elevated,Low,Low,Easy / Supportive,SUPPORTIVE,Low,Low Divergence,Healthy,High,Moderate Complacency,No Setup,NEUTRAL,NO TRADE,-11.128571428571433,Stable / Neutral,NEUTRAL,"{'final_decision': 'Neutral', 'environment': 'Mixed / neutral', 'action': 'Neutral positioning', 'buy_trigger': 'Wait for clearer mean-reversion or benign setup', 'risk_off_trigger': 'Shock flag or rising macro/credit stress'}",Neutral,Mixed / neutral,Neutral positioning,0.45,0.25,0.3,Neutral,"{'Macro stress': 20, 'High risk appetite': 16, 'Low VIX': 15, 'HY spread compression': 14, 'VIX compression': 12, 'SP500 near highs': 12}","[('Benign Risk-On', np.float64(58.3)), ('Late-Cycle Melt-Up', np.float64(53.7)), ('Credit Tightening', np.float64(7.4)), ('COVID Crash', 0), ('Inflation / Duration Shock', 0)]",0.060841148808416845,0.07852725896012114,-0.28000000000000025,-0.28000000000000025,5967.84,5967.84,-0.009033183665878464,-0.009033183665878464,0.02797851696378758,"('High', ['Adequate decision sample size', 'No active shock flag', 'Signals partly aligned', 'Labor warning watch'])",High,"['Adequate decision sample size', 'No active shock flag', 'Signals partly aligned', 'Labor warning watch']"
2025-06-12,4.36,3.9,0.4600000000000004,Normal,4.3,-0.479,-0.4455,3.17,6045.26,18.02,2.25,0.2999999999999998,0.18000000000000016,-0.020000000000000018,-0.77,0.43999999999999995,-0.010000000000000231,0.71,-1.48,0.028033333333333355,-6.68,-0.46000000000000085,0.017840486252588716,0.08550814679676644,3.9,0.3999999999999999,6144.15,-0.01609498466020509,2.1100000000000003,0.020000000000000462,0.18000000000000016,0.722246650138207,Neutral,Watch,Risk-On Confirmation,Neutral,0,70,No Shock,48.0,10,10,0,0,46.147619047619045,10.952380952380953,9.047619047619047,0.0,6.666666666666667,0.0,60.7,7.157142857142858,-26.428571428571427,90,68,15,80.9,62.4,15.0,Elevated,Low,Low,Easy / Supportive,SUPPORTIVE,Low,Low Divergence,Healthy,High,Moderate Complacency,No Setup,NEUTRAL,NO TRADE,-9.635714285714284,Stable / Neutral,NEUTRAL,"{'final_decision': 'Neutral', 'environment': 'Mixed / neutral', 'action': 'Neutral positioning', 'buy_trigger': 'Wait for clearer mean-reversion or benign setup', 'risk_off_trigger': 'Shock flag or rising macro/credit stress'}",Neutral,Mixed / neutral,Neutral positioning,0.45,0.25,0.3,Neutral,"{'Macro stress': 20, 'High risk appetite': 16, 'HY spread compression': 14, 'VIX compression': 12, 'SP500 near highs': 12}","[('Benign Risk-On', np.float64(57.0)), ('Late-Cycle Melt-Up', np.float64(53.8)), ('Credit Tightening', np.float64(7.4)), ('COVID Crash', 0), ('Inflation / Duration Shock', 0)]",0.05698845045539813,0.07730850286009194,-0.3500000000000001,-0.2999999999999998,5967.84,5967.84,-0.012806727915755545,-0.012806727915755545,0.02624480270492916,"('High', ['Adequate decision sample size', 'No active shock flag', 'Signals partly aligned', 'Labor warning watch'])",High,"['Adequate decision sample size', 'No active shock flag', 'Signals partly aligned', 'Labor warning watch']"
2025-06-13,4.41,3.96,0.4500000000000002,Normal,4.3,-0.487,-0.44523333333333337,3.18,5976.97,20.82,2.28,0.2999999999999998,0.14000000000000057,-0.019999999999999574,-0.5999999999999996,0.4700000000000002,0.0900000000000003,0.5899999999999999,-1.1899999999999995,0.029177777777777747,-3.780000000000001,4.050000000000001,-0.00389809944736641,0.06652760280792402,3.9,0.3999999999999999,6144.15,-0.027209622160917157,2.1300000000000003,0.05000000000000071,0.14000000000000057,0.8316220314332775,Neutral,Watch,Risk-On Confirmation,Neutral,0,40,No Shock,48.3,20,10,0,0,46.285714285714285,11.904761904761905,9.523809523809524,0.0,5.714285714285714,0.0,60.7,5.9952380952380935,-21.19047619047619,62,54,15,79.4,62.4,15.0,Elevated,Low,Low,Easy / Supportive,SUPPORTIVE,Low,Low Divergence,Healthy,High,Moderate Complacency,No Setup,NEUTRAL,NO TRADE,-7.597619047619048,Stable / Neutral,NEUTRAL,"{'final_decision': 'Neutral', 'environment': 'Mixed / neutral', 'action': 'Neutral positioning', 'buy_trigger': 'Wait for clearer mean-reversion or benign setup', 'risk_off_trigger': 'Shock flag or rising macro/credit stress'}",Neutral,Mixed / neutral,Neutral positioning,0.45,0.25,0.3,Neutral,"{'Macro stress': 20, 'High risk appetite': 16, 'HY spread compression': 14}","[('Benign Risk-On', np.float64(56.8)), ('Late-Cycle Melt-Up', np.float64(53.4)), ('Credit Tightening', np.float64(7.7)), ('COVID Crash', 0), ('Inflation / Duration Shock', 0)]",0.0659012844300706,0.09286812548833256,-0.3200000000000003,-0.3400000000000003,5967.84,5967.84,-0.0015275298353514266,-0.0015275298353514266,0.03025557799353177,"('High', ['Adequate decision sample size', 'No active shock flag', 'Signals partly aligned', 'Labor warning watch'])",High,"['Adequate decision sample size', 'No active shock flag', 'Signals partly aligned', 'Labor warning watch']"
2025-06-16,4.46,3.97,0.48999999999999977,Normal,4.3,-0.487,-0.44496666666666673,3.1,6033.11,19.11,2.3,0.2999999999999998,0.22999999999999998,0.009999999999999343,-0.5,0.41000000000000014,-0.020000000000000018,0.43000000000000016,-0.9300000000000002,0.030322222222222195,-3.5700000000000003,1.9499999999999993,0.004533890121014572,0.06092141798275619,3.9,0.3999999999999999,6144.15,-0.018072475444121605,2.16,0.15000000000000036,0.22999999999999998,0.9924608837957248,Neutral,Watch,Risk-On Confirmation,Neutral,0,40,No Shock,47.6,10,10,0,0,46.4,11.904761904761905,10.0,0.0,5.714285714285714,0.0,59.2,5.395238095238092,-17.523809523809522,75,61,15,79.2,63.1,15.0,Elevated,Low,Low,Easy / Supportive,SUPPORTIVE,Low,Low Divergence,Healthy,High,Moderate Complacency,No Setup,NEUTRAL,NO TRADE,-6.064285714285715,Stable / Neutral,NEUTRAL,"{'final_decision': 'Neutral', 'environment': 'Mixed / neutral', 'action': 'Neutral positioning', 'buy_trigger': 'Wait for clearer mean-reversion or benign setup', 'risk_off_trigger': 'Shock flag or rising macro/credit stress'}",Neutral,Mixed / neutral,Neutral positioning,0.45,0.25,0.3,Neutral,"{'Macro stress': 20, 'High risk appetite': 16, 'HY spread compression': 14, 'SP500 near highs': 12}","[('Benign Risk-On', np.float64(56.4)), ('Late-Cycle Melt-Up', np.float64(53.7)), ('Credit Tightening', np.float64(7.4)), ('COVID Crash', 0), ('Inflation / Duration Shock', 0)]",0.05466334941680162,0.09188627424330087,-0.20999999999999996,-0.3200000000000003,5967.84,5967.84,-0.010818632512916149,-0.010818632512916149,0.02519850723756073,"('High', ['Adequate decision sample size', 'No active shock flag', 'Signals partly aligned', 'Labor warning watch'])",High,"['Adequate decision sample size', 'No active shock flag', 'Signals partly aligned', 'Labor warning watch']"
2025-06-17,4.39,3.94,0.44999999999999973,Normal,4.3,-0.487,-0.4447,3.17,5982.72,21.6,2.31,0.2999999999999998,0.20999999999999952,-0.010000000000000231,-0.43000000000000016,0.5099999999999998,0.04999999999999982,0.3900000000000001,-0.8200000000000003,0.031466666666666754,-2.039999999999999,4.650000000000002,-0.00928825381159537,0.058817283085385474,3.9,0.3999999999999999,6144.15,-0.026273772612973256,2.0799999999999996,0.04999999999999938,0.20999999999999952,0.5598599865371494,Neutral,Watch,Risk-On Confirmation,Neutral,0,40,No Shock,48.5,20,10,0,0,46.51428571428572,12.380952380952381,10.0,0.0,5.714285714285714,0.0,56.5,4.819047619047623,-14.333333333333334,62,54,15,77.7,62.4,15.0,Elevated,Low,Low,Easy / Supportive,SUPPORTIVE,Low,Low Divergence,Healthy,High,Moderate Complacency,No Setup,NEUTRAL,NO TRADE,-4.757142857142855,Stable / Neutral,NEUTRAL,"{'final_decision': 'Neutral', 'environment': 'Mixed / neutral', 'action': 'Neutral positioning', 'buy_trigger': 'Wait for clearer mean-reversion or benign setup', 'risk_off_trigger': 'Shock flag or rising macro/credit stress'}",Neutral,Mixed / neutral,Neutral positioning,0.45,0.25,0.3,Neutral,"{'Macro stress': 20, 'High risk appetite': 16, 'HY spread compression': 14}","[('Benign Risk-On', np.float64(56.6)), ('Late-Cycle Melt-Up', np.float64(53.2)), ('Credit Tightening', np.float64(8.0)), ('COVID Crash', 0), ('Inflation / Duration Shock', 0)]",0.059616696084723975,0.10055125427899014,-0.31000000000000005,-0.3799999999999999,5967.84,5967.84,-0.002487163029525008,-0.002487163029525008,0.02742751323812579,"('High', ['Adequate decision sample size', 'No active shock flag', 'Signals partly aligned', 'Labor warning watch'])",High,"['Adequate decision sample size', 'No active shock flag', 'Signals partly aligned', 'Labor warning watch']"
2025-06-18,4.38,3.94,0.43999999999999995,Normal,4.3,-0.487,-0.44443333333333335,3.16,5980.87,20.14,2.31,0.2999999999999998,0.23999999999999977,-0.03000000000000025,-0.5,0.4900000000000002,0.040000000000000036,0.6100000000000003,-1.1100000000000003,0.03255555555555556,-4.620000000000001,2.879999999999999,-0.006869536916496166,0.0666962729917191,3.9,0.3999999999999999,6144.15,-0.026574872032746555,2.07,-4.440892098500626e-16,0.23999999999999977,0.5047105151646576,Neutral,Watch,Risk-On Confirmation,Neutral,0,40,No Shock,48.8,20,10,0,0,46.67619047619048,12.857142857142858,10.0,0.0,5.714285714285714,0.0,53.8,4.25714285714286,-11.142857142857142,62,54,15,76.2,61.7,15.0,Elevated,Low,Low,Easy / Supportive,SUPPORTIVE,Low,Low Divergence,Healthy,High,Moderate Complacency,No Setup,NEUTRAL,NO TRADE,-3.4428571428571413,Stable / Neutral,NEUTRAL,"{'final_decision': 'Neutral', 'environment': 'Mixed / neutral', 'action': 'Neutral positioning', 'buy_trigger': 'Wait for clearer mean-reversion or benign setup', 'risk_off_trigger': 'Shock flag or rising macro/credit stress'}",Neutral,Mixed / neutral,Neutral positioning,0.45,0.25,0.3,Neutral,"{'Macro stress': 20, 'High risk appetite': 16, 'HY spread compression': 14}","[('Benign Risk-On', np.float64(56.7)), ('Late-Cycle Melt-Up', np.float64(52.7)), ('Credit Tightening', np.float64(8.6)), ('COVID Crash', 0), ('Inflation / Duration Shock', 0)]",0.04299374505715736,0.10607319670883997,-0.03000000000000025,-0.41000000000000014,5967.84,5967.84,-0.002178612810510794,-0.002178612810510794,0.019947185275720813,"('High', ['Adequate decision sample size', 'No active shock flag', 'Signals partly aligned', 'Labor warning watch'])",High,"['Adequate decision sample size', 'No active shock flag', 'Signals partly aligned', 'Labor warning watch']"
2025-06-20,4.38,3.9,0.48,Normal,4.3,-0.493,-0.4440111111111111,3.13,5967.84,20.62,2.33,0.2999999999999998,0.25000000000000044,0.019999999999999574,-0.54,0.46999999999999975,-0.040000000000000036,0.5800000000000001,-1.12,0.03380000000000005,-2.9299999999999997,2.6000000000000014,-0.012806727915755545,0.059766163287920504,3.9,0.3999999999999999,6144.15,-0.028695588486609136,2.05,-0.020000000000000018,0.25000000000000044,0.39602448741354135,Neutral,Watch,Risk-On Confirmation,Neutral,0,40,No Shock,48.1,20,10,0,0,46.81904761904762,13.333333333333334,10.0,0.0,5.714285714285714,0.0,53.8,3.661904761904765,-6.380952380952381,55,46,15,74.0,60.9,15.0,Elevated,Low,Low,Easy / Supportive,SUPPORTIVE,Low,Low Divergence,Healthy,High,Moderate Complacency,No Setup,NEUTRAL,NO TRADE,-1.3595238095238082,Stable / Neutral,NEUTRAL,"{'final_decision': 'Neutral', 'environment': 'Mixed / neutral', 'action': 'Neutral positioning', 'buy_trigger': 'Wait for clearer mean-reversion or benign setup', 'risk_off_trigger': 'Shock flag or rising macro/credit stress'}",Neutral,Mixed / neutral,Neutral positioning,0.45,0.25,0.3,Neutral,"{'Macro stress': 20, 'High risk appetite': 16, 'HY spread compression': 14}","[('Benign Risk-On', np.float64(56.8)), ('Late-Cycle Melt-Up', np.float64(52.0)), ('Credit Tightening', np.float64(9.2)), ('COVID Crash', 0), ('Inflation / Duration Shock', 0)]",0.06067521917477681,0.10706051100565706,-0.10999999999999988,-0.33999999999999986,6025.17,6025.17,0.009606490790637912,0.009606490790637912,0.027903848628649565,"('High', ['Adequate decision sample size', 'No active shock flag', 'Signals partly aligned', 'Labor warning watch'])",High,"['Adequate decision sample size', 'No active shock flag', 'Signals partly aligned', 'Labor warning watch']"
2025-06-23,4.34,3.84,0.5,Normal,4.3,-0.493,-0.4438555555555555,3.12,6025.17,19.83,2.3,0.2999999999999998,0.25,0.04999999999999982,-0.3899999999999997,0.45999999999999996,-0.06000000000000005,0.31999999999999984,-0.7099999999999995,0.03477777777777791,-2.650000000000002,-0.990000000000002,0.008064286753990624,0.06377715865634181,3.9,0.3999999999999999,6144.15,-0.01936476160249989,2.04,-0.040000000000000036,0.25,0.3424211168059499,Neutral,Watch,Risk-On Confirmation,Neutral,0,40,No Shock,47.8,10,10,0,0,47.0047619047619,12.857142857142858,10.0,0.0,4.761904761904762,0.0,51.1,3.133333333333333,-2.571428571428571,68,61,15,73.1,60.9,15.0,Elevated,Low,Low,Easy / Supportive,SUPPORTIVE,Low,Low Divergence,Healthy,High,Moderate Complacency,No Setup,NEUTRAL,NO TRADE,0.28095238095238084,Stable / Neutral,NEUTRAL,"{'final_decision': 'Neutral', 'environment': 'Mixed / neutral', 'action': 'Neutral positioning', 'buy_trigger': 'Wait for clearer mean-reversion or benign setup', 'risk_off_trigger': 'Shock flag or rising macro/credit stress'}",Neutral,Mixed / neutral,Neutral positioning,0.45,0.25,0.3,Neutral,"{'Macro stress': 20, 'High risk appetite': 16, 'HY spread compression': 14, 'SP500 near highs': 12}","[('Benign Risk-On', np.float64(56.6)), ('Late-Cycle Melt-Up', np.float64(51.7)), ('Credit Tightening', np.float64(8.5)), ('COVID Crash', 0), ('Inflation / Duration Shock', 0)]",0.045479214694357006,0.09546286660791314,-0.14000000000000012,-0.33000000000000007,6092.16,6092.16,0.011118358486150504,0.011118358486150504,0.021065646612460652,"('High', ['Adequate decision sample size', 'No active shock flag', 'Signals partly aligned', 'Labor warning watch'])",High,"['Adequate decision sample size', 'No active shock flag', 'Signals partly aligned', 'Labor warning watch']"
2025-06-24,4.3,3.75,0.5499999999999998,Normal,4.3,-0.493,-0.4437,3.06,6092.18,17.48,2.29,0.2999999999999998,0.29000000000000004,0.06000000000000005,-0.46999999999999975,0.41000000000000014,-0.040000000000000036,0.2599999999999998,-0.7299999999999995,0.03575555555555554,-4.419999999999998,-1.629999999999999,0.009790970162984136,0.0763740059470912,3.9,0.3999999999999999,6144.15,-0.008458452348982237,2.01,-0.15000000000000036,0.29000000000000004,0.18011994796250144,Neutral,Watch,Risk-On Confirmation,Neutral,0,62,No Shock,46.9,10,10,0,0,47.1047619047619,12.380952380952381,10.0,0.0,3.8095238095238093,0.0,50.6,2.5333333333333314,-0.33333333333333215,68,68,15,72.2,61.6,15.0,Elevated,Low,Low,Easy / Supportive,SUPPORTIVE,Low,Low Divergence,Healthy,High,Moderate Complacency,No Setup,NEUTRAL,NO TRADE,1.0999999999999996,Stable / Neutral,NEUTRAL,"{'final_decision': 'Neutral', 'environment': 'Mixed / neutral', 'action': 'Neutral positioning', 'buy_trigger': 'Wait for clearer mean-reversion or benign setup', 'risk_off_trigger': 'Shock flag or rising macro/credit stress'}",Neutral,Mixed / neutral,Neutral positioning,0.45,0.25,0.3,Neutral,"{'Macro stress': 20, 'High risk appetite': 16, 'Low VIX': 15, 'HY spread compression': 14, 'SP500 near highs': 12}","[('Benign Risk-On', np.float64(56.2)), ('Late-Cycle Melt-Up', np.float64(51.7)), ('Credit Tightening', np.float64(7.5)), ('COVID Crash', 0), ('Inflation / Duration Shock', 0)]",0.04150895081891859,0.08860210958967074,-0.08000000000000007,-0.3500000000000001,6092.16,6092.16,-3.282897091061443e-06,-3.282897091061443e-06,0.019279027868513366,"('High', ['Adequate decision sample size', 'No active shock flag', 'Signals partly aligned', 'Labor warning watch'])",High,"['Adequate decision sample size', 'No active shock flag', 'Signals partly aligned', 'Labor warning watch']"
2025-06-25,4.29,3.74,0.5499999999999998,Normal,4.3,-0.493,-0.44354444444444446,3.04,6092.16,16.76,2.28,0.2999999999999998,0.33999999999999986,0.10000000000000009,-0.10999999999999988,0.3900000000000001,-0.1299999999999999,-0.3200000000000003,0.2100000000000004,0.03673333333333334,-1.629999999999999,-4.84,0.018292682926829285,0.042430174241426144,3.9,0.3999999999999999,6144.15,-0.008461707477844693,2.0100000000000002,-0.0699999999999994,0.33999999999999986,0.17989933279668185,Neutral,Watch,Risk-On Confirmation,Neutral,0,67,No Shock,46.9,25,10,0,0,47.17142857142857,12.619047619047619,10.0,0.0,2.857142857142857,0.0,50.6,1.857142857142854,2.6190476190476186,47,53,15,67.9,59.4,15.0,Elevated,Low,Low,Easy / Supportive,SUPPORTIVE,Low,Low Divergence,Healthy,Elevated,Moderate Complacency,No Setup,NEUTRAL,NO TRADE,2.2380952380952364,Stable / Neutral,NEUTRAL,"{'final_decision': 'Neutral', 'environment': 'Mixed / neutral', 'action': 'Neutral positioning', 'buy_trigger': 'Wait for clearer mean-reversion or benign setup', 'risk_off_trigger': 'Shock flag or rising macro/credit stress'}",Neutral,Mixed / neutral,Neutral positioning,0.45,0.25,0.3,Neutral,"{'Macro stress': 20, 'Low VIX': 15, 'SP500 near highs': 12}","[('Benign Risk-On', np.float64(56.7)), ('Late-Cycle Melt-Up', np.float64(50.0)), ('Credit Tightening', np.float64(8.0)), ('COVID Crash', 0), ('Inflation / Duration Shock', 0)]",0.04068179430612462,0.09392399411702912,-0.08999999999999986,-0.31999999999999984,6141.02,6141.02,0.008020143922681022,0.008020143922681022,0.01890680743775608,"('High', ['Adequate decision sample size', 'No active shock flag', 'Signals partly aligned', 'Labor warning watch'])",High,"['Adequate decision sample size', 'No active shock flag', 'Signals partly aligned', 'Labor warning watch']"
2025-06-26,4.26,3.7,0.5599999999999996,Normal,4.3,-0.493,-0.4433888888888889,3.04,6141.02,16.59,2.28,0.2999999999999998,0.34999999999999964,0.11999999999999966,-0.04999999999999982,0.41999999999999993,-0.1200000000000001,-0.45999999999999996,0.41000000000000014,0.03762222222222217,-1.629999999999999,-3.5500000000000007,0.026777040798412255,0.04322905606849514,3.9,0.3999999999999999,6144.15,-0.000509427666967599,1.98,-0.05999999999999961,0.34999999999999964,0.018464232207140004,Neutral,Watch,Risk-On Confirmation,Neutral,0,67,No Shock,46.8,35,10,0,0,47.22380952380953,13.80952380952381,10.0,0.0,2.857142857142857,0.0,50.6,1.190476190476197,3.333333333333334,47,53,15,63.6,57.2,15.0,Elevated,Low,Low,Easy / Supportive,SUPPORTIVE,Low,Low Divergence,Healthy,Elevated,Moderate Complacency,No Setup,NEUTRAL,NO TRADE,2.2619047619047654,Stable / Neutral,NEUTRAL,"{'final_decision': 'Neutral', 'environment': 'Mixed / neutral', 'action': 'Neutral positioning', 'buy_trigger': 'Wait for clearer mean-reversion or benign setup', 'risk_off_trigger': 'Shock flag or rising macro/credit stress'}",Neutral,Mixed / neutral,Neutral positioning,0.45,0.25,0.3,Neutral,"{'Macro stress': 20, 'Low VIX': 15, 'SP500 near highs': 12}","[('Benign Risk-On', np.float64(57.3)), ('Late-Cycle Melt-Up', np.float64(48.5)), ('Credit Tightening', np.float64(9.7)), ('COVID Crash', 0), ('Inflation / Duration Shock', 0)]",0.04045419164894426,0.09000622046500406,-0.10000000000000009,-0.3500000000000001,6173.07,6173.07,0.005219002706390752,0.005219002706390752,0.018804386242024917,"('High', ['Adequate decision sample size', 'No active shock flag', 'Signals partly aligned', 'Labor warning watch'])",High,"['Adequate decision sample size', 'No active shock flag', 'Signals partly aligned', 'Labor warning watch']"
2025-06-27,4.29,3.73,0.56,Normal,4.3,-0.5,-0.4434222222222222,3.02,6173.07,16.32,2.29,0.2999999999999998,0.30000000000000027,0.08000000000000007,-0.08000000000000007,0.3999999999999999,-0.10999999999999988,-0.3999999999999999,0.31999999999999984,0.039055555555555566,-2.3000000000000007,-4.300000000000001,0.03438932679160289,0.04760054169820349,3.9,0.3999999999999999,6173.07,0.0,2.0,-0.09999999999999964,0.30000000000000027,0.12733446310038002,Neutral,Watch,Risk-On Confirmation,Neutral,0,67,No Shock,46.9,25,10,0,0,47.27619047619047,14.523809523809524,10.0,0.0,2.857142857142857,0.0,50.3,1.1285714285714263,3.571428571428571,47,53,15,59.3,55.7,15.0,Elevated,Low,Low,Easy / Supportive,SUPPORTIVE,Low,Low Divergence,Healthy,Elevated,Moderate Complacency,No Setup,NEUTRAL,NO TRADE,2.3499999999999988,Stable / Neutral,NEUTRAL,"{'final_decision': 'Neutral', 'environment': 'Mixed / neutral', 'action': 'Neutral positioning', 'buy_trigger': 'Wait for clearer mean-reversion or benign setup', 'risk_off_trigger': 'Shock flag or rising macro/credit stress'}",Neutral,Mixed / neutral,Neutral positioning,0.45,0.25,0.3,Neutral,"{'Macro stress': 20, 'Low VIX': 15, 'SP500 near highs': 12}","[('Benign Risk-On', np.float64(57.6)), ('Late-Cycle Melt-Up', np.float64(47.5)), ('Credit Tightening', np.float64(10.7)), ('COVID Crash', 0), ('Inflation / Duration Shock', 0)]",0.03246034793060826,0.07838077326192638,-0.08000000000000007,-0.31000000000000005,6198.01,6198.01,0.0040401291415779195,0.0040401291415779195,0.015207156568773717,"('High', ['Adequate decision sample size', 'No active shock flag', 'Signals partly aligned', 'Labor warning watch'])",High,"['Adequate decision sample size', 'No active shock flag', 'Signals partly aligned', 'Labor warning watch']"
2025-06-30,4.24,3.72,0.52,Normal,4.3,-0.5,-0.44345555555555555,2.96,6204.95,16.73,2.29,0.2999999999999998,0.27,0.020000000000000018,-0.2400000000000002,0.2799999999999998,-0.16000000000000014,-0.21999999999999975,-0.020000000000000462,0.039755555555555544,-1.0999999999999979,-3.099999999999998,0.029838162242725064,0.04867727013839929,3.9,0.3999999999999999,6204.95,0.0,1.9500000000000002,-0.1299999999999999,0.27,-0.14193968123292391,Neutral,Watch,Risk-On Confirmation,Neutral,0,67,No Shock,47.8,0,10,0,0,47.36666666666667,14.047619047619047,10.0,0.0,2.857142857142857,0.0,53.0,1.0809523809523824,2.1428571428571423,47,61,15,57.8,56.4,15.0,Elevated,Low,Low,Easy / Supportive,SUPPORTIVE,Low,Low Divergence,Healthy,Elevated,Moderate Complacency,No Setup,NEUTRAL,NO TRADE,1.6119047619047624,Stable / Neutral,NEUTRAL,"{'final_decision': 'Neutral', 'environment': 'Mixed / neutral', 'action': 'Neutral positioning', 'buy_trigger': 'Wait for clearer mean-reversion or benign setup', 'risk_off_trigger': 'Shock flag or rising macro/credit stress'}",Neutral,Mixed / neutral,Neutral positioning,0.45,0.25,0.3,Neutral,"{'Macro stress': 20, 'HY spread tightness': 18, 'Low VIX': 15, 'SP500 near highs': 12}","[('Benign Risk-On', np.float64(57.4)), ('Late-Cycle Melt-Up', np.float64(47.9)), ('Credit Tightening', np.float64(10.1)), ('COVID Crash', 0), ('Inflation / Duration Shock', 0)]",0.03880933770618622,0.0697862190670353,-0.029999999999999805,-0.2599999999999998,6198.01,6198.01,-0.0011184618731818752,-0.0011184618731818752,0.0180642019677838,"('High', ['Adequate decision sample size', 'No active shock flag', 'Signals partly aligned', 'Labor warning watch'])",High,"['Adequate decision sample size', 'No active shock flag', 'Signals partly aligned', 'Labor warning watch']"
2025-07-01,4.26,3.78,0.48,Normal,4.3,-0.5,-0.44348888888888893,2.91,6198.01,16.83,2.29,0.2999999999999998,0.26000000000000023,-0.06999999999999984,-0.25,0.25,-0.1499999999999999,-0.8499999999999996,0.5999999999999996,0.04045555555555552,-0.41000000000000014,-0.6500000000000021,0.017371449957158225,0.04021730738892115,3.9,0.3999999999999999,6204.95,-0.0011184618731818752,1.9699999999999998,-0.08000000000000007,0.26000000000000023,-0.03179375010971458,Neutral,Watch,Risk-On Confirmation,Neutral,0,67,No Shock,48.6,25,10,0,0,47.49523809523809,14.761904761904763,10.0,0.0,2.857142857142857,0.0,55.7,1.095238095238095,2.8571428571428577,47,61,15,55.0,56.4,15.0,Elevated,Low,Low,Easy / Supportive,SUPPORTIVE,Low,Low Divergence,Healthy,Elevated,Moderate Complacency,No Setup,NEUTRAL,NO TRADE,1.9761904761904763,Stable / Neutral,NEUTRAL,"{'final_decision': 'Neutral', 'environment': 'Mixed / neutral', 'action': 'Neutral positioning', 'buy_trigger': 'Wait for clearer mean-reversion or benign setup', 'risk_off_trigger': 'Shock flag or rising macro/credit stress'}",Neutral,Mixed / neutral,Neutral positioning,0.45,0.25,0.3,Neutral,"{'Macro stress': 20, 'HY spread tightness': 18, 'Low VIX': 15, 'SP500 near highs': 12}","[('Benign Risk-On', np.float64(57.2)), ('Late-Cycle Melt-Up', np.float64(47.8)), ('Credit Tightening', np.float64(10.6)), ('COVID Crash', 0), ('Inflation / Duration Shock', 0)]",0.04333164999733774,0.0656194488230899,-0.010000000000000231,-0.15000000000000036,6225.52,6225.52,0.004438521396383788,0.004438521396383788,0.020099242498801982,"('High', ['Adequate decision sample size', 'No active shock flag', 'Signals partly aligned', 'Labor warning watch'])",High,"['Adequate decision sample size', 'No active shock flag', 'Signals partly aligned', 'Labor warning watch']"
2025-07-02,4.3,3.78,0.52,Normal,4.3,-0.5,-0.44352222222222226,2.88,6227.42,16.64,2.3,0.2999999999999998,0.2900000000000005,-0.029999999999999805,-0.33000000000000007,0.10000000000000009,-0.16000000000000014,-1.2400000000000002,0.9100000000000001,0.040999999999999925,-1.5,-0.120000000000001,0.02220230591448691,0.04423837950231402,3.9,0.3999999999999999,6227.42,0.0,2.0,0.0,0.2900000000000005,0.13127465056836687,Neutral,Watch,Risk-On Confirmation,Neutral,0,67,No Shock,47.9,25,10,0,0,47.58571428571428,15.476190476190476,10.0,0.0,2.857142857142857,0.0,58.4,1.0714285714285623,3.095238095238095,60,68,15,54.8,57.8,15.0,Elevated,Low,Low,Easy / Supportive,SUPPORTIVE,Low,Low Divergence,Healthy,Elevated,Moderate Complacency,No Setup,NEUTRAL,NO TRADE,2.0833333333333286,Stable / Neutral,NEUTRAL,"{'final_decision': 'Neutral', 'environment': 'Mixed / neutral', 'action': 'Neutral positioning', 'buy_trigger': 'Wait for clearer mean-reversion or benign setup', 'risk_off_trigger': 'Shock flag or rising macro/credit stress'}",Neutral,Mixed / neutral,Neutral positioning,0.45,0.25,0.3,Neutral,"{'Macro stress': 20, 'HY spread tightness': 18, 'Low VIX': 15, 'HY spread compression': 14, 'SP500 near highs': 12}","[('Benign Risk-On', np.float64(56.6)), ('Late-Cycle Melt-Up', np.float64(48.5)), ('Credit Tightening', np.float64(10.5)), ('COVID Crash', 0), ('Inflation / Duration Shock', 0)]",0.038719084307787144,0.06684630232102529,0.010000000000000231,-0.1299999999999999,6225.52,6225.52,-0.0003051022734936737,-0.0003051022734936737,0.018023587938504216,"('High', ['Adequate decision sample size', 'No active shock flag', 'Signals partly aligned', 'Labor warning watch'])",High,"['Adequate decision sample size', 'No active shock flag', 'Signals partly aligned', 'Labor warning watch']"
2025-07-03,4.35,3.88,0.46999999999999975,Normal,4.3,-0.5,-0.4435555555555556,2.8,6279.35,16.38,2.33,0.2999999999999998,0.1999999999999993,-0.08999999999999986,-0.40000000000000036,0.020000000000000018,-0.2400000000000002,-1.4100000000000001,1.0099999999999998,0.041544444444444384,-1.7100000000000009,-0.21000000000000085,0.022525573927458353,0.057047770711359025,4.0,0.2999999999999998,6279.35,0.0,2.0199999999999996,0.03999999999999915,0.1999999999999993,0.24097484258259305,Neutral,Watch,Risk-On Confirmation,Neutral,0,77,No Shock,33.9,25,10,0,0,46.98571428571429,16.19047619047619,10.0,0.0,2.857142857142857,0.0,62.1,0.3095238095238102,3.333333333333332,60,68,15,54.6,59.2,15.0,Elevated,Low,Low,Easy / Supportive,SUPPORTIVE,Low,Low Divergence,Healthy,Elevated,Moderate Complacency,No Setup,NEUTRAL,NO TRADE,1.8214285714285712,Stable / Neutral,NEUTRAL,"{'final_decision': 'Neutral', 'environment': 'Mixed / neutral', 'action': 'Neutral positioning', 'buy_trigger': 'Wait for clearer mean-reversion or benign setup', 'risk_off_trigger': 'Shock flag or rising macro/credit stress'}",Neutral,Mixed / neutral,Neutral positioning,0.45,0.25,0.3,Neutral,"{'Macro stress': 20, 'HY spread tightness': 18, 'Low VIX': 15, 'HY spread compression': 14, 'SP500 near highs': 12}","[('Benign Risk-On', np.float64(56.6)), ('Late-Cycle Melt-Up', np.float64(49.7)), ('Credit Tightening', np.float64(10.5)), ('COVID Crash', 0), ('Inflation / Duration Shock', 0)]",0.02714452929045197,0.06081202672251096,0.08000000000000007,-0.05999999999999961,6225.52,6225.52,-0.008572543336491822,-0.008572543336491822,0.012815038180703385,"('High', ['Adequate decision sample size', 'No active shock flag', 'Signals partly aligned', 'Labor warning watch'])",High,"['Adequate decision sample size', 'No active shock flag', 'Signals partly aligned', 'Labor warning watch']"
2025-07-07,4.4,3.9,0.5000000000000004,Normal,4.3,-0.507,-0.44406666666666667,2.86,6229.98,17.79,2.35,0.2999999999999998,0.2700000000000009,-0.05999999999999961,-0.3900000000000001,0.020000000000000018,-0.16000000000000014,-1.3200000000000003,0.9300000000000002,0.0416111111111111,-3.080000000000002,1.4699999999999989,0.009219075759711037,0.06593596493179188,4.0,0.2999999999999998,6279.35,-0.00786227873904155,2.0500000000000003,0.13000000000000034,0.2700000000000009,0.4065310331572427,Neutral,Watch,Risk-On Confirmation,Neutral,0,62,No Shock,33.3,25,10,0,0,46.352380952380955,16.904761904761905,10.0,0.0,2.857142857142857,0.0,64.3,-0.46666666666666856,3.571428571428571,68,76,15,55.9,62.2,15.0,Elevated,Low,Low,Easy / Supportive,SUPPORTIVE,Low,Low Divergence,Healthy,Elevated,Moderate Complacency,No Setup,NEUTRAL,NO TRADE,1.5523809523809513,Stable / Neutral,NEUTRAL,"{'final_decision': 'Neutral', 'environment': 'Mixed / neutral', 'action': 'Neutral positioning', 'buy_trigger': 'Wait for clearer mean-reversion or benign setup', 'risk_off_trigger': 'Shock flag or rising macro/credit stress'}",Neutral,Mixed / neutral,Neutral positioning,0.45,0.25,0.3,Neutral,"{'Macro stress': 20, 'HY spread tightness': 18, 'Low VIX': 15, 'HY spread compression': 14, 'SP500 near highs': 12}","[('Benign Risk-On', np.float64(55.9)), ('Late-Cycle Melt-Up', np.float64(51.8)), ('Credit Tightening', np.float64(9.8)), ('COVID Crash', 0), ('Inflation / Duration Shock', 0)]",0.035179888217939714,0.07359253159721235,0.020000000000000018,-0.06000000000000005,6225.52,6225.52,-0.0007158931489344988,-0.0007158931489344988,0.01643094969807287,"('High', ['Adequate decision sample size', 'No active shock flag', 'Signals partly aligned', 'Labor warning watch'])",High,"['Adequate decision sample size', 'No active shock flag', 'Signals partly aligned', 'Labor warning watch']"
2025-07-08,4.42,3.9,0.52,Normal,4.3,-0.507,-0.4443222222222222,2.92,6225.52,16.81,2.35,0.2999999999999998,0.31999999999999984,0.0,-0.3999999999999999,0.10999999999999988,-0.040000000000000036,-1.0500000000000003,0.6500000000000004,0.04193333333333338,-3.4700000000000024,0.0799999999999983,0.003315095206246621,0.06564692631474434,4.0,0.2999999999999998,6279.35,-0.008572543336491822,2.07,0.17999999999999972,0.31999999999999984,0.5168011035751199,Neutral,Watch,Risk-On Confirmation,Neutral,0,62,No Shock,33.0,25,10,0,0,45.68095238095238,17.61904761904762,10.0,0.0,2.857142857142857,0.0,66.5,-1.3238095238095227,4.761904761904763,68,76,15,55.9,63.7,15.0,Elevated,Low,Low,Easy / Supportive,SUPPORTIVE,Low,Low Divergence,Healthy,Elevated,Moderate Complacency,No Setup,NEUTRAL,NO TRADE,1.71904761904762,Stable / Neutral,NEUTRAL,"{'final_decision': 'Neutral', 'environment': 'Mixed / neutral', 'action': 'Neutral positioning', 'buy_trigger': 'Wait for clearer mean-reversion or benign setup', 'risk_off_trigger': 'Shock flag or rising macro/credit stress'}",Neutral,Mixed / neutral,Neutral positioning,0.45,0.25,0.3,Neutral,"{'Macro stress': 20, 'HY spread tightness': 18, 'Low VIX': 15, 'HY spread compression': 14, 'SP500 near highs': 12}","[('Benign Risk-On', np.float64(55.8)), ('Late-Cycle Melt-Up', np.float64(53.0)), ('Credit Tightening', np.float64(9.6)), ('COVID Crash', 0), ('Inflation / Duration Shock', 0)]",0.02985292794818739,0.0780143666713784,-0.020000000000000018,-0.10999999999999988,6238.01,6238.01,0.00200625811177213,0.00200625811177213,0.014033817576684326,"('High', ['Adequate decision sample size', 'No active shock flag', 'Signals partly aligned', 'Labor warning watch'])",High,"['Adequate decision sample size', 'No active shock flag', 'Signals partly aligned', 'Labor warning watch']"
2025-07-09,4.34,3.86,0.48,Normal,4.3,-0.507,-0.4445777777777778,2.94,6263.26,15.94,2.33,0.2999999999999998,0.26000000000000023,0.0,-0.45999999999999996,0.1299999999999999,0.029999999999999805,-1.02,0.56,0.04225555555555549,-6.35,-0.8899999999999988,0.010527572559579701,0.07934762753282043,4.0,0.2999999999999998,6279.35,-0.0025623671239858314,2.01,0.08999999999999986,0.26000000000000023,0.1928055321201772,Neutral,Watch,Risk-On Confirmation,Neutral,0,77,No Shock,33.8,25,10,0,0,45.03333333333333,18.333333333333332,10.0,0.0,1.9047619047619047,0.0,68.0,-2.0714285714285694,5.952380952380951,83,83,15,57.4,65.2,15.0,Elevated,Low,Low,Easy / Supportive,SUPPORTIVE,Low,Low Divergence,Healthy,Elevated,Moderate Complacency,No Setup,NEUTRAL,NO TRADE,1.9404761904761907,Stable / Neutral,NEUTRAL,"{'final_decision': 'Neutral', 'environment': 'Mixed / neutral', 'action': 'Neutral positioning', 'buy_trigger': 'Wait for clearer mean-reversion or benign setup', 'risk_off_trigger': 'Shock flag or rising macro/credit stress'}",Neutral,Mixed / neutral,Neutral positioning,0.45,0.25,0.3,Neutral,"{'Macro stress': 20, 'HY spread tightness': 18, 'Low VIX': 15, 'HY spread compression': 14, 'VIX compression': 12, 'SP500 near highs': 12}","[('Benign Risk-On', np.float64(55.3)), ('Late-Cycle Melt-Up', np.float64(53.8)), ('Credit Tightening', np.float64(9.0)), ('COVID Crash', 0), ('Inflation / Duration Shock', 0)]",0.021158310528382795,0.07218126023827853,0.0,-0.1299999999999999,6238.01,6238.01,-0.004031446882294509,-0.004031446882294509,0.010121239737772259,"('High', ['Adequate decision sample size', 'No active shock flag', 'Signals partly aligned', 'Labor warning watch'])",High,"['Adequate decision sample size', 'No active shock flag', 'Signals partly aligned', 'Labor warning watch']"
2025-07-10,4.35,3.86,0.48999999999999977,Normal,4.3,-0.507,-0.44483333333333336,2.92,6280.46,15.78,2.34,0.2999999999999998,0.23999999999999977,-0.03000000000000025,-0.3200000000000003,0.04999999999999982,0.040000000000000036,-1.0199999999999996,0.6999999999999993,0.042377777777777736,-3.1800000000000015,-0.8600000000000012,0.008517170834791976,0.06061261090864867,4.0,0.2999999999999998,6280.46,0.0,2.01,0.14999999999999947,0.23999999999999977,0.19258296390889984,Neutral,Watch,Risk-On Confirmation,Neutral,0,62,No Shock,33.6,25,10,0,0,44.38095238095238,19.047619047619047,10.0,0.0,0.9523809523809523,0.0,67.5,-2.790476190476191,6.428571428571429,68,76,15,59.5,67.5,15.0,Elevated,Low,Low,Easy / Supportive,SUPPORTIVE,Low,Low Divergence,Healthy,Elevated,Moderate Complacency,No Setup,NEUTRAL,NO TRADE,1.8190476190476188,Stable / Neutral,NEUTRAL,"{'final_decision': 'Neutral', 'environment': 'Mixed / neutral', 'action': 'Neutral positioning', 'buy_trigger': 'Wait for clearer mean-reversion or benign setup', 'risk_off_trigger': 'Shock flag or rising macro/credit stress'}",Neutral,Mixed / neutral,Neutral positioning,0.45,0.25,0.3,Neutral,"{'Macro stress': 20, 'HY spread tightness': 18, 'Low VIX': 15, 'HY spread compression': 14, 'SP500 near highs': 12}","[('Late-Cycle Melt-Up', np.float64(54.8)), ('Benign Risk-On', np.float64(54.4)), ('Credit Tightening', np.float64(7.9)), ('COVID Crash', 0), ('Inflation / Duration Shock', 0)]",0.014283985567936197,0.06931498648188184,0.03000000000000025,-0.1200000000000001,6238.01,6238.01,-0.006759059049814775,-0.006759059049814775,0.007027793505571289,"('High', ['Adequate decision sample size', 'No active shock flag', 'Signals partly aligned', 'Labor warning watch'])",High,"['Adequate decision sample size', 'No active shock flag', 'Signals partly aligned', 'Labor warning watch']"
2025-07-11,4.43,3.9,0.5299999999999998,Normal,4.3,-0.513,-0.4453444444444445,2.97,6259.75,16.4,2.37,0.2999999999999998,0.3299999999999996,0.06000000000000005,-0.2599999999999998,0.03000000000000025,0.17000000000000037,-0.9099999999999997,0.6499999999999999,0.04224444444444442,-2.91,0.019999999999999574,-0.0031213421771362215,0.0630375898990414,4.0,0.2999999999999998,6280.46,-0.0032975291618766445,2.0599999999999996,0.25999999999999934,0.3299999999999996,0.4630699177680319,Neutral,Watch,Risk-On Confirmation,Neutral,0,62,No Shock,32.8,25,10,15,0,43.666666666666664,19.761904761904763,10.0,0.0,0.7142857142857143,0.0,67.0,-3.557142857142864,5.9523809523809526,55,61,15,60.3,68.3,15.0,Elevated,Low,Low,Easy / Supportive,SUPPORTIVE,Low,Low Divergence,Healthy,Elevated,Moderate Complacency,No Setup,NEUTRAL,NO TRADE,1.1976190476190443,Stable / Neutral,NEUTRAL,"{'final_decision': 'Neutral', 'environment': 'Mixed / neutral', 'action': 'Neutral positioning', 'buy_trigger': 'Wait for clearer mean-reversion or benign setup', 'risk_off_trigger': 'Shock flag or rising macro/credit stress'}",Neutral,Mixed / neutral,Neutral positioning,0.45,0.25,0.3,Neutral,"{'Macro stress': 20, 'HY spread tightness': 18, 'Low VIX': 15, 'SP500 near highs': 12}","[('Late-Cycle Melt-Up', np.float64(55.4)), ('Benign Risk-On', np.float64(54.4)), ('Credit Tightening', np.float64(7.9)), ('COVID Crash', 0), ('Inflation / Duration Shock', 0)]",0.03309397340149367,0.07676504652741722,-0.0900000000000003,-0.2100000000000004,6238.01,6238.01,-0.0034729821478493017,-0.0034729821478493017,0.015492288030672152,"('High', ['Adequate decision sample size', 'No active shock flag', 'Signals partly aligned', 'Labor warning watch'])",High,"['Adequate decision sample size', 'No active shock flag', 'Signals partly aligned', 'Labor warning watch']"
2025-07-14,4.43,3.9,0.5299999999999998,Normal,4.3,-0.513,-0.4458555555555555,2.95,6268.56,17.2,2.39,0.2999999999999998,0.27,0.02999999999999936,-0.27,-0.040000000000000036,0.0900000000000003,-0.8699999999999997,0.5999999999999996,0.042111111111111155,-1.9800000000000004,-0.5899999999999999,0.006192636252444039,0.06028074294210084,4.0,0.2999999999999998,6280.46,-0.0018947656700304405,2.0399999999999996,0.16999999999999993,0.27,0.3544166409732976,Neutral,Watch,Risk-On Confirmation,Neutral,0,62,No Shock,32.8,25,10,0,0,42.957142857142856,20.476190476190474,10.0,0.0,0.7142857142857143,0.0,66.5,-4.319047619047616,5.952380952380951,55,61,15,61.1,69.1,15.0,Elevated,Moderate,Low,Easy / Supportive,SUPPORTIVE,Low,Low Divergence,Healthy,Elevated,Moderate Complacency,No Setup,NEUTRAL,NO TRADE,0.8166666666666673,Stable / Neutral,NEUTRAL,"{'final_decision': 'Neutral', 'environment': 'Mixed / neutral', 'action': 'Neutral positioning', 'buy_trigger': 'Wait for clearer mean-reversion or benign setup', 'risk_off_trigger': 'Shock flag or rising macro/credit stress'}",Neutral,Mixed / neutral,Neutral positioning,0.45,0.25,0.3,Neutral,"{'Macro stress': 20, 'HY spread tightness': 18, 'Low VIX': 15, 'SP500 near highs': 12}","[('Late-Cycle Melt-Up', np.float64(56.1)), ('Benign Risk-On', np.float64(54.3)), ('Credit Tightening', np.float64(7.9)), ('COVID Crash', 0), ('Inflation / Duration Shock', 0)]",0.027240705999463932,0.07115350255880126,-0.15000000000000036,-0.13000000000000034,6238.01,6238.01,-0.004873527572520686,-0.004873527572520686,0.01285831769975877,"('High', ['Adequate decision sample size', 'No active shock flag', 'Signals partly aligned', 'Labor warning watch'])",High,"['Adequate decision sample size', 'No active shock flag', 'Signals partly aligned', 'Labor warning watch']"
2025-07-15,4.5,3.95,0.5499999999999998,Normal,4.3,-0.513,-0.4463666666666667,2.95,6243.76,17.38,2.41,0.2999999999999998,0.2599999999999998,0.029999999999999805,-0.3599999999999999,0.07000000000000028,0.03000000000000025,-0.8500000000000001,0.4900000000000002,0.04197777777777767,-1.1900000000000013,0.5700000000000003,0.002929875737287757,0.05617175460824253,4.0,0.2999999999999998,6280.46,-0.005843521015976516,2.09,0.14999999999999947,0.2599999999999998,0.6238847105619834,Neutral,Watch,Risk-On Confirmation,Neutral,0,62,No Shock,32.4,25,10,0,0,42.214285714285715,21.19047619047619,10.0,0.0,0.7142857142857143,0.0,66.0,-5.152380952380952,7.142857142857142,68,84,15,63.2,71.4,15.0,Elevated,Moderate,Low,Easy / Supportive,SUPPORTIVE,Low,Low Divergence,Healthy,Elevated,Elevated Complacency,No Setup,NEUTRAL,NO TRADE,0.9952380952380953,Stable / Neutral,NEUTRAL,"{'final_decision': 'Hold / Do Not Chase', 'environment': 'Stable but crowded', 'action': 'Hold existing risk, avoid aggressive new risk', 'buy_trigger': 'Wait for better entry after volatility or credit repricing', 'risk_off_trigger': '5D VIX spike or HY widening'}",Hold / Do Not Chase,Stable but crowded,"Hold existing risk, avoid aggressive new risk",0.4,0.25,0.35,Neutral,"{'Elevated complacency': 20, 'Macro stress': 20, 'HY spread tightness': 18, 'Low VIX': 15, 'HY spread compression': 14, 'SP500 near highs': 12}","[('Late-Cycle Melt-Up', np.float64(57.5)), ('Benign Risk-On', np.float64(53.4)), ('Credit Tightening', np.float64(7.2)), ('COVID Crash', 0), ('Inflation / Duration Shock', 0)]",0.03558432739246853,0.08167514446423318,-0.17000000000000037,-0.11000000000000032,6238.01,6238.01,-0.0009209194459748327,-0.0009209194459748327,0.014933730956987412,"('High', ['Adequate decision sample size', 'No active shock flag', 'Signals mostly aligned', 'Labor warning watch'])",High,"['Adequate decision sample size', 'No active shock flag', 'Signals mostly aligned', 'Labor warning watch']"
2025-07-16,4.46,3.88,0.5800000000000001,Normal,4.3,-0.513,-0.4468777777777778,3.0,6263.7,17.16,2.41,0.2999999999999998,0.25,0.10000000000000009,-0.27,0.009999999999999787,0.06000000000000005,-0.7499999999999996,0.47999999999999954,0.041844444444444406,-1.1999999999999993,1.2200000000000006,7.025095557255945e-05,0.055216191538324244,4.0,0.2999999999999998,6280.46,-0.002668594338631314,2.05,0.09999999999999964,0.25,0.4044597786620547,Neutral,Watch,Risk-On Confirmation,Neutral,0,62,No Shock,31.7,20,10,0,0,41.423809523809524,21.19047619047619,10.0,0.0,0.7142857142857143,0.0,65.5,-6.071428571428569,6.428571428571427,55,61,15,64.0,71.4,15.0,Elevated,Moderate,Low,Easy / Supportive,SUPPORTIVE,Low,Low Divergence,Healthy,Elevated,Elevated Complacency,No Setup,NEUTRAL,NO TRADE,0.17857142857142883,Stable / Neutral,NEUTRAL,"{'final_decision': 'Hold / Do Not Chase', 'environment': 'Stable but crowded', 'action': 'Hold existing risk, avoid aggressive new risk', 'buy_trigger': 'Wait for better entry after volatility or credit repricing', 'risk_off_trigger': '5D VIX spike or HY widening'}",Hold / Do Not Chase,Stable but crowded,"Hold existing risk, avoid aggressive new risk",0.4,0.25,0.35,Neutral,"{'Elevated complacency': 20, 'Macro stress': 20, 'Low VIX': 15, 'SP500 near highs': 12}","[('Late-Cycle Melt-Up', np.float64(58.0)), ('Benign Risk-On', np.float64(53.9)), ('Credit Tightening', np.float64(7.1)), ('COVID Crash', 0), ('Inflation / Duration Shock', 0)]",0.03475581525296545,0.07526062870188555,-0.2200000000000002,-0.04999999999999982,6238.01,6238.01,-0.004101409709915793,-0.004101409709915793,0.01460232610118618,"('High', ['Adequate decision sample size', 'No active shock flag', 'Signals mostly aligned', 'Labor warning watch'])",High,"['Adequate decision sample size', 'No active shock flag', 'Signals mostly aligned', 'Labor warning watch']"
2025-07-17,4.47,3.91,0.5599999999999996,Normal,4.3,-0.513,-0.4473888888888889,2.91,6297.36,16.52,2.43,0.2999999999999998,0.22999999999999954,0.06999999999999984,-0.2799999999999998,-0.06000000000000005,-0.009999999999999787,-0.9700000000000002,0.6900000000000004,0.04145555555555552,-1.1700000000000017,0.7400000000000002,0.00269088569945497,0.054768799923622824,4.0,0.2999999999999998,6297.36,0.0,2.0399999999999996,0.04999999999999938,0.22999999999999954,0.3479750543930505,Neutral,Watch,Risk-On Confirmation,Neutral,0,62,No Shock,32.1,25,10,0,0,40.68571428571428,21.904761904761905,10.0,0.0,0.7142857142857143,0.0,65.0,-6.899999999999999,6.428571428571429,55,69,15,63.5,71.5,15.0,Elevated,Moderate,Low,Easy / Supportive,SUPPORTIVE,Low,Low Divergence,Healthy,Elevated,Elevated Complacency,No Setup,NEUTRAL,NO TRADE,-0.23571428571428488,Stable / Neutral,NEUTRAL,"{'final_decision': 'Hold / Do Not Chase', 'environment': 'Stable but crowded', 'action': 'Hold existing risk, avoid aggressive new risk', 'buy_trigger': 'Wait for better entry after volatility or credit repricing', 'risk_off_trigger': '5D VIX spike or HY widening'}",Hold / Do Not Chase,Stable but crowded,"Hold existing risk, avoid aggressive new risk",0.4,0.25,0.35,Neutral,"{'Elevated complacency': 20, 'Macro stress': 20, 'HY spread tightness': 18, 'Low VIX': 15, 'SP500 near highs': 12}","[('Late-Cycle Melt-Up', np.float64(58.3)), ('Benign Risk-On', np.float64(54.2)), ('Credit Tightening', np.float64(7.5)), ('COVID Crash', 0), ('Inflation / Duration Shock', 0)]",0.03247392558151363,0.04051697854338965,-0.16000000000000014,0.27,6238.01,6238.01,-0.009424584270233738,-0.009424584270233738,0.013689570232605452,"('High', ['Adequate decision sample size', 'No active shock flag', 'Signals mostly aligned', 'Labor warning watch'])",High,"['Adequate decision sample size', 'No active shock flag', 'Signals mostly aligned', 'Labor warning watch']"
2025-07-18,4.44,3.88,0.5600000000000005,Normal,4.3,-0.518,-0.4481555555555556,2.93,6296.79,16.41,2.41,0.2999999999999998,0.23000000000000087,0.030000000000000693,-0.2999999999999998,-0.22999999999999998,-0.040000000000000036,-0.7600000000000002,0.4600000000000004,0.04081111111111113,-1.1999999999999993,0.010000000000001563,0.005917169216022922,0.054595607631125365,4.0,0.2999999999999998,6297.36,-9.051412020266714e-05,2.0300000000000002,0.12000000000000055,0.23000000000000087,0.2921587482271408,Neutral,Watch,Risk-On Confirmation,Neutral,0,62,No Shock,32.1,25,10,0,0,39.9047619047619,22.142857142857142,10.0,0.0,0.7142857142857143,0.0,63.5,-7.0809523809523895,5.9523809523809526,55,69,0,63.0,71.6,13.5,Moderate,Moderate,Low,Easy / Supportive,SUPPORTIVE,Low,Low Divergence,Healthy,Elevated,Elevated Complacency,No Setup,NEUTRAL,NO TRADE,-0.5642857142857185,Stable / Neutral,NEUTRAL,"{'final_decision': 'Hold / Do Not Chase', 'environment': 'Stable but crowded', 'action': 'Hold existing risk, avoid aggressive new risk', 'buy_trigger': 'Wait for better entry after volatility or credit repricing', 'risk_off_trigger': '5D VIX spike or HY widening'}",Hold / Do Not Chase,Stable but crowded,"Hold existing risk, avoid aggressive new risk",0.4,0.25,0.35,Neutral,"{'Elevated complacency': 20, 'HY spread tightness': 18, 'Low VIX': 15, 'SP500 near highs': 12}","[('Late-Cycle Melt-Up', np.float64(59.3)), ('Benign Risk-On', np.float64(55.1)), ('Credit Tightening', np.float64(6.9)), ('COVID Crash', 0), ('Inflation / Duration Shock', 0)]",0.025960846717136832,0.055190025393891284,-0.11000000000000032,0.17999999999999972,6238.01,6238.01,-0.009334915091657736,-0.009334915091657736,0.011084338686854732,"('High', ['Adequate decision sample size', 'No active shock flag', 'Signals mostly aligned', 'Labor warning watch'])",High,"['Adequate decision sample size', 'No active shock flag', 'Signals mostly aligned', 'Labor warning watch']"
2025-07-21,4.38,3.85,0.5299999999999998,Normal,4.3,-0.518,-0.4489222222222222,2.89,6305.6,16.65,2.4,0.2999999999999998,0.1899999999999995,0.0,-0.29000000000000004,-0.33000000000000007,-0.06000000000000005,-0.5699999999999998,0.2799999999999998,0.040166666666666684,-1.8300000000000018,-0.5500000000000007,0.005908853069923614,0.06167393463876225,4.0,0.2999999999999998,6305.6,0.0,1.98,0.009999999999999787,0.1899999999999995,0.019381756832457332,Neutral,Watch,Risk-On Confirmation,Neutral,0,62,No Shock,32.6,15,10,0,0,39.13333333333333,21.904761904761905,10.0,0.0,0.7142857142857143,0.0,63.5,-7.219047619047622,5.0,55,69,0,61.7,70.9,12.0,Moderate,Moderate,Low,Easy / Supportive,SUPPORTIVE,Low,Low Divergence,Healthy,Elevated,Elevated Complacency,No Setup,NEUTRAL,NO TRADE,-1.109523809523811,Stable / Neutral,NEUTRAL,"{'final_decision': 'Hold / Do Not Chase', 'environment': 'Stable but crowded', 'action': 'Hold existing risk, avoid aggressive new risk', 'buy_trigger': 'Wait for better entry after volatility or credit repricing', 'risk_off_trigger': '5D VIX spike or HY widening'}",Hold / Do Not Chase,Stable but crowded,"Hold existing risk, avoid aggressive new risk",0.4,0.25,0.35,Neutral,"{'Elevated complacency': 20, 'HY spread tightness': 18, 'Low VIX': 15, 'SP500 near highs': 12}","[('Late-Cycle Melt-Up', np.float64(59.9)), ('Benign Risk-On', np.float64(56.5)), ('Credit Tightening', np.float64(6.3)), ('COVID Crash', 0), ('Inflation / Duration Shock', 0)]",0.017435295610251034,0.057958005582339434,0.029999999999999805,0.06000000000000005,6238.01,6238.01,-0.010719043390002514,-0.010719043390002514,0.007674118244100414,"('High', ['Adequate decision sample size', 'No active shock flag', 'Signals mostly aligned', 'Labor warning watch'])",High,"['Adequate decision sample size', 'No active shock flag', 'Signals mostly aligned', 'Labor warning watch']"
2025-07-22,4.35,3.83,0.5199999999999996,Normal,4.3,-0.518,-0.4496888888888889,2.9,6309.62,16.5,2.39,0.2999999999999998,0.20999999999999908,-0.03000000000000025,-0.18999999999999995,-0.30000000000000027,-0.050000000000000266,-0.6400000000000001,0.4500000000000002,0.039522222222222236,-0.2699999999999996,-0.879999999999999,0.010548131254244142,0.05154024091887832,4.0,0.2999999999999998,6309.62,0.0,1.9599999999999995,-0.030000000000000693,0.20999999999999908,-0.09047785306523892,Neutral,Watch,Risk-On Confirmation,Neutral,0,62,No Shock,32.8,25,10,0,0,38.404761904761905,22.142857142857142,10.0,0.0,0.7142857142857143,0.0,63.5,-7.276190476190472,4.523809523809522,55,69,0,60.4,70.2,10.5,Moderate,Moderate,Low,Easy / Supportive,SUPPORTIVE,Low,Low Divergence,Healthy,Elevated,Elevated Complacency,No Setup,NEUTRAL,NO TRADE,-1.3761904761904749,Stable / Neutral,NEUTRAL,"{'final_decision': 'Hold / Do Not Chase', 'environment': 'Stable but crowded', 'action': 'Hold existing risk, avoid aggressive new risk', 'buy_trigger': 'Wait for better entry after volatility or credit repricing', 'risk_off_trigger': '5D VIX spike or HY widening'}",Hold / Do Not Chase,Stable but crowded,"Hold existing risk, avoid aggressive new risk",0.4,0.25,0.35,Neutral,"{'Elevated complacency': 20, 'HY spread tightness': 18, 'Low VIX': 15, 'SP500 near highs': 12}","[('Late-Cycle Melt-Up', np.float64(60.4)), ('Benign Risk-On', np.float64(57.7)), ('Credit Tightening', np.float64(6.1)), ('COVID Crash', 0), ('Inflation / Duration Shock', 0)]",0.021972797093961383,0.05062903946671904,-0.020000000000000018,0.14000000000000012,6238.01,6238.01,-0.011349336410116595,-0.011349336410116595,0.009489118837584553,"('High', ['Adequate decision sample size', 'No active shock flag', 'Signals mostly aligned', 'Labor warning watch'])",High,"['Adequate decision sample size', 'No active shock flag', 'Signals mostly aligned', 'Labor warning watch']"
2025-07-23,4.4,3.88,0.5200000000000005,Normal,4.3,-0.518,-0.4504555555555556,2.83,6358.91,15.37,2.37,0.2999999999999998,0.19000000000000083,-0.05999999999999961,-0.29000000000000004,-0.5699999999999998,-0.16999999999999993,-0.5499999999999998,0.2599999999999998,0.03887777777777773,-1.790000000000001,-1.790000000000001,0.015200280984082992,0.05878072821967795,4.0,0.2999999999999998,6358.91,0.0,2.0300000000000002,0.05000000000000071,0.19000000000000083,0.2865930366529218,Neutral,Watch,Risk-On Confirmation,Neutral,0,77,No Shock,32.7,15,10,0,0,37.68571428571428,22.38095238095238,10.0,0.0,0.7142857142857143,0.0,63.5,-7.347619047619048,4.0476190476190474,55,69,0,57.6,68.8,9.0,Moderate,Moderate,Low,Easy / Supportive,SUPPORTIVE,Low,Low Divergence,Healthy,Elevated,Moderate Complacency,No Setup,NEUTRAL,NO TRADE,-1.6500000000000004,Stable / Neutral,NEUTRAL,"{'final_decision': 'Neutral', 'environment': 'Mixed / neutral', 'action': 'Neutral positioning', 'buy_trigger': 'Wait for clearer mean-reversion or benign setup', 'risk_off_trigger': 'Shock flag or rising macro/credit stress'}",Neutral,Mixed / neutral,Neutral positioning,0.45,0.25,0.3,Neutral,"{'HY spread tightness': 18, 'Low VIX': 15, 'SP500 near highs': 12}","[('Late-Cycle Melt-Up', np.float64(60.4)), ('Benign Risk-On', np.float64(59.3)), ('Credit Tightening', np.float64(6.1)), ('COVID Crash', 0), ('Inflation / Duration Shock', 0)]",0.02251486496899635,0.04797992108710458,0.009999999999999787,0.20999999999999996,6238.01,6238.01,-0.019012692426846667,-0.019012692426846667,0.010731689236048359,"('High', ['Adequate decision sample size', 'No active shock flag', 'Signals partly aligned', 'Labor warning watch'])",High,"['Adequate decision sample size', 'No active shock flag', 'Signals partly aligned', 'Labor warning watch']"
2025-07-24,4.43,3.91,0.5199999999999996,Normal,4.3,-0.518,-0.4512222222222222,2.82,6363.35,15.39,2.45,0.2999999999999998,0.22999999999999954,-0.040000000000000036,-0.30000000000000027,-0.43000000000000016,-0.0900000000000003,-0.6099999999999999,0.3099999999999996,0.03795555555555552,-1.5599999999999987,-1.129999999999999,0.010478994372244976,0.05374237639534951,4.0,0.2999999999999998,6363.35,0.0,1.9799999999999995,-0.03000000000000025,0.22999999999999954,0.01400826339588751,Neutral,Watch,Risk-On Confirmation,Neutral,0,62,No Shock,32.6,15,10,0,0,37.00476190476191,22.61904761904762,10.0,0.0,0.7142857142857143,0.0,63.5,-7.376190476190473,3.571428571428573,68,84,0,57.6,69.6,7.5,Moderate,Moderate,Low,Easy / Supportive,SUPPORTIVE,Low,Low Divergence,Healthy,Elevated,Moderate Complacency,No Setup,NEUTRAL,NO TRADE,-1.90238095238095,Stable / Neutral,NEUTRAL,"{'final_decision': 'Neutral', 'environment': 'Mixed / neutral', 'action': 'Neutral positioning', 'buy_trigger': 'Wait for clearer mean-reversion or benign setup', 'risk_off_trigger': 'Shock flag or rising macro/credit stress'}",Neutral,Mixed / neutral,Neutral positioning,0.45,0.25,0.3,Neutral,"{'HY spread tightness': 18, 'Low VIX': 15, 'HY spread compression': 14, 'SP500 near highs': 12}","[('Late-Cycle Melt-Up', np.float64(61.4)), ('Benign Risk-On', np.float64(59.6)), ('Credit Tightening', np.float64(5.1)), ('COVID Crash', 0), ('Inflation / Duration Shock', 0)]",0.018567264098312997,0.0584252005625967,0.010000000000000231,0.17000000000000037,6238.01,6238.01,-0.019697172087029702,-0.019697172087029702,0.008955268844240848,"('High', ['Adequate decision sample size', 'No active shock flag', 'Signals partly aligned', 'Labor warning watch'])",High,"['Adequate decision sample size', 'No active shock flag', 'Signals partly aligned', 'Labor warning watch']"
2025-07-25,4.4,3.91,0.4900000000000002,Normal,4.3,-0.522,-0.4522333333333333,2.84,6388.64,14.93,2.44,0.2999999999999998,0.2400000000000002,-0.07000000000000028,-0.28000000000000025,-0.3400000000000003,-0.0900000000000003,-0.6200000000000001,0.33999999999999986,0.036788888888888926,-2.330000000000002,-1.4800000000000004,0.014586797399945173,0.060841148808416845,4.0,0.2999999999999998,6388.64,0.0,1.9600000000000004,-0.059999999999999165,0.2400000000000002,-0.09460965585839308,Neutral,Watch,Risk-On Confirmation,Neutral,0,70,No Shock,33.1,15,10,0,0,36.34761904761905,22.142857142857142,10.0,0.0,0.7142857142857143,0.0,64.3,-7.319047619047616,2.3809523809523796,55,69,0,57.6,70.4,6.0,Moderate,Moderate,Low,Easy / Supportive,SUPPORTIVE,Low,Low Divergence,Healthy,Elevated,Elevated Complacency,No Setup,NEUTRAL,NO TRADE,-2.4690476190476183,Stable / Neutral,NEUTRAL,"{'final_decision': 'Hold / Do Not Chase', 'environment': 'Stable but crowded', 'action': 'Hold existing risk, avoid aggressive new risk', 'buy_trigger': 'Wait for better entry after volatility or credit repricing', 'risk_off_trigger': '5D VIX spike or HY widening'}",Hold / Do Not Chase,Stable but crowded,"Hold existing risk, avoid aggressive new risk",0.4,0.25,0.35,Neutral,"{'Elevated complacency': 20, 'HY spread tightness': 18, 'Low VIX': 15, 'SP500 near highs': 12}","[('Late-Cycle Melt-Up', np.float64(62.6)), ('Benign Risk-On', np.float64(59.9)), ('Credit Tightening', np.float64(3.6)), ('COVID Crash', 0), ('Inflation / Duration Shock', 0)]",0.01667177990933899,0.05426976633524516,0.0,0.13000000000000034,6238.01,6238.01,-0.02357778807383104,-0.02357778807383104,0.0073687119637355965,"('High', ['Adequate decision sample size', 'No active shock flag', 'Signals mostly aligned', 'Labor warning watch'])",High,"['Adequate decision sample size', 'No active shock flag', 'Signals mostly aligned', 'Labor warning watch']"
2025-07-28,4.42,3.91,0.5099999999999998,Normal,4.3,-0.522,-0.45324444444444445,2.82,6389.77,15.03,2.44,0.2999999999999998,0.2599999999999998,-0.020000000000000018,-0.3500000000000001,-0.41000000000000014,-0.07000000000000028,-0.77,0.41999999999999993,0.035622222222222166,-2.99,-1.6199999999999992,0.013348452169500202,0.05698845045539813,4.0,0.2999999999999998,6389.77,0.0,1.98,-0.010000000000000231,0.2599999999999998,0.01357747796296568,Neutral,Watch,Risk-On Confirmation,Neutral,0,62,No Shock,32.6,25,10,0,0,35.67142857142857,21.666666666666668,10.0,0.0,0.7142857142857143,0.0,64.3,-7.285714285714285,1.1904761904761934,68,84,0,58.9,72.7,4.5,Moderate,Moderate,Low,Easy / Supportive,SUPPORTIVE,Low,Low Divergence,Healthy,Elevated,Elevated Complacency,No Setup,NEUTRAL,NO TRADE,-3.0476190476190457,Stable / Neutral,NEUTRAL,"{'final_decision': 'Hold / Do Not Chase', 'environment': 'Stable but crowded', 'action': 'Hold existing risk, avoid aggressive new risk', 'buy_trigger': 'Wait for better entry after volatility or credit repricing', 'risk_off_trigger': '5D VIX spike or HY widening'}",Hold / Do Not Chase,Stable but crowded,"Hold existing risk, avoid aggressive new risk",0.4,0.25,0.35,Neutral,"{'Elevated complacency': 20, 'HY spread tightness': 18, 'Low VIX': 15, 'HY spread compression': 14, 'SP500 near highs': 12}","[('Late-Cycle Melt-Up', np.float64(64.6)), ('Benign Risk-On', np.float64(59.1)), ('Credit Tightening', np.float64(1.4)), ('COVID Crash', 0), ('Inflation / Duration Shock', 0)]",0.019224479128356675,0.04845714321485728,0.050000000000000266,0.18999999999999995,6238.01,6238.01,-0.023750463631711294,-0.023750463631711294,0.00838979165134267,"('High', ['Adequate decision sample size', 'No active shock flag', 'Signals mostly aligned', 'Labor warning watch'])",High,"['Adequate decision sample size', 'No active shock flag', 'Signals mostly aligned', 'Labor warning watch']"
2025-07-29,4.34,3.86,0.48,Normal,4.3,-0.522,-0.4542555555555555,2.86,6370.86,15.98,2.43,0.2999999999999998,0.2200000000000002,-0.03999999999999959,-0.3200000000000003,-0.33000000000000007,-0.040000000000000036,-0.5999999999999996,0.27999999999999936,0.03445555555555552,-4.84,-0.5199999999999996,0.009705814296264936,0.0659012844300706,4.0,0.2999999999999998,6389.77,-0.0029594179446209568,1.9099999999999997,-0.03000000000000025,0.2200000000000002,-0.36456621068321654,Neutral,Watch,Risk-On Confirmation,Neutral,0,62,No Shock,33.2,15,10,0,0,35.01904761904762,21.19047619047619,10.0,0.0,0.7142857142857143,0.0,64.3,-7.195238095238096,0.0,68,84,0,58.9,72.7,3.0,Moderate,Moderate,Low,Easy / Supportive,SUPPORTIVE,Low,Low Divergence,Healthy,Elevated,Elevated Complacency,No Setup,NEUTRAL,NO TRADE,-3.597619047619048,Stable / Neutral,NEUTRAL,"{'final_decision': 'Hold / Do Not Chase', 'environment': 'Stable but crowded', 'action': 'Hold existing risk, avoid aggressive new risk', 'buy_trigger': 'Wait for better entry after volatility or credit repricing', 'risk_off_trigger': '5D VIX spike or HY widening'}",Hold / Do Not Chase,Stable but crowded,"Hold existing risk, avoid aggressive new risk",0.4,0.25,0.35,Neutral,"{'Elevated complacency': 20, 'HY spread tightness': 18, 'Low VIX': 15, 'HY spread compression': 14, 'SP500 near highs': 12}","[('Late-Cycle Melt-Up', np.float64(65.3)), ('Benign Risk-On', np.float64(59.8)), ('Credit Tightening', np.float64(0.3)), ('COVID Crash', 0), ('Inflation / Duration Shock', 0)]",0.025299567091413122,0.05769707700373261,-0.020000000000000018,0.10000000000000009,6238.01,6238.01,-0.020852757712459424,-0.020852757712459424,0.010819826836565249,"('High', ['Adequate decision sample size', 'No active shock flag', 'Signals mostly aligned', 'Labor warning watch'])",High,"['Adequate decision sample size', 'No active shock flag', 'Signals mostly aligned', 'Labor warning watch']"
2025-07-30,4.38,3.94,0.43999999999999995,Normal,4.3,-0.522,-0.45526666666666665,2.89,6362.9,15.48,2.42,0.2999999999999998,0.1499999999999999,-0.08000000000000052,-0.20999999999999996,-0.2799999999999998,0.06000000000000005,-0.5,0.29000000000000004,0.03328888888888898,-3.629999999999999,0.11000000000000121,0.0006274660279828037,0.05466334941680162,4.0,0.2999999999999998,6389.77,-0.004205159184133556,1.96,0.029999999999999805,0.1499999999999999,-0.09243366209226579,Neutral,Watch,Risk-On Confirmation,Neutral,0,62,No Shock,33.9,15,10,0,0,34.357142857142854,21.904761904761905,10.0,0.0,0.7142857142857143,0.0,64.3,-7.06666666666667,0.7142857142857153,55,69,0,58.9,73.5,1.5,Moderate,Moderate,Low,Easy / Supportive,SUPPORTIVE,Low,Low Divergence,Healthy,Elevated,Elevated Complacency,No Setup,NEUTRAL,NO TRADE,-3.1761904761904773,Stable / Neutral,NEUTRAL,"{'final_decision': 'Hold / Do Not Chase', 'environment': 'Stable but crowded', 'action': 'Hold existing risk, avoid aggressive new risk', 'buy_trigger': 'Wait for better entry after volatility or credit repricing', 'risk_off_trigger': '5D VIX spike or HY widening'}",Hold / Do Not Chase,Stable but crowded,"Hold existing risk, avoid aggressive new risk",0.4,0.25,0.35,Neutral,"{'Elevated complacency': 20, 'HY spread tightness': 18, 'Low VIX': 15, 'SP500 near highs': 12}","[('Late-Cycle Melt-Up', np.float64(65.9)), ('Benign Risk-On', np.float64(59.6)), ('COVID Crash', 0), ('Inflation / Duration Shock', 0), ('Credit Tightening', 0)]",0.03529365540869733,0.06738908359395879,-0.11000000000000032,-0.010000000000000231,6238.01,6238.01,-0.01962784265036377,-0.01962784265036377,0.014817462163478934,"('High', ['Adequate decision sample size', 'No active shock flag', 'Signals mostly aligned', 'Labor warning watch'])",High,"['Adequate decision sample size', 'No active shock flag', 'Signals mostly aligned', 'Labor warning watch']"
2025-07-31,4.37,3.94,0.43000000000000016,Normal,4.3,-0.522,-0.45627777777777784,2.86,6339.39,16.72,2.39,0.2999999999999998,0.1200000000000001,-0.08999999999999941,-0.31000000000000005,-0.3500000000000001,0.040000000000000036,-0.43000000000000016,0.1200000000000001,0.03183333333333327,-4.880000000000003,1.3299999999999983,-0.003765312296196144,0.059616696084723975,4.0,0.2999999999999998,6389.77,-0.007884477845055526,1.98,0.06000000000000005,0.1200000000000001,0.015084375666951668,Neutral,Watch,Risk-On Confirmation,Neutral,0,62,No Shock,33.9,0,10,0,0,33.65714285714286,20.714285714285715,10.0,0.0,0.7142857142857143,0.0,64.3,-7.028571428571425,-1.1904761904761898,76,84,0,61.0,75.0,0.0,Moderate,Moderate,Low,Easy / Supportive,SUPPORTIVE,Low,Low Divergence,Healthy,Elevated,Elevated Complacency,No Setup,NEUTRAL,NO TRADE,-4.109523809523807,Stable / Neutral,NEUTRAL,"{'final_decision': 'Hold / Do Not Chase', 'environment': 'Stable but crowded', 'action': 'Hold existing risk, avoid aggressive new risk', 'buy_trigger': 'Wait for better entry after volatility or credit repricing', 'risk_off_trigger': '5D VIX spike or HY widening'}",Hold / Do Not Chase,Stable but crowded,"Hold existing risk, avoid aggressive new risk",0.4,0.25,0.35,Neutral,"{'Elevated complacency': 20, 'HY spread tightness': 18, 'Low VIX': 15, 'HY spread compression': 14, 'SP500 near highs': 12}","[('Late-Cycle Melt-Up', np.float64(67.4)), ('Benign Risk-On', np.float64(59.2)), ('COVID Crash', 0), ('Inflation / Duration Shock', 0), ('Credit Tightening', 0)]",0.03863147716105164,0.08451444066384939,-0.06999999999999984,-0.06000000000000005,6238.01,6238.01,-0.01599207494727417,-0.01599207494727417,0.016152590864420658,"('High', ['Adequate decision sample size', 'No active shock flag', 'Signals mostly aligned', 'Labor warning watch'])",High,"['Adequate decision sample size', 'No active shock flag', 'Signals mostly aligned', 'Labor warning watch']"
2025-08-01,4.23,3.69,0.5400000000000005,Normal,4.3,-0.525,-0.45751111111111115,3.13,6238.01,20.38,2.33,0.2999999999999998,0.24000000000000066,0.050000000000000266,-0.03000000000000025,0.08000000000000007,0.29000000000000004,-0.5,0.46999999999999975,0.030155555555555547,0.23999999999999844,5.449999999999999,-0.02357778807383104,0.04299374505715736,4.0,0.2999999999999998,6389.77,-0.023750463631711294,1.9000000000000004,-0.07999999999999963,0.24000000000000066,-0.41884854712397157,Neutral,Watch,Risk-On Confirmation,Neutral,0,30,VIX spike | HY spread widening,31.6,30,10,0,0,32.88095238095238,20.952380952380953,10.0,0.0,0.7142857142857143,0.0,61.1,-7.023809523809518,-1.1904761904761898,40,47,0,59.5,72.8,0.0,Moderate,Moderate,Low,Easy / Supportive,SUPPORTIVE,Low,Low Divergence,Healthy,Elevated,Elevated Complacency,No Setup,NEUTRAL,NO TRADE,-4.107142857142854,Stable / Neutral,NEUTRAL,"{'final_decision': 'Hold / Do Not Chase', 'environment': 'Stable but crowded', 'action': 'Hold existing risk, avoid aggressive new risk', 'buy_trigger': 'Wait for better entry after volatility or credit repricing', 'risk_off_trigger': '5D VIX spike or HY widening'}",Hold / Do Not Chase,Stable but crowded,"Hold existing risk, avoid aggressive new risk",0.4,0.25,0.35,Neutral,"{'Active shock flag': 25, 'Elevated complacency': 20}","[('Late-Cycle Melt-Up', np.float64(66.7)), ('Benign Risk-On', np.float64(61.2)), ('COVID Crash', 0), ('Inflation / Duration Shock', 0), ('Credit Tightening', 0)]",0.06047922334205924,0.10466158278040605,-0.3799999999999999,-0.31000000000000005,6299.19,6299.19,0.009807614928478703,0.009807614928478703,0.024891689336823695,"('High', ['Adequate decision sample size', 'Shock flag active', 'Signals mostly aligned', 'Labor warning watch'])",High,"['Adequate decision sample size', 'Shock flag active', 'Signals mostly aligned', 'Labor warning watch']"
2025-08-04,4.22,3.69,0.5299999999999998,Normal,4.3,-0.525,-0.45874444444444445,3.02,6329.94,17.52,2.37,0.2999999999999998,0.18000000000000016,0.020000000000000018,-0.10999999999999988,-0.06999999999999984,0.20000000000000018,-0.54,0.43000000000000016,0.02847777777777777,-3.1000000000000014,2.49,-0.009363404316587443,0.06067521917477681,4.0,0.2999999999999998,6389.77,-0.009363404316587443,1.8499999999999996,-0.10999999999999988,0.18000000000000016,-0.6888345144880224,Neutral,Watch,Risk-On Confirmation,Neutral,0,62,No Shock,31.7,20,10,0,0,32.77619047619047,20.714285714285715,10.0,0.0,0.7142857142857143,0.0,61.1,-6.357142857142861,-1.1904761904761898,63,69,0,60.3,72.8,0.0,Moderate,Moderate,Low,Easy / Supportive,SUPPORTIVE,Low,Low Divergence,Healthy,Elevated,Elevated Complacency,No Setup,NEUTRAL,NO TRADE,-3.7738095238095255,Stable / Neutral,NEUTRAL,"{'final_decision': 'Hold / Do Not Chase', 'environment': 'Stable but crowded', 'action': 'Hold existing risk, avoid aggressive new risk', 'buy_trigger': 'Wait for better entry after volatility or credit repricing', 'risk_off_trigger': '5D VIX spike or HY widening'}",Hold / Do Not Chase,Stable but crowded,"Hold existing risk, avoid aggressive new risk",0.4,0.25,0.35,Neutral,"{'Elevated complacency': 20, 'Low VIX': 15, 'SP500 near highs': 12}","[('Late-Cycle Melt-Up', np.float64(66.9)), ('Benign Risk-On', np.float64(61.4)), ('COVID Crash', 0), ('Inflation / Duration Shock', 0), ('Credit Tightening', 0)]",0.043731852118661596,0.0885711396948472,-0.22999999999999998,-0.26000000000000023,6299.19,6299.19,-0.004857865951336082,-0.004857865951336082,0.01819274084746464,"('High', ['Adequate decision sample size', 'No active shock flag', 'Signals mostly aligned', 'Labor warning watch'])",High,"['Adequate decision sample size', 'No active shock flag', 'Signals mostly aligned', 'Labor warning watch']"
2025-08-05,4.22,3.72,0.49999999999999956,Normal,4.3,-0.525,-0.4599777777777777,2.98,6299.19,17.85,2.36,0.2999999999999998,0.1299999999999999,0.019999999999999574,-0.14000000000000012,-0.20999999999999996,0.1200000000000001,-0.3899999999999997,0.24999999999999956,0.0268000000000001,-1.9799999999999969,1.870000000000001,-0.011249658601821477,0.045479214694357006,4.0,0.2999999999999998,6389.77,-0.014175784104905276,1.8599999999999999,-0.11999999999999966,0.1299999999999999,-0.6348780086302611,Neutral,Watch,Risk-On Confirmation,Neutral,0,42,No Shock,32.1,15,10,0,0,32.71904761904762,20.238095238095237,10.0,0.0,0.7142857142857143,0.0,59.1,-5.685714285714283,-1.904761904761905,63,77,0,61.1,73.6,0.0,Moderate,Moderate,Low,Easy / Supportive,SUPPORTIVE,Low,Low Divergence,Healthy,Elevated,Elevated Complacency,No Setup,NEUTRAL,NO TRADE,-3.795238095238094,Stable / Neutral,NEUTRAL,"{'final_decision': 'Hold / Do Not Chase', 'environment': 'Stable but crowded', 'action': 'Hold existing risk, avoid aggressive new risk', 'buy_trigger': 'Wait for better entry after volatility or credit repricing', 'risk_off_trigger': '5D VIX spike or HY widening'}",Hold / Do Not Chase,Stable but crowded,"Hold existing risk, avoid aggressive new risk",0.4,0.25,0.35,Neutral,"{'Elevated complacency': 20, 'HY spread tightness': 18, 'Low VIX': 15, 'SP500 near highs': 12}","[('Late-Cycle Melt-Up', np.float64(67.4)), ('Benign Risk-On', np.float64(60.9)), ('COVID Crash', 0), ('Inflation / Duration Shock', 0), ('Credit Tightening', 0)]",0.04780932151594097,0.08305036044316827,-0.18999999999999995,-0.1299999999999999,6340.0,6340.0,0.0064786107420160555,0.0064786107420160555,0.01982372860637639,"('High', ['Adequate decision sample size', 'No active shock flag', 'Signals mostly aligned', 'Labor warning watch'])",High,"['Adequate decision sample size', 'No active shock flag', 'Signals mostly aligned', 'Labor warning watch']"
2025-08-06,4.22,3.69,0.5299999999999998,Normal,4.3,-0.525,-0.4612111111111111,2.98,6345.06,16.77,2.34,0.2999999999999998,0.1200000000000001,0.08999999999999986,-0.08000000000000007,-0.29000000000000004,0.08999999999999986,-0.46999999999999975,0.3899999999999997,0.025122222222222157,-0.7100000000000009,1.2899999999999991,-0.00280375300570479,0.04150895081891859,4.0,0.2999999999999998,6389.77,-0.00699712196213631,1.88,-0.10999999999999988,0.1200000000000001,-0.5290702732694225,Neutral,Watch,Risk-On Confirmation,Neutral,0,52,No Shock,31.4,15,10,0,0,32.642857142857146,19.761904761904763,10.0,0.0,0.7142857142857143,0.0,56.6,-5.042857142857137,-2.619047619047617,63,77,0,61.9,74.4,0.0,Moderate,Low,Low,Easy / Supportive,SUPPORTIVE,Low,Low Divergence,Healthy,Elevated,Elevated Complacency,No Setup,NEUTRAL,NO TRADE,-3.830952380952377,Stable / Neutral,NEUTRAL,"{'final_decision': 'Hold / Do Not Chase', 'environment': 'Stable but crowded', 'action': 'Hold existing risk, avoid aggressive new risk', 'buy_trigger': 'Wait for better entry after volatility or credit repricing', 'risk_off_trigger': '5D VIX spike or HY widening'}",Hold / Do Not Chase,Stable but crowded,"Hold existing risk, avoid aggressive new risk",0.4,0.25,0.35,Neutral,"{'Elevated complacency': 20, 'HY spread tightness': 18, 'Low VIX': 15, 'SP500 near highs': 12}","[('Late-Cycle Melt-Up', np.float64(68.0)), ('Benign Risk-On', np.float64(60.5)), ('COVID Crash', 0), ('Inflation / Duration Shock', 0), ('Credit Tightening', 0)]",0.04521627849066823,0.07803551109051754,-0.27,-0.040000000000000036,6340.0,6340.0,-0.0007974707882983934,-0.0007974707882983934,0.018786511396267292,"('High', ['Adequate decision sample size', 'No active shock flag', 'Signals mostly aligned', 'Labor warning watch'])",High,"['Adequate decision sample size', 'No active shock flag', 'Signals mostly aligned', 'Labor warning watch']"
2025-08-07,4.23,3.72,0.5100000000000002,Normal,4.3,-0.525,-0.4624444444444445,2.95,6340.0,16.57,2.35,0.2999999999999998,0.13000000000000078,0.08000000000000007,-0.08999999999999986,-0.52,0.0900000000000003,-0.10999999999999988,0.020000000000000018,0.023199999999999943,-0.19000000000000128,-0.14999999999999858,9.622376916396114e-05,0.04068179430612462,4.0,0.2999999999999998,6389.77,-0.007789012750067714,1.8800000000000003,-0.01999999999999913,0.13000000000000078,-0.5328456719759529,Neutral,Watch,Risk-On Confirmation,Neutral,0,52,No Shock,31.7,0,10,0,0,32.542857142857144,18.571428571428573,10.0,0.0,0.7142857142857143,0.0,55.6,-4.461904761904762,-4.0476190476190474,63,69,0,61.4,72.9,0.0,Moderate,Low,Low,Easy / Supportive,SUPPORTIVE,Low,Low Divergence,Healthy,Elevated,Elevated Complacency,No Setup,NEUTRAL,NO TRADE,-4.254761904761905,Stable / Neutral,NEUTRAL,"{'final_decision': 'Hold / Do Not Chase', 'environment': 'Stable but crowded', 'action': 'Hold existing risk, avoid aggressive new risk', 'buy_trigger': 'Wait for better entry after volatility or credit repricing', 'risk_off_trigger': '5D VIX spike or HY widening'}",Hold / Do Not Chase,Stable but crowded,"Hold existing risk, avoid aggressive new risk",0.4,0.25,0.35,Neutral,"{'Elevated complacency': 20, 'HY spread tightness': 18, 'Low VIX': 15, 'SP500 near highs': 12}","[('Late-Cycle Melt-Up', np.float64(67.7)), ('Benign Risk-On', np.float64(62.0)), ('COVID Crash', 0), ('Inflation / Duration Shock', 0), ('Credit Tightening', 0)]",0.051160883280757075,0.08075236593059931,-0.22999999999999998,0.08999999999999986,6370.17,6370.17,0.004758675078864405,0.004758675078864405,0.02116435331230283,"('High', ['Adequate decision sample size', 'No active shock flag', 'Signals mostly aligned', 'Labor warning watch'])",High,"['Adequate decision sample size', 'No active shock flag', 'Signals mostly aligned', 'Labor warning watch']"
2025-08-08,4.27,3.76,0.5099999999999998,Normal,4.3,-0.527,-0.4638666666666667,2.94,6389.45,15.15,2.39,0.2999999999999998,0.16999999999999948,-0.030000000000000693,-0.10000000000000009,-0.6099999999999999,-0.18999999999999995,-0.04999999999999982,-0.050000000000000266,0.02108888888888888,-1.4399999999999995,-5.229999999999999,0.0242769729448975,0.04045419164894426,4.0,0.2999999999999998,6389.77,-5.008004982975933e-05,1.8799999999999994,0.029999999999998916,0.16999999999999948,-0.5385063629824849,Neutral,Watch,Risk-On Confirmation,Neutral,0,67,No Shock,31.5,0,10,0,0,32.44285714285714,17.38095238095238,10.0,0.0,0.7142857142857143,0.0,55.3,-3.904761904761905,-4.761904761904763,63,69,0,62.2,72.9,0.0,Moderate,Low,Low,Easy / Supportive,SUPPORTIVE,Low,Low Divergence,Healthy,Elevated,Elevated Complacency,No Setup,NEUTRAL,NO TRADE,-4.333333333333334,Stable / Neutral,NEUTRAL,"{'final_decision': 'Hold / Do Not Chase', 'environment': 'Stable but crowded', 'action': 'Hold existing risk, avoid aggressive new risk', 'buy_trigger': 'Wait for better entry after volatility or credit repricing', 'risk_off_trigger': '5D VIX spike or HY widening'}",Hold / Do Not Chase,Stable but crowded,"Hold existing risk, avoid aggressive new risk",0.4,0.25,0.35,Neutral,"{'Elevated complacency': 20, 'HY spread tightness': 18, 'Low VIX': 15, 'SP500 near highs': 12}","[('Late-Cycle Melt-Up', np.float64(68.0)), ('Benign Risk-On', np.float64(62.3)), ('COVID Crash', 0), ('Inflation / Duration Shock', 0), ('Credit Tightening', 0)]",0.04762538246640946,0.0598017043720509,-0.25,0.18999999999999995,6370.17,6370.17,-0.0030174741174905373,-0.0030174741174905373,0.019750152986563786,"('High', ['Adequate decision sample size', 'No active shock flag', 'Signals mostly aligned', 'Labor warning watch'])",High,"['Adequate decision sample size', 'No active shock flag', 'Signals mostly aligned', 'Labor warning watch']"
2025-08-11,4.27,3.76,0.5099999999999998,Normal,4.3,-0.527,-0.46528888888888886,2.94,6373.45,16.25,2.4,0.09999999999999964,0.20999999999999996,-0.020000000000000018,-0.08000000000000007,-0.56,-0.08000000000000007,-0.08000000000000007,0.0,0.018977777777777816,-0.07000000000000028,-1.2699999999999996,0.006873682846914919,0.03246034793060826,4.0,0.2999999999999998,6389.77,-0.002554082541312175,1.8699999999999997,0.029999999999999805,0.20999999999999996,-0.5961168641896737,Neutral,Low,Risk-On Confirmation,Neutral,0,52,No Shock,18.3,0,10,0,0,31.75238095238095,16.19047619047619,10.0,0.0,0.0,0.0,54.3,-3.919047619047621,-5.476190476190478,63,69,0,61.7,71.4,0.0,Moderate,Low,Low,Easy / Supportive,SUPPORTIVE,Low,Low Divergence,Healthy,Elevated,Elevated Complacency,No Setup,NEUTRAL,NO TRADE,-4.69761904761905,Stable / Neutral,NEUTRAL,"{'final_decision': 'Hold / Do Not Chase', 'environment': 'Stable but crowded', 'action': 'Hold existing risk, avoid aggressive new risk', 'buy_trigger': 'Wait for better entry after volatility or credit repricing', 'risk_off_trigger': '5D VIX spike or HY widening'}",Hold / Do Not Chase,Stable but crowded,"Hold existing risk, avoid aggressive new risk",0.4,0.25,0.35,Neutral,"{'Elevated complacency': 20, 'HY spread tightness': 18, 'Low VIX': 15, 'SP500 near highs': 12}","[('Late-Cycle Melt-Up', np.float64(67.4)), ('Benign Risk-On', np.float64(63.8)), ('COVID Crash', 0), ('Inflation / Duration Shock', 0), ('Credit Tightening', 0)]",0.044476696294785345,0.06634397382893109,-0.22999999999999998,0.10999999999999988,6370.17,6370.17,-0.0005146349308459142,-0.0005146349308459142,0.01849067851791414,"('High', ['Adequate decision sample size', 'No active shock flag', 'Signals mostly aligned', 'Labor warning low'])",High,"['Adequate decision sample size', 'No active shock flag', 'Signals mostly aligned', 'Labor warning low']"
2025-08-12,4.29,3.72,0.5699999999999998,Normal,4.3,-0.527,-0.4667111111111111,2.93,6445.76,14.73,2.38,0.09999999999999964,0.2799999999999998,0.07000000000000028,-0.029999999999999805,-0.48999999999999977,-0.04999999999999982,-0.2400000000000002,0.2100000000000004,0.016866666666666752,-2.0,-3.120000000000001,0.023268070974204802,0.03880933770618622,4.0,0.2999999999999998,6445.76,0.0,1.9100000000000001,0.029999999999999805,0.2799999999999998,-0.3786280163521446,Neutral,Low,Risk-On Confirmation,Neutral,0,75,No Shock,16.9,15,10,0,0,30.995238095238093,15.714285714285714,10.0,0.0,0.0,0.0,55.6,-4.0238095238095255,-5.476190476190476,63,69,0,61.2,69.9,0.0,Moderate,Low,Low,Easy / Supportive,SUPPORTIVE,Low,Low Divergence,Healthy,Elevated,Moderate Complacency,No Setup,NEUTRAL,NO TRADE,-4.750000000000001,Stable / Neutral,NEUTRAL,"{'final_decision': 'Neutral', 'environment': 'Mixed / neutral', 'action': 'Neutral positioning', 'buy_trigger': 'Wait for clearer mean-reversion or benign setup', 'risk_off_trigger': 'Shock flag or rising macro/credit stress'}",Neutral,Mixed / neutral,Neutral positioning,0.45,0.25,0.3,Neutral,"{'HY spread tightness': 18, 'Low VIX': 15, 'SP500 near highs': 12}","[('Late-Cycle Melt-Up', np.float64(66.9)), ('Benign Risk-On', np.float64(65.5)), ('COVID Crash', 0), ('Inflation / Duration Shock', 0), ('Credit Tightening', 0)]",0.029819602343245766,0.04259544258551351,-0.22999999999999998,0.19999999999999973,6370.17,6370.17,-0.011727088814972975,-0.011727088814972975,0.014018821054460595,"('High', ['Adequate decision sample size', 'No active shock flag', 'Signals partly aligned', 'Labor warning low'])",High,"['Adequate decision sample size', 'No active shock flag', 'Signals partly aligned', 'Labor warning low']"
2025-08-13,4.24,3.67,0.5700000000000003,Normal,4.3,-0.527,-0.4681333333333333,2.9,6466.58,14.49,2.37,0.09999999999999964,0.22000000000000064,0.04000000000000048,-0.010000000000000231,-1.1099999999999999,-0.08000000000000007,-0.25,0.23999999999999977,0.014755555555555633,-2.339999999999998,-2.2799999999999994,0.01915190715296622,0.04333164999733774,4.0,0.2999999999999998,6466.58,0.0,1.87,0.0900000000000003,0.22000000000000064,-0.5978451562045068,Neutral,Low,Risk-On Confirmation,Neutral,0,75,No Shock,16.8,15,10,0,0,30.252380952380957,15.238095238095237,10.0,0.0,0.0,0.0,56.9,-4.104761904761897,-6.666666666666668,63,69,0,62.0,69.9,0.0,Moderate,Low,Low,Easy / Supportive,SUPPORTIVE,Low,Low Divergence,Healthy,Elevated,Moderate Complacency,No Setup,NEUTRAL,NO TRADE,-5.385714285714283,Stable / Neutral,NEUTRAL,"{'final_decision': 'Neutral', 'environment': 'Mixed / neutral', 'action': 'Neutral positioning', 'buy_trigger': 'Wait for clearer mean-reversion or benign setup', 'risk_off_trigger': 'Shock flag or rising macro/credit stress'}",Neutral,Mixed / neutral,Neutral positioning,0.45,0.25,0.3,Neutral,"{'HY spread tightness': 18, 'Low VIX': 15, 'SP500 near highs': 12}","[('Late-Cycle Melt-Up', np.float64(67.4)), ('Benign Risk-On', np.float64(66.0)), ('COVID Crash', 0), ('Inflation / Duration Shock', 0), ('Credit Tightening', 0)]",0.021362141966851045,0.04055002799006591,-0.14000000000000012,0.25,6370.17,6370.17,-0.014908962697438244,-0.014908962697438244,0.01021296388508297,"('High', ['Adequate decision sample size', 'No active shock flag', 'Signals partly aligned', 'Labor warning low'])",High,"['Adequate decision sample size', 'No active shock flag', 'Signals partly aligned', 'Labor warning low']"
2025-08-14,4.29,3.74,0.5499999999999998,Normal,4.3,-0.527,-0.46955555555555556,2.89,6468.54,14.83,2.39,0.09999999999999964,0.2200000000000002,0.03999999999999959,0.010000000000000231,-1.56,-0.06000000000000005,-0.33000000000000007,0.3400000000000003,0.01244444444444437,-1.8100000000000005,-1.7400000000000002,0.020274447949526708,0.038719084307787144,4.0,0.2999999999999998,6468.54,0.0,1.9,0.07000000000000028,0.2200000000000002,-0.4350784307238154,Neutral,Low,Neutral,Neutral,55,75,No Shock,17.0,30,20,0,0,29.552380952380954,15.714285714285714,10.476190476190476,0.0,0.0,5.5,58.2,-4.104761904761904,-5.000000000000002,51,56,0,59.5,67.1,0.0,Moderate,Low,Low,Easy / Supportive,SUPPORTIVE,Low,Low Divergence,Healthy,Elevated,Moderate Complacency,No Setup,RISK ON,NO TRADE,-4.552380952380953,Complacency / Late Cycle,REDUCE RISK,"{'final_decision': 'Wait', 'environment': 'Low stress but late-cycle complacency', 'action': 'Do not chase; keep dry powder', 'buy_trigger': 'SP500 drawdown > 5% or VIX > 25', 'risk_off_trigger': 'Credit spreads widen while VIX rises'}",Wait,Low stress but late-cycle complacency,Do not chase; keep dry powder,0.3,0.2,0.5,Neutral,"{'HY spread tightness': 18, 'Low VIX': 15, 'SP500 near highs': 12}","[('Benign Risk-On', np.float64(68.3)), ('Late-Cycle Melt-Up', np.float64(65.8)), ('COVID Crash', 0), ('Inflation / Duration Shock', 0), ('Credit Tightening', 0)]",0.027078753474508943,0.05625535283077787,-0.14000000000000012,0.1299999999999999,6370.17,6370.17,-0.015207450212876505,-0.015207450212876505,0.009123626042352683,"('High', ['Limited decision sample size', 'No active shock flag', 'Signals mostly aligned', 'Labor warning low'])",High,"['Limited decision sample size', 'No active shock flag', 'Signals mostly aligned', 'Labor warning low']"
2025-08-15,4.33,3.75,0.5800000000000001,Normal,4.3,-0.529,-0.47111111111111115,2.88,6449.8,15.09,2.38,0.09999999999999964,0.1599999999999997,0.07000000000000028,0.08000000000000007,-1.7300000000000004,-0.06000000000000005,-0.40000000000000036,0.4800000000000004,0.009999999999999953,-1.2899999999999991,-0.0600000000000005,0.00944525741652269,0.02714452929045197,4.0,0.2999999999999998,6468.54,-0.0028970988816641174,1.9500000000000002,-0.010000000000000231,0.1599999999999997,-0.16467085589861494,Neutral,Low,Neutral,Neutral,55,52,No Shock,16.2,40,20,0,0,28.79523809523809,16.428571428571427,10.952380952380953,0.0,0.0,11.0,60.4,-4.085714285714289,-4.5238095238095255,51,56,0,60.6,68.0,0.0,Moderate,Low,Low,Easy / Supportive,SUPPORTIVE,Low,Low Divergence,Healthy,Elevated,Moderate Complacency,No Setup,RISK ON,NO TRADE,-4.304761904761907,Complacency / Late Cycle,REDUCE RISK,"{'final_decision': 'Wait', 'environment': 'Low stress but late-cycle complacency', 'action': 'Do not chase; keep dry powder', 'buy_trigger': 'SP500 drawdown > 5% or VIX > 25', 'risk_off_trigger': 'Credit spreads widen while VIX rises'}",Wait,Low stress but late-cycle complacency,Do not chase; keep dry powder,0.3,0.2,0.5,Neutral,"{'HY spread tightness': 18, 'Low VIX': 15, 'SP500 near highs': 12}","[('Benign Risk-On', np.float64(68.0)), ('Late-Cycle Melt-Up', np.float64(66.6)), ('COVID Crash', 0), ('Inflation / Duration Shock', 0), ('Credit Tightening', 0)]",0.032777760550714685,0.06219107569226945,-0.13999999999999968,0.14000000000000012,6370.17,6370.17,-0.0123461192595119,-0.0123461192595119,0.010833328165214404,"('High', ['Limited decision sample size', 'No active shock flag', 'Signals mostly aligned', 'Labor warning low'])",High,"['Limited decision sample size', 'No active shock flag', 'Signals mostly aligned', 'Labor warning low']"
2025-08-18,4.34,3.77,0.5699999999999998,Normal,4.3,-0.529,-0.4726666666666667,2.88,6449.15,14.99,2.38,0.09999999999999964,0.020000000000000018,0.06000000000000005,0.020000000000000018,-1.6900000000000004,-0.06000000000000005,-0.3900000000000001,0.41000000000000014,0.007555555555555538,-2.799999999999999,-1.2599999999999998,0.011877397641779641,0.035179888217939714,4.0,0.2999999999999998,6468.54,-0.0029975852356173283,1.96,-0.07999999999999963,0.020000000000000018,-0.11440192950993935,Neutral,Low,Neutral,Neutral,55,60,No Shock,16.2,40,20,0,0,28.03809523809524,17.142857142857142,11.428571428571429,0.0,0.0,16.5,60.2,-4.73809523809523,-3.571428571428573,51,56,0,59.4,66.7,0.0,Moderate,Low,Low,Easy / Supportive,SUPPORTIVE,Low,Low Divergence,Healthy,Elevated,Moderate Complacency,No Setup,RISK ON,NO TRADE,-4.1547619047619015,Complacency / Late Cycle,REDUCE RISK,"{'final_decision': 'Wait', 'environment': 'Low stress but late-cycle complacency', 'action': 'Do not chase; keep dry powder', 'buy_trigger': 'SP500 drawdown > 5% or VIX > 25', 'risk_off_trigger': 'Credit spreads widen while VIX rises'}",Wait,Low stress but late-cycle complacency,Do not chase; keep dry powder,0.3,0.2,0.5,Neutral,"{'HY spread tightness': 18, 'Low VIX': 15, 'SP500 near highs': 12}","[('Benign Risk-On', np.float64(69.2)), ('Late-Cycle Melt-Up', np.float64(65.9)), ('COVID Crash', 0), ('Inflation / Duration Shock', 0), ('Credit Tightening', 0)]",0.03710721567958575,0.044709767953916346,-0.08000000000000007,0.20999999999999996,6370.17,6370.17,-0.012246575130055781,-0.012246575130055781,0.012132164703875722,"('High', ['Limited decision sample size', 'No active shock flag', 'Signals mostly aligned', 'Labor warning low'])",High,"['Limited decision sample size', 'No active shock flag', 'Signals mostly aligned', 'Labor warning low']"
2025-08-19,4.3,3.75,0.5499999999999998,Normal,4.3,-0.529,-0.4742222222222223,2.9,6411.37,15.57,2.35,0.09999999999999964,0.1200000000000001,-0.020000000000000018,-0.020000000000000018,-1.4700000000000002,-0.03000000000000025,-0.3999999999999999,0.3799999999999999,0.005111111111111011,-1.2399999999999984,0.8399999999999999,-0.005335290175247032,0.02985292794818739,4.0,0.2999999999999998,6468.54,-0.00883816131615478,1.9499999999999997,-0.1200000000000001,0.1200000000000001,-0.17392179413726264,Neutral,Low,Risk-On Confirmation,Neutral,0,52,No Shock,16.4,15,10,0,0,27.26666666666667,17.142857142857142,11.428571428571429,0.0,0.0,16.5,61.2,-5.4523809523809526,-3.095238095238095,63,77,0,59.4,66.7,0.0,Moderate,Low,Low,Easy / Supportive,SUPPORTIVE,Low,Low Divergence,Healthy,Elevated,Moderate Complacency,No Setup,RISK ON,NO TRADE,-4.273809523809524,Complacency / Late Cycle,REDUCE RISK,"{'final_decision': 'Wait', 'environment': 'Low stress but late-cycle complacency', 'action': 'Do not chase; keep dry powder', 'buy_trigger': 'SP500 drawdown > 5% or VIX > 25', 'risk_off_trigger': 'Credit spreads widen while VIX rises'}",Wait,Low stress but late-cycle complacency,Do not chase; keep dry powder,0.3,0.2,0.5,Neutral,"{'HY spread tightness': 18, 'Low VIX': 15, 'SP500 near highs': 12}","[('Benign Risk-On', np.float64(69.7)), ('Late-Cycle Melt-Up', np.float64(66.2)), ('COVID Crash', 0), ('Inflation / Duration Shock', 0), ('Credit Tightening', 0)]",0.04676535592236908,0.0503386951618765,-0.08999999999999986,0.16999999999999993,6370.17,6370.17,-0.006426083660746373,-0.006426083660746373,0.015029606776710724,"('High', ['Limited decision sample size', 'No active shock flag', 'Signals mostly aligned', 'Labor warning low'])",High,"['Limited decision sample size', 'No active shock flag', 'Signals mostly aligned', 'Labor warning low']"
2025-08-20,4.29,3.74,0.5499999999999998,Normal,4.3,-0.529,-0.4757777777777778,2.94,6395.78,15.69,2.35,0.09999999999999964,-0.010000000000000675,-0.020000000000000462,0.0,-1.48,0.040000000000000036,-0.45999999999999996,0.45999999999999996,0.0026666666666666505,-0.25,1.1999999999999993,-0.010948600342066461,0.021158310528382795,4.0,0.2999999999999998,6468.54,-0.011248287867123063,1.94,-0.27000000000000046,-0.010000000000000675,-0.23270473525307045,Neutral,Low,Neutral,Neutral,0,42,No Shock,16.2,30,10,0,0,26.476190476190474,17.38095238095238,11.428571428571429,0.0,0.0,16.5,60.2,-6.166666666666671,-2.380952380952383,51,64,0,58.2,65.4,0.0,Moderate,Low,Low,Easy / Supportive,SUPPORTIVE,Low,Low Divergence,Healthy,Elevated,Moderate Complacency,No Setup,RISK ON,NO TRADE,-4.273809523809527,Complacency / Late Cycle,REDUCE RISK,"{'final_decision': 'Wait', 'environment': 'Low stress but late-cycle complacency', 'action': 'Do not chase; keep dry powder', 'buy_trigger': 'SP500 drawdown > 5% or VIX > 25', 'risk_off_trigger': 'Credit spreads widen while VIX rises'}",Wait,Low stress but late-cycle complacency,Do not chase; keep dry powder,0.3,0.2,0.5,Neutral,"{'HY spread tightness': 18, 'Low VIX': 15, 'SP500 near highs': 12}","[('Benign Risk-On', np.float64(71.0)), ('Late-Cycle Melt-Up', np.float64(65.5)), ('COVID Crash', 0), ('Inflation / Duration Shock', 0), ('Credit Tightening', 0)]",0.049965758672124494,0.043251956758987964,-0.1299999999999999,0.18999999999999995,6370.17,6370.17,-0.00400420277120217,-0.00400420277120217,0.015989727601637346,"('High', ['Limited decision sample size', 'No active shock flag', 'Signals mostly aligned', 'Labor warning low'])",High,"['Limited decision sample size', 'No active shock flag', 'Signals mostly aligned', 'Labor warning low']"
2025-08-21,4.33,3.79,0.54,Normal,4.3,-0.529,-0.47733333333333333,2.95,6370.17,16.6,2.39,0.09999999999999964,0.019999999999999574,-0.009999999999999787,0.03000000000000025,-1.3099999999999996,0.06000000000000005,-0.3200000000000003,0.35000000000000053,8.88888888888606e-05,0.8200000000000021,1.7700000000000014,-0.015207450212876505,0.014283985567936197,4.0,0.2999999999999998,6468.54,-0.015207450212876505,1.94,-0.3400000000000003,0.019999999999999574,-0.23596373097083695,Neutral,Low,Neutral,Neutral,55,27,No Shock,16.2,30,20,0,0,25.69047619047619,18.095238095238095,11.904761904761905,0.0,0.0,22.0,57.7,-6.852380952380955,-0.47619047619047805,41,64,0,56.0,64.9,0.0,Moderate,Low,Low,Easy / Supportive,SUPPORTIVE,Low,Moderate Divergence,Healthy,Elevated,Moderate Complacency,No Setup,RISK ON,NO TRADE,-3.6642857142857164,Complacency / Late Cycle,REDUCE RISK,"{'final_decision': 'Wait', 'environment': 'Low stress but late-cycle complacency', 'action': 'Do not chase; keep dry powder', 'buy_trigger': 'SP500 drawdown > 5% or VIX > 25', 'risk_off_trigger': 'Credit spreads widen while VIX rises'}",Wait,Low stress but late-cycle complacency,Do not chase; keep dry powder,0.3,0.2,0.5,Neutral,"{'HY spread tightness': 18, 'Low VIX': 15, 'SP500 near highs': 12}","[('Benign Risk-On', np.float64(71.6)), ('Late-Cycle Melt-Up', np.float64(65.2)), ('COVID Crash', 0), ('Inflation / Duration Shock', 0), ('Credit Tightening', 0)]",0.05425600886632531,0.03879802265873589,-0.15000000000000036,0.25,6415.54,6415.54,0.007122258903608625,0.007122258903608625,0.017276802659897592,"('High', ['Limited decision sample size', 'No active shock flag', 'Signals mostly aligned', 'Labor warning low'])",High,"['Limited decision sample size', 'No active shock flag', 'Signals mostly aligned', 'Labor warning low']"
2025-08-22,4.26,3.68,0.5799999999999996,Normal,4.3,-0.53,-0.4789,2.88,6466.91,14.22,2.41,0.09999999999999964,0.03999999999999959,-4.440892098500626e-16,-0.0900000000000003,-1.2599999999999998,0.0,-0.2599999999999998,0.16999999999999948,-0.0025000000000000022,-2.179999999999998,-0.8699999999999992,0.00265279543551733,0.03309397340149367,4.0,0.2999999999999998,6468.54,-0.0002519888568363049,1.8499999999999996,-0.30000000000000027,0.03999999999999959,-0.7373888984369684,Neutral,Low,Risk-On Confirmation,Neutral,0,60,No Shock,15.4,15,0,0,0,24.87142857142857,18.095238095238095,11.428571428571429,0.0,0.0,22.0,57.0,-7.571428571428573,0.7142857142857153,55,69,0,55.2,64.9,0.0,Moderate,Low,Low,Easy / Supportive,SUPPORTIVE,Low,Moderate Divergence,Healthy,Elevated,Moderate Complacency,No Setup,RISK ON,NO TRADE,-3.428571428571429,Complacency / Late Cycle,REDUCE RISK,"{'final_decision': 'Wait', 'environment': 'Low stress but late-cycle complacency', 'action': 'Do not chase; keep dry powder', 'buy_trigger': 'SP500 drawdown > 5% or VIX > 25', 'risk_off_trigger': 'Credit spreads widen while VIX rises'}",Wait,Low stress but late-cycle complacency,Do not chase; keep dry powder,0.3,0.2,0.5,Neutral,"{'HY spread tightness': 18, 'Low VIX': 15, 'SP500 near highs': 12}","[('Benign Risk-On', np.float64(72.0)), ('Late-Cycle Melt-Up', np.float64(65.5)), ('COVID Crash', 0), ('Inflation / Duration Shock', 0), ('Credit Tightening', 0)]",0.042272120688242154,0.02709949574062409,-0.1200000000000001,0.29000000000000004,6415.54,6415.54,-0.007943515527508493,-0.007943515527508493,0.013681636206472645,"('High', ['Limited decision sample size', 'No active shock flag', 'Signals mostly aligned', 'Labor warning low'])",High,"['Limited decision sample size', 'No active shock flag', 'Signals mostly aligned', 'Labor warning low']"
2025-08-25,4.28,3.73,0.5500000000000003,Normal,4.3,-0.53,-0.48046666666666665,2.8,6439.32,14.79,2.41,0.09999999999999964,0.04000000000000048,-0.019999999999999574,-0.15000000000000036,-1.29,-0.08000000000000007,-0.27,0.11999999999999966,-0.005088888888888865,-2.41,-0.20000000000000107,-0.0015242318755184225,0.027240705999463932,4.0,0.2999999999999998,6468.54,-0.004517248096170157,1.87,-0.2899999999999996,0.04000000000000048,-0.6305730612922567,Neutral,Low,Risk-On Confirmation,Neutral,0,60,No Shock,16.0,0,0,0,0,24.057142857142857,17.38095238095238,10.952380952380953,0.0,0.0,22.0,57.8,-7.695238095238093,1.1904761904761898,55,69,0,54.4,64.9,0.0,Moderate,Low,Low,Easy / Supportive,SUPPORTIVE,Low,Moderate Divergence,Healthy,Elevated,Moderate Complacency,No Setup,RISK ON,NO TRADE,-3.2523809523809515,Complacency / Late Cycle,REDUCE RISK,"{'final_decision': 'Wait', 'environment': 'Low stress but late-cycle complacency', 'action': 'Do not chase; keep dry powder', 'buy_trigger': 'SP500 drawdown > 5% or VIX > 25', 'risk_off_trigger': 'Credit spreads widen while VIX rises'}",Wait,Low stress but late-cycle complacency,Do not chase; keep dry powder,0.3,0.2,0.5,Neutral,"{'HY spread tightness': 18, 'Low VIX': 15, 'SP500 near highs': 12}","[('Benign Risk-On', np.float64(72.6)), ('Late-Cycle Melt-Up', np.float64(65.8)), ('COVID Crash', 0), ('Inflation / Duration Shock', 0), ('Credit Tightening', 0)]",0.0427483026158042,0.015442624376487135,0.020000000000000018,0.3700000000000001,6415.54,6415.54,-0.0036929365212475807,-0.0036929365212475807,0.01382449078474126,"('High', ['Limited decision sample size', 'No active shock flag', 'Signals mostly aligned', 'Labor warning low'])",High,"['Limited decision sample size', 'No active shock flag', 'Signals mostly aligned', 'Labor warning low']"
2025-08-26,4.26,3.61,0.6499999999999999,Normal,4.3,-0.53,-0.48203333333333337,2.78,6465.94,14.62,2.42,0.09999999999999964,0.1299999999999999,0.10000000000000009,-0.17000000000000037,-1.3800000000000003,-0.1200000000000001,-0.3599999999999999,0.1899999999999995,-0.007677777777777839,-2.76,-0.9500000000000011,0.008511441392401231,0.03558432739246853,4.0,0.2999999999999998,6468.54,-0.0004019454158126212,1.8399999999999999,-0.28000000000000025,0.1299999999999999,-0.8026822355638954,Neutral,Low,Risk-On Confirmation,Neutral,0,60,No Shock,14.0,15,0,0,0,23.17142857142857,16.904761904761905,10.476190476190476,0.0,0.0,22.0,56.3,-7.823809523809523,1.1904761904761916,55,69,0,53.6,64.9,0.0,Moderate,Low,Low,Easy / Supportive,SUPPORTIVE,Low,Moderate Divergence,Healthy,Elevated,Moderate Complacency,No Setup,RISK ON,NO TRADE,-3.3166666666666655,Complacency / Late Cycle,REDUCE RISK,"{'final_decision': 'Wait', 'environment': 'Low stress but late-cycle complacency', 'action': 'Do not chase; keep dry powder', 'buy_trigger': 'SP500 drawdown > 5% or VIX > 25', 'risk_off_trigger': 'Credit spreads widen while VIX rises'}",Wait,Low stress but late-cycle complacency,Do not chase; keep dry powder,0.3,0.2,0.5,Neutral,"{'HY spread tightness': 18, 'Low VIX': 15, 'SP500 near highs': 12}","[('Benign Risk-On', np.float64(73.2)), ('Late-Cycle Melt-Up', np.float64(66.2)), ('COVID Crash', 0), ('Inflation / Duration Shock', 0), ('Credit Tightening', 0)]",0.044507063164829885,0.021195680751754598,0.06000000000000005,0.41000000000000014,6415.54,6415.54,-0.00779469033118152,-0.00779469033118152,0.014352118949448964,"('High', ['Limited decision sample size', 'No active shock flag', 'Signals mostly aligned', 'Labor warning low'])",High,"['Limited decision sample size', 'No active shock flag', 'Signals mostly aligned', 'Labor warning low']"
2025-08-27,4.24,3.59,0.6500000000000004,Normal,4.3,-0.53,-0.48360000000000003,2.78,6481.4,14.85,2.43,0.09999999999999964,0.12000000000000055,0.10000000000000053,-0.2200000000000002,-1.2399999999999998,-0.16000000000000014,-0.27,0.04999999999999982,-0.010266666666666702,-2.3100000000000005,-0.8399999999999999,0.013386952021489096,0.03475581525296545,4.0,0.2999999999999998,6481.4,0.0,1.81,-0.2999999999999998,0.12000000000000055,-0.972531817998311,Neutral,Low,Risk-On Confirmation,Neutral,0,60,No Shock,14.0,0,0,0,0,22.257142857142856,16.19047619047619,10.0,0.0,0.0,22.0,54.8,-7.995238095238101,0.9523809523809526,55,69,0,52.8,64.9,0.0,Moderate,Low,Low,Easy / Supportive,SUPPORTIVE,Low,Moderate Divergence,Healthy,Elevated,Moderate Complacency,No Setup,RISK ON,NO TRADE,-3.521428571428574,Complacency / Late Cycle,REDUCE RISK,"{'final_decision': 'Wait', 'environment': 'Low stress but late-cycle complacency', 'action': 'Do not chase; keep dry powder', 'buy_trigger': 'SP500 drawdown > 5% or VIX > 25', 'risk_off_trigger': 'Credit spreads widen while VIX rises'}",Wait,Low stress but late-cycle complacency,Do not chase; keep dry powder,0.3,0.2,0.5,Neutral,"{'HY spread tightness': 18, 'Low VIX': 15, 'SP500 near highs': 12}","[('Benign Risk-On', np.float64(73.8)), ('Late-Cycle Melt-Up', np.float64(66.5)), ('COVID Crash', 0), ('Inflation / Duration Shock', 0), ('Credit Tightening', 0)]",0.0391443206714599,0.03451723393094097,0.17000000000000037,0.3700000000000001,6415.54,6415.54,-0.010161384885981395,-0.010161384885981395,0.012743296201437968,"('High', ['Limited decision sample size', 'No active shock flag', 'Signals mostly aligned', 'Labor warning low'])",High,"['Limited decision sample size', 'No active shock flag', 'Signals mostly aligned', 'Labor warning low']"
2025-08-28,4.22,3.62,0.5999999999999996,Normal,4.3,-0.53,-0.48516666666666663,2.75,6501.86,14.43,2.41,0.09999999999999964,-0.07000000000000028,0.05999999999999961,-0.16000000000000014,-1.4100000000000001,-0.20000000000000018,-0.2799999999999998,0.11999999999999966,-0.013922222222222225,-2.09,-2.1700000000000017,0.020672917677236224,0.03247392558151363,4.0,0.2999999999999998,6501.86,0.0,1.8099999999999996,-0.3900000000000001,-0.07000000000000028,-0.9792164458937961,Neutral,Low,Risk-On Confirmation,Neutral,0,75,No Shock,15.0,0,0,0,0,21.357142857142858,15.476190476190476,9.523809523809524,0.0,0.0,16.5,54.8,-8.195238095238096,-0.23809523809523725,63,77,0,54.0,67.0,0.0,Moderate,Low,Low,Easy / Supportive,SUPPORTIVE,Low,Low Divergence,Healthy,Elevated,Moderate Complacency,No Setup,RISK ON,NO TRADE,-4.216666666666667,Complacency / Late Cycle,REDUCE RISK,"{'final_decision': 'Wait', 'environment': 'Low stress but late-cycle complacency', 'action': 'Do not chase; keep dry powder', 'buy_trigger': 'SP500 drawdown > 5% or VIX > 25', 'risk_off_trigger': 'Credit spreads widen while VIX rises'}",Wait,Low stress but late-cycle complacency,Do not chase; keep dry powder,0.3,0.2,0.5,Neutral,"{'HY spread tightness': 18, 'Low VIX': 15, 'SP500 near highs': 12}","[('Benign Risk-On', np.float64(72.7)), ('Late-Cycle Melt-Up', np.float64(68.4)), ('COVID Crash', 0), ('Inflation / Duration Shock', 0), ('Credit Tightening', 0)]",0.007790078531374256,0.04060684173451912,0.43000000000000016,0.3500000000000001,6415.54,6415.54,-0.013276200964031815,-0.013276200964031815,0.0033370235594122766,"('High', ['Limited decision sample size', 'No active shock flag', 'Signals mostly aligned', 'Labor warning low'])",High,"['Limited decision sample size', 'No active shock flag', 'Signals mostly aligned', 'Labor warning low']"
2025-08-29,4.23,3.59,0.6400000000000006,Normal,4.3,-0.531,-0.4866666666666667,2.82,6460.26,15.36,2.41,0.09999999999999964,-0.009999999999999787,0.06000000000000094,-0.11000000000000032,-1.1700000000000004,-0.06000000000000005,-0.2999999999999998,0.1899999999999995,-0.01646666666666674,-1.0500000000000007,1.1399999999999988,-0.0010283118212561781,0.025960846717136832,4.0,0.2999999999999998,6501.86,-0.0063981691392923645,1.8200000000000003,-0.31999999999999984,-0.009999999999999787,-0.9306351269603592,Neutral,Low,Risk-On Confirmation,Neutral,0,52,No Shock,14.2,15,0,0,0,20.41904761904762,16.19047619047619,9.047619047619047,0.0,0.0,11.0,54.8,-8.37619047619047,-0.23809523809523725,63,77,0,55.2,69.1,0.0,Moderate,Low,Low,Easy / Supportive,SUPPORTIVE,Low,Low Divergence,Healthy,Elevated,Moderate Complacency,No Setup,RISK ON,NO TRADE,-4.307142857142853,Complacency / Late Cycle,REDUCE RISK,"{'final_decision': 'Wait', 'environment': 'Low stress but late-cycle complacency', 'action': 'Do not chase; keep dry powder', 'buy_trigger': 'SP500 drawdown > 5% or VIX > 25', 'risk_off_trigger': 'Credit spreads widen while VIX rises'}",Wait,Low stress but late-cycle complacency,Do not chase; keep dry powder,0.3,0.2,0.5,Neutral,"{'HY spread tightness': 18, 'Low VIX': 15, 'SP500 near highs': 12}","[('Benign Risk-On', np.float64(71.2)), ('Late-Cycle Melt-Up', np.float64(69.9)), ('COVID Crash', 0), ('Inflation / Duration Shock', 0), ('Credit Tightening', 0)]",0.028489565435446895,0.05454114849866709,0.29000000000000004,0.18000000000000016,6415.54,6415.54,-0.006922322011807647,-0.006922322011807647,0.009546869630634069,"('High', ['Limited decision sample size', 'No active shock flag', 'Signals mostly aligned', 'Labor warning low'])",High,"['Limited decision sample size', 'No active shock flag', 'Signals mostly aligned', 'Labor warning low']"
2025-09-02,4.28,3.66,0.6200000000000001,Normal,4.4,-0.531,-0.4896666666666667,2.92,6415.54,17.17,2.41,0.20000000000000018,0.029999999999999805,0.06999999999999984,0.029999999999999805,-0.8300000000000001,0.1200000000000001,-0.29000000000000004,0.31999999999999984,-0.020511111111111202,0.5200000000000031,2.3800000000000026,-0.0036929365212475807,0.017435295610251034,4.0,0.40000000000000036,6501.86,-0.013276200964031815,1.87,-0.2400000000000002,0.029999999999999805,-0.6562760207835457,Neutral,Watch,Neutral,Neutral,55,27,No Shock,41.6,30,10,0,0,20.895238095238096,16.19047619047619,9.047619047619047,0.0,0.0,11.0,51.5,-7.142857142857146,-0.9523809523809526,41,64,0,54.2,69.9,0.0,Moderate,Low,Low,Easy / Supportive,SUPPORTIVE,Low,Low Divergence,Healthy,Elevated,Moderate Complacency,No Setup,RISK ON,NO TRADE,-4.047619047619049,Complacency / Late Cycle,REDUCE RISK,"{'final_decision': 'Wait', 'environment': 'Low stress but late-cycle complacency', 'action': 'Do not chase; keep dry powder', 'buy_trigger': 'SP500 drawdown > 5% or VIX > 25', 'risk_off_trigger': 'Credit spreads widen while VIX rises'}",Wait,Low stress but late-cycle complacency,Do not chase; keep dry powder,0.3,0.2,0.5,Neutral,"{'HY spread tightness': 18, 'Low VIX': 15, 'SP500 near highs': 12}","[('Late-Cycle Melt-Up', np.float64(70.4)), ('Benign Risk-On', np.float64(70.4)), ('COVID Crash', 0), ('Inflation / Duration Shock', 0), ('Credit Tightening', 0)]",0.039828291928660775,0.06757809942732806,0.03000000000000025,0.03000000000000025,6448.26,6448.26,0.005100116280157385,0.005100116280157385,0.012948487578598233,"('High', ['Limited decision sample size', 'No active shock flag', 'Signals mostly aligned', 'Labor warning watch'])",High,"['Limited decision sample size', 'No active shock flag', 'Signals mostly aligned', 'Labor warning watch']"
2025-09-03,4.22,3.61,0.6099999999999999,Normal,4.4,-0.531,-0.49116666666666664,2.88,6448.26,16.35,2.4,0.20000000000000018,0.05999999999999961,-0.040000000000000036,-0.020000000000000018,-0.8500000000000001,0.10000000000000009,-0.18999999999999995,0.16999999999999993,-0.023055555555555496,-0.14999999999999858,1.7300000000000022,-0.002734327878081033,0.021972797093961383,4.0,0.40000000000000036,6501.86,-0.00824379485254978,1.8199999999999998,-0.20000000000000062,0.05999999999999961,-0.9462257948730083,Neutral,Watch,Risk-On Confirmation,Neutral,0,52,No Shock,41.8,15,0,0,0,21.376190476190477,15.952380952380953,8.571428571428571,0.0,0.0,11.0,51.5,-5.890476190476193,-1.1904761904761898,63,77,0,54.2,69.9,0.0,Moderate,Low,Low,Easy / Supportive,SUPPORTIVE,Low,Low Divergence,Healthy,Elevated,Moderate Complacency,No Setup,RISK ON,NO TRADE,-3.540476190476191,Complacency / Late Cycle,REDUCE RISK,"{'final_decision': 'Wait', 'environment': 'Low stress but late-cycle complacency', 'action': 'Do not chase; keep dry powder', 'buy_trigger': 'SP500 drawdown > 5% or VIX > 25', 'risk_off_trigger': 'Credit spreads widen while VIX rises'}",Wait,Low stress but late-cycle complacency,Do not chase; keep dry powder,0.3,0.2,0.5,Neutral,"{'HY spread tightness': 18, 'Low VIX': 15, 'SP500 near highs': 12}","[('Late-Cycle Melt-Up', np.float64(70.3)), ('Benign Risk-On', np.float64(70.3)), ('COVID Crash', 0), ('Inflation / Duration Shock', 0), ('Credit Tightening', 0)]",0.028040122451638005,0.056506716540586144,0.16000000000000014,0.06000000000000005,6481.5,6481.5,0.005154878990611289,0.005154878990611289,0.009412036735491403,"('High', ['Limited decision sample size', 'No active shock flag', 'Signals mostly aligned', 'Labor warning watch'])",High,"['Limited decision sample size', 'No active shock flag', 'Signals mostly aligned', 'Labor warning watch']"
2025-09-04,4.17,3.59,0.5800000000000001,Normal,4.4,-0.531,-0.4926666666666667,2.84,6502.08,15.3,2.38,0.20000000000000018,0.03000000000000025,-0.07000000000000028,0.009999999999999787,-0.8300000000000001,0.06000000000000005,-0.29000000000000004,0.2999999999999998,-0.025533333333333352,-0.06999999999999851,0.45000000000000107,0.0031906686826921327,0.02251486496899635,4.0,0.40000000000000036,6502.08,0.0,1.79,-0.22999999999999998,0.03000000000000025,-1.1214578167324707,Neutral,Watch,Neutral,Neutral,55,52,No Shock,42.4,30,10,0,0,21.866666666666667,16.666666666666668,8.571428571428571,0.0,0.0,16.5,52.5,-4.609523809523807,-0.7142857142857117,51,56,0,54.2,69.1,0.0,Moderate,Low,Low,Easy / Supportive,SUPPORTIVE,Low,Low Divergence,Healthy,Elevated,Moderate Complacency,No Setup,RISK ON,NO TRADE,-2.6619047619047596,Complacency / Late Cycle,REDUCE RISK,"{'final_decision': 'Wait', 'environment': 'Low stress but late-cycle complacency', 'action': 'Do not chase; keep dry powder', 'buy_trigger': 'SP500 drawdown > 5% or VIX > 25', 'risk_off_trigger': 'Credit spreads widen while VIX rises'}",Wait,Low stress but late-cycle complacency,Do not chase; keep dry powder,0.3,0.2,0.5,Neutral,"{'HY spread tightness': 18, 'Low VIX': 15, 'SP500 near highs': 12}","[('Benign Risk-On', np.float64(70.6)), ('Late-Cycle Melt-Up', np.float64(69.5)), ('COVID Crash', 0), ('Inflation / Duration Shock', 0), ('Credit Tightening', 0)]",0.024904338304050366,0.050336200108273,0.20000000000000018,0.08000000000000007,6481.5,6481.5,-0.003165141001033489,-0.003165141001033489,0.00847130149121511,"('High', ['Limited decision sample size', 'No active shock flag', 'Signals mostly aligned', 'Labor warning watch'])",High,"['Limited decision sample size', 'No active shock flag', 'Signals mostly aligned', 'Labor warning watch']"
2025-09-05,4.1,3.51,0.5899999999999999,Normal,4.4,-0.531,-0.49402222222222225,2.83,6481.5,15.18,2.37,0.20000000000000018,0.02999999999999936,-0.009999999999999787,0.010000000000000231,-0.8999999999999999,0.08000000000000007,-0.30000000000000027,0.3100000000000005,-0.027866666666666706,-0.21000000000000085,0.75,-0.00313141162682673,0.018567264098312997,4.0,0.40000000000000036,6502.08,-0.003165141001033489,1.7299999999999995,-0.2500000000000009,0.02999999999999936,-1.4616154245005524,Neutral,Watch,Neutral,Neutral,55,37,No Shock,42.2,30,10,0,0,22.38095238095238,17.38095238095238,8.571428571428571,0.0,0.0,16.5,53.5,-3.30952380952381,-0.7142857142857153,51,56,0,55.2,68.3,0.0,Moderate,Low,Low,Easy / Supportive,SUPPORTIVE,Low,Low Divergence,Healthy,Elevated,Moderate Complacency,No Setup,RISK ON,NO TRADE,-2.0119047619047628,Complacency / Late Cycle,REDUCE RISK,"{'final_decision': 'Wait', 'environment': 'Low stress but late-cycle complacency', 'action': 'Do not chase; keep dry powder', 'buy_trigger': 'SP500 drawdown > 5% or VIX > 25', 'risk_off_trigger': 'Credit spreads widen while VIX rises'}",Wait,Low stress but late-cycle complacency,Do not chase; keep dry powder,0.3,0.2,0.5,Neutral,"{'HY spread tightness': 18, 'Low VIX': 15, 'SP500 near highs': 12}","[('Benign Risk-On', np.float64(70.8)), ('Late-Cycle Melt-Up', np.float64(68.7)), ('COVID Crash', 0), ('Inflation / Duration Shock', 0), ('Credit Tightening', 0)]",0.039131373910360256,0.05681092339736171,0.16000000000000014,0.06000000000000005,6495.15,6495.15,0.0021059939828742547,0.0021059939828742547,0.012739412173108075,"('High', ['Limited decision sample size', 'No active shock flag', 'Signals mostly aligned', 'Labor warning watch'])",High,"['Limited decision sample size', 'No active shock flag', 'Signals mostly aligned', 'Labor warning watch']"
2025-09-08,4.05,3.49,0.5599999999999996,Normal,4.4,-0.531,-0.4953777777777778,2.84,6495.15,15.11,2.35,0.20000000000000018,0.01999999999999913,-0.08000000000000096,0.0,-0.9000000000000004,0.020000000000000018,-0.28000000000000025,0.28000000000000025,-0.030200000000000005,0.17999999999999972,-0.25,0.005400711426474913,0.01667177990933899,4.0,0.40000000000000036,6502.08,-0.0010658127860623257,1.6999999999999997,-0.2600000000000007,0.01999999999999913,-1.6301646227583746,Neutral,Watch,Neutral,Neutral,0,37,No Shock,42.8,20,0,0,0,22.90952380952381,18.333333333333332,8.095238095238095,0.0,0.0,16.5,51.2,-1.9619047619047585,0.23809523809523725,33,56,0,53.0,67.0,0.0,Moderate,Low,Low,Easy / Supportive,SUPPORTIVE,Low,Low Divergence,Healthy,Elevated,Moderate Complacency,No Setup,RISK ON,NO TRADE,-0.8619047619047606,Complacency / Late Cycle,REDUCE RISK,"{'final_decision': 'Wait', 'environment': 'Low stress but late-cycle complacency', 'action': 'Do not chase; keep dry powder', 'buy_trigger': 'SP500 drawdown > 5% or VIX > 25', 'risk_off_trigger': 'Credit spreads widen while VIX rises'}",Wait,Low stress but late-cycle complacency,Do not chase; keep dry powder,0.3,0.2,0.5,Neutral,"{'HY spread tightness': 18, 'Low VIX': 15, 'SP500 near highs': 12}","[('Benign Risk-On', np.float64(71.4)), ('Late-Cycle Melt-Up', np.float64(67.4)), ('COVID Crash', 0), ('Inflation / Duration Shock', 0), ('Credit Tightening', 0)]",0.03698143999753678,0.0557292749205176,0.13000000000000034,0.040000000000000036,6512.61,6512.61,0.0026881596267984698,0.0026881596267984698,0.012094431999261034,"('High', ['Limited decision sample size', 'No active shock flag', 'Signals mostly aligned', 'Labor warning watch'])",High,"['Limited decision sample size', 'No active shock flag', 'Signals mostly aligned', 'Labor warning watch']"
2025-09-09,4.08,3.54,0.54,Normal,4.4,-0.531,-0.49673333333333336,2.87,6512.61,15.04,2.36,0.20000000000000018,-0.029999999999999805,-0.08000000000000007,0.050000000000000266,-1.0699999999999998,-0.04999999999999982,-0.3500000000000001,0.40000000000000036,-0.03253333333333336,0.009999999999999787,-2.1300000000000026,0.015130448878815983,0.019224479128356675,4.0,0.40000000000000036,6512.61,0.0,1.7200000000000002,-0.21999999999999975,-0.029999999999999805,-1.5178572683020448,Neutral,Watch,Neutral,Neutral,55,52,No Shock,43.2,40,10,0,0,23.46666666666667,20.238095238095237,8.095238095238095,0.0,0.0,22.0,50.4,-0.5904761904761884,2.8571428571428577,33,56,0,50.8,65.7,0.0,Moderate,Moderate,Low,Easy / Supportive,SUPPORTIVE,Low,Moderate Divergence,Healthy,Elevated,Moderate Complacency,No Setup,RISK ON,NO TRADE,1.1333333333333346,Early Deterioration,MONITOR,"{'final_decision': 'Neutral', 'environment': 'Mixed / neutral', 'action': 'Neutral positioning', 'buy_trigger': 'Wait for clearer mean-reversion or benign setup', 'risk_off_trigger': 'Shock flag or rising macro/credit stress'}",Neutral,Mixed / neutral,Neutral positioning,0.45,0.25,0.3,Neutral,"{'HY spread tightness': 18, 'Low VIX': 15, 'SP500 near highs': 12}","[('Benign Risk-On', np.float64(71.5)), ('Late-Cycle Melt-Up', np.float64(65.8)), ('COVID Crash', 0), ('Inflation / Duration Shock', 0), ('Credit Tightening', 0)]",0.028681281391024438,0.054938035595559986,0.13999999999999968,-0.020000000000000018,6532.04,6532.04,0.0029834428900241683,0.0029834428900241683,0.013506576625960998,"('High', ['Adequate decision sample size', 'No active shock flag', 'Signals mostly aligned', 'Labor warning watch'])",High,"['Adequate decision sample size', 'No active shock flag', 'Signals mostly aligned', 'Labor warning watch']"
2025-09-10,4.04,3.54,0.5,Normal,4.4,-0.531,-0.49808888888888886,2.84,6532.04,15.35,2.35,0.10000000000000053,-0.04999999999999982,-0.10999999999999988,-0.020000000000000018,-0.94,-0.040000000000000036,-0.3200000000000003,0.30000000000000027,-0.03486666666666666,-0.6300000000000008,-1.0000000000000018,0.012992652281390571,0.025299567091413122,4.0,0.40000000000000036,6532.04,0.0,1.69,-0.31000000000000005,-0.04999999999999982,-1.6878815207155267,Neutral,Watch,Risk-On Confirmation,Neutral,0,52,No Shock,32.0,15,0,0,0,24.11904761904762,20.952380952380953,7.619047619047619,0.0,0.0,22.0,49.6,0.9476190476190496,4.0476190476190474,47,61,0,50.0,64.9,0.0,Moderate,Moderate,Low,Easy / Supportive,SUPPORTIVE,Low,Moderate Divergence,Healthy,Elevated,Moderate Complacency,No Setup,RISK ON,NO TRADE,2.4976190476190485,Early Deterioration,MONITOR,"{'final_decision': 'Neutral', 'environment': 'Mixed / neutral', 'action': 'Neutral positioning', 'buy_trigger': 'Wait for clearer mean-reversion or benign setup', 'risk_off_trigger': 'Shock flag or rising macro/credit stress'}",Neutral,Mixed / neutral,Neutral positioning,0.45,0.25,0.3,Neutral,"{'HY spread tightness': 18, 'Low VIX': 15, 'SP500 near highs': 12}","[('Benign Risk-On', np.float64(71.4)), ('Late-Cycle Melt-Up', np.float64(64.9)), ('COVID Crash', 0), ('Inflation / Duration Shock', 0), ('Credit Tightening', np.float64(0.0))]",0.031598091867165445,0.048142693553621774,0.1200000000000001,0.050000000000000266,6552.51,6538.76,0.003133783626554587,0.0010287750840471954,0.01481914134022445,"('High', ['Adequate decision sample size', 'No active shock flag', 'Signals mostly aligned', 'Labor warning watch'])",High,"['Adequate decision sample size', 'No active shock flag', 'Signals mostly aligned', 'Labor warning watch']"
2025-09-11,4.01,3.52,0.48999999999999977,Normal,4.4,-0.531,-0.49944444444444447,2.78,6587.47,14.71,2.34,0.10000000000000053,-0.010000000000000231,-0.0900000000000003,-0.11000000000000032,-0.8200000000000003,-0.06000000000000005,-0.20999999999999996,0.09999999999999964,-0.03710000000000008,-0.7699999999999996,-0.5899999999999999,0.013132720606329196,0.03529365540869733,4.0,0.40000000000000036,6587.47,0.0,1.67,-0.3900000000000001,-0.010000000000000231,-1.799886654598752,Neutral,Watch,Risk-On Confirmation,Neutral,0,60,No Shock,32.2,0,0,0,0,24.84761904761905,20.238095238095237,7.142857142857143,0.0,0.0,22.0,49.6,2.5904761904761955,4.0476190476190474,47,61,0,49.2,64.1,0.0,Moderate,Moderate,Low,Easy / Supportive,SUPPORTIVE,Low,Moderate Divergence,Healthy,Elevated,Moderate Complacency,No Setup,RISK ON,NO TRADE,3.3190476190476215,Early Deterioration,MONITOR,"{'final_decision': 'Neutral', 'environment': 'Mixed / neutral', 'action': 'Neutral positioning', 'buy_trigger': 'Wait for clearer mean-reversion or benign setup', 'risk_off_trigger': 'Shock flag or rising macro/credit stress'}",Neutral,Mixed / neutral,Neutral positioning,0.45,0.25,0.3,Neutral,"{'HY spread tightness': 18, 'Low VIX': 15, 'SP500 near highs': 12}","[('Benign Risk-On', np.float64(71.9)), ('Late-Cycle Melt-Up', np.float64(64.3)), ('Credit Tightening', np.float64(0.1)), ('COVID Crash', 0), ('Inflation / Duration Shock', 0)]",0.03100127970222255,0.03841231914528653,0.10000000000000009,0.11000000000000032,6552.51,6538.76,-0.005307045041571312,-0.007394341074798083,0.014550575866000148,"('High', ['Adequate decision sample size', 'No active shock flag', 'Signals mostly aligned', 'Labor warning watch'])",High,"['Adequate decision sample size', 'No active shock flag', 'Signals mostly aligned', 'Labor warning watch']"
2025-09-12,4.06,3.56,0.49999999999999956,Normal,4.4,-0.531,-0.5006111111111111,2.79,6584.29,14.76,2.36,0.10000000000000053,-0.030000000000000693,-0.0900000000000003,-0.06999999999999984,-0.81,-0.040000000000000036,-0.31000000000000005,0.2400000000000002,-0.03914444444444448,-1.959999999999999,-0.41999999999999993,0.015858983260047754,0.03863147716105164,4.0,0.40000000000000036,6587.47,-0.0004827346462299431,1.6999999999999997,-0.3800000000000008,-0.030000000000000693,-1.6326860325075303,Neutral,Watch,Risk-On Confirmation,Neutral,0,75,No Shock,32.0,15,0,0,0,25.571428571428573,20.238095238095237,6.666666666666667,0.0,0.0,22.0,49.6,4.214285714285715,4.761904761904761,47,65,0,47.6,62.9,0.0,Moderate,Moderate,Low,Easy / Supportive,SUPPORTIVE,Low,Moderate Divergence,Healthy,Elevated,Moderate Complacency,No Setup,RISK ON,NO TRADE,4.488095238095238,Early Deterioration,MONITOR,"{'final_decision': 'Neutral', 'environment': 'Mixed / neutral', 'action': 'Neutral positioning', 'buy_trigger': 'Wait for clearer mean-reversion or benign setup', 'risk_off_trigger': 'Shock flag or rising macro/credit stress'}",Neutral,Mixed / neutral,Neutral positioning,0.45,0.25,0.3,Neutral,"{'HY spread tightness': 18, 'Low VIX': 15, 'SP500 near highs': 12}","[('Benign Risk-On', np.float64(72.3)), ('Late-Cycle Melt-Up', np.float64(63.2)), ('Credit Tightening', np.float64(0.7)), ('COVID Crash', 0), ('Inflation / Duration Shock', 0)]",0.04417636525730173,0.045925984426566924,0.009999999999999787,0.1200000000000001,6552.51,6538.76,-0.004826640381878633,-0.00691494451186081,0.02047936436578578,"('High', ['Adequate decision sample size', 'No active shock flag', 'Signals mostly aligned', 'Labor warning watch'])",High,"['Adequate decision sample size', 'No active shock flag', 'Signals mostly aligned', 'Labor warning watch']"
2025-09-15,4.05,3.54,0.5099999999999998,Normal,4.4,-0.531,-0.5017777777777778,2.75,6615.28,15.69,2.37,0.10000000000000053,-0.010000000000000231,-0.04999999999999982,-0.3799999999999999,-0.9100000000000001,-0.08999999999999986,-0.03000000000000025,-0.34999999999999964,-0.04118888888888883,-4.6899999999999995,0.5800000000000001,0.01849533882974219,0.06047922334205924,4.0,0.40000000000000036,6615.28,0.0,1.6799999999999997,-0.3600000000000003,-0.010000000000000231,-1.7515494641063283,Neutral,Watch,Risk-On Confirmation,Neutral,0,77,No Shock,31.8,0,0,0,0,26.27619047619048,18.80952380952381,5.714285714285714,0.0,0.0,22.0,52.1,5.857142857142858,2.6190476190476204,60,72,0,47.3,62.4,0.0,Moderate,Low,Low,Easy / Supportive,SUPPORTIVE,Low,Moderate Divergence,Healthy,Elevated,Moderate Complacency,No Setup,RISK ON,NO TRADE,4.238095238095239,Early Deterioration,MONITOR,"{'final_decision': 'Neutral', 'environment': 'Mixed / neutral', 'action': 'Neutral positioning', 'buy_trigger': 'Wait for clearer mean-reversion or benign setup', 'risk_off_trigger': 'Shock flag or rising macro/credit stress'}",Neutral,Mixed / neutral,Neutral positioning,0.45,0.25,0.3,Neutral,"{'HY spread tightness': 18, 'Low VIX': 15, 'HY spread compression': 14, 'SP500 near highs': 12}","[('Benign Risk-On', np.float64(72.7)), ('Late-Cycle Melt-Up', np.float64(63.0)), ('Credit Tightening', np.float64(0.2)), ('COVID Crash', 0), ('Inflation / Duration Shock', 0)]",0.041662635595167696,0.04319091557726962,0.06999999999999984,0.1299999999999999,6552.51,6538.76,-0.009488638424979712,-0.011567159666710958,0.019348186017825463,"('High', ['Adequate decision sample size', 'No active shock flag', 'Signals mostly aligned', 'Labor warning watch'])",High,"['Adequate decision sample size', 'No active shock flag', 'Signals mostly aligned', 'Labor warning watch']"
2025-09-16,4.04,3.51,0.5300000000000002,Normal,4.4,-0.531,-0.5029444444444444,2.79,6606.76,16.36,2.37,0.10000000000000053,0.050000000000000266,-0.009999999999999787,-0.22999999999999998,-0.8799999999999999,-0.08000000000000007,-0.10999999999999988,-0.1200000000000001,-0.04323333333333329,-1.1600000000000001,1.3200000000000003,0.014456569639514916,0.043731852118661596,4.0,0.40000000000000036,6615.28,-0.00128792734396721,1.67,-0.33999999999999986,0.050000000000000266,-1.8149315532414352,Neutral,Watch,Risk-On Confirmation,Neutral,0,52,No Shock,31.4,0,0,0,0,27.0,16.904761904761905,4.761904761904762,0.0,0.0,16.5,54.6,6.104761904761904,0.7142857142857153,47,65,0,47.9,62.5,0.0,Moderate,Low,Low,Easy / Supportive,SUPPORTIVE,Low,Low Divergence,Healthy,Elevated,Moderate Complacency,No Setup,RISK ON,NO TRADE,3.40952380952381,Early Deterioration,MONITOR,"{'final_decision': 'Neutral', 'environment': 'Mixed / neutral', 'action': 'Neutral positioning', 'buy_trigger': 'Wait for clearer mean-reversion or benign setup', 'risk_off_trigger': 'Shock flag or rising macro/credit stress'}",Neutral,Mixed / neutral,Neutral positioning,0.45,0.25,0.3,Neutral,"{'HY spread tightness': 18, 'Low VIX': 15, 'SP500 near highs': 12}","[('Benign Risk-On', np.float64(72.7)), ('Late-Cycle Melt-Up', np.float64(63.3)), ('COVID Crash', 0), ('Inflation / Duration Shock', 0), ('Credit Tightening', 0)]",0.04296054344338218,0.033397610931833466,-0.03000000000000025,0.1200000000000001,6552.51,6538.76,-0.008211286621581548,-0.010292488299862512,0.019932244549521982,"('High', ['Adequate decision sample size', 'No active shock flag', 'Signals mostly aligned', 'Labor warning watch'])",High,"['Adequate decision sample size', 'No active shock flag', 'Signals mostly aligned', 'Labor warning watch']"
2025-09-17,4.06,3.52,0.5399999999999996,Normal,4.4,-0.531,-0.5041111111111111,2.79,6600.35,15.72,2.38,0.10000000000000053,0.0699999999999994,0.03999999999999959,-0.18999999999999995,-0.7199999999999998,-0.04999999999999982,-0.14000000000000012,-0.04999999999999982,-0.045277777777777695,-2.130000000000001,0.370000000000001,0.010457682439176885,0.04780932151594097,4.0,0.40000000000000036,6615.28,-0.002256896155567012,1.6799999999999997,-0.40000000000000036,0.0699999999999994,-1.7626315153844248,Neutral,Watch,Risk-On Confirmation,Neutral,0,52,No Shock,31.2,0,0,0,0,27.714285714285715,15.0,3.8095238095238093,0.0,0.0,16.5,54.6,6.338095238095239,-0.9523809523809526,55,65,0,47.1,61.3,0.0,Moderate,Low,Low,Easy / Supportive,SUPPORTIVE,Low,Low Divergence,Healthy,Elevated,Moderate Complacency,No Setup,RISK ON,NO TRADE,2.692857142857143,Early Deterioration,MONITOR,"{'final_decision': 'Neutral', 'environment': 'Mixed / neutral', 'action': 'Neutral positioning', 'buy_trigger': 'Wait for clearer mean-reversion or benign setup', 'risk_off_trigger': 'Shock flag or rising macro/credit stress'}",Neutral,Mixed / neutral,Neutral positioning,0.45,0.25,0.3,Neutral,"{'HY spread tightness': 18, 'Low VIX': 15, 'SP500 near highs': 12}","[('Benign Risk-On', np.float64(73.5)), ('Late-Cycle Melt-Up', np.float64(62.4)), ('COVID Crash', 0), ('Inflation / Duration Shock', 0), ('Credit Tightening', 0)]",0.03363306491322415,0.03274977842084126,0.06000000000000005,0.1200000000000001,6552.51,6538.76,-0.00724810047952007,-0.009331323338913844,0.01573487921095087,"('High', ['Adequate decision sample size', 'No active shock flag', 'Signals mostly aligned', 'Labor warning watch'])",High,"['Adequate decision sample size', 'No active shock flag', 'Signals mostly aligned', 'Labor warning watch']"
2025-09-18,4.11,3.57,0.5400000000000005,Normal,4.4,-0.531,-0.5052777777777778,2.71,6631.96,15.7,2.38,0.10000000000000053,0.050000000000000266,0.05000000000000071,-0.27,-0.8199999999999998,-0.06999999999999984,-0.08000000000000007,-0.18999999999999995,-0.04718888888888895,-1.0700000000000003,0.9899999999999984,0.0067537309467822215,0.04521627849066823,4.0,0.40000000000000036,6631.96,0.0,1.7300000000000004,-0.34999999999999964,0.050000000000000266,-1.4888812102212148,Neutral,Watch,Risk-On Confirmation,Neutral,0,52,No Shock,31.2,0,0,0,0,28.419047619047618,14.285714285714286,3.3333333333333335,0.0,0.0,11.0,54.6,6.55238095238095,-2.3809523809523814,55,72,0,47.5,62.9,0.0,Moderate,Low,Low,Easy / Supportive,SUPPORTIVE,Low,Low Divergence,Healthy,Elevated,Moderate Complacency,No Setup,RISK ON,NO TRADE,2.0857142857142845,Early Deterioration,MONITOR,"{'final_decision': 'Neutral', 'environment': 'Mixed / neutral', 'action': 'Neutral positioning', 'buy_trigger': 'Wait for clearer mean-reversion or benign setup', 'risk_off_trigger': 'Shock flag or rising macro/credit stress'}",Neutral,Mixed / neutral,Neutral positioning,0.45,0.25,0.3,Neutral,"{'HY spread tightness': 18, 'Low VIX': 15, 'SP500 near highs': 12}","[('Benign Risk-On', np.float64(72.1)), ('Late-Cycle Melt-Up', np.float64(63.5)), ('COVID Crash', 0), ('Inflation / Duration Shock', 0), ('Credit Tightening', 0)]",0.031399465618007216,0.02537711325158787,0.22999999999999998,0.27,6552.51,6538.76,-0.011979867188583793,-0.014053160754889937,0.014729759528103247,"('High', ['Adequate decision sample size', 'No active shock flag', 'Signals mostly aligned', 'Labor warning watch'])",High,"['Adequate decision sample size', 'No active shock flag', 'Signals mostly aligned', 'Labor warning watch']"
2025-09-19,4.14,3.57,0.5699999999999998,Normal,4.4,-0.529,-0.5062222222222222,2.72,6664.36,15.45,2.39,0.10000000000000053,0.09999999999999964,0.07000000000000028,-0.22999999999999998,-0.4299999999999997,-0.06999999999999984,-0.08999999999999986,-0.14000000000000012,-0.0488777777777778,-1.120000000000001,0.6899999999999995,0.01216076448637593,0.051160883280757075,4.0,0.40000000000000036,6664.36,0.0,1.7499999999999996,-0.4100000000000006,0.09999999999999964,-1.391557329914652,Neutral,Watch,Risk-On Confirmation,Neutral,0,62,No Shock,30.6,0,0,0,0,29.104761904761908,12.857142857142858,2.857142857142857,0.0,0.0,5.5,57.1,6.723809523809528,-4.523809523809522,55,72,0,47.9,64.5,0.0,Moderate,Low,Low,Easy / Supportive,SUPPORTIVE,Low,Low Divergence,Healthy,Elevated,Moderate Complacency,No Setup,RISK ON,NO TRADE,1.1000000000000032,Early Deterioration,MONITOR,"{'final_decision': 'Neutral', 'environment': 'Mixed / neutral', 'action': 'Neutral positioning', 'buy_trigger': 'Wait for clearer mean-reversion or benign setup', 'risk_off_trigger': 'Shock flag or rising macro/credit stress'}",Neutral,Mixed / neutral,Neutral positioning,0.45,0.25,0.3,Neutral,"{'HY spread tightness': 18, 'Low VIX': 15, 'SP500 near highs': 12}","[('Benign Risk-On', np.float64(70.8)), ('Late-Cycle Melt-Up', np.float64(64.5)), ('COVID Crash', 0), ('Inflation / Duration Shock', 0), ('Credit Tightening', 0)]",0.028151240329153948,0.008563462958183665,0.31999999999999984,0.27,6552.51,6538.76,-0.016783307024230254,-0.018846520896230068,0.013268058148119277,"('High', ['Adequate decision sample size', 'No active shock flag', 'Signals mostly aligned', 'Labor warning watch'])",High,"['Adequate decision sample size', 'No active shock flag', 'Signals mostly aligned', 'Labor warning watch']"
2025-09-22,4.15,3.61,0.5400000000000005,Normal,4.4,-0.529,-0.5071666666666667,2.69,6693.75,16.1,2.37,0.10000000000000053,0.06999999999999984,0.030000000000000693,-0.25,-0.3999999999999999,-0.06000000000000005,-0.10000000000000009,-0.1499999999999999,-0.05056666666666665,0.9500000000000011,0.4100000000000019,0.011861931770083878,0.04762538246640946,4.0,0.40000000000000036,6693.75,0.0,1.7800000000000002,-0.3900000000000001,0.06999999999999984,-1.2364348652141102,Neutral,Watch,Risk-On Confirmation,Neutral,0,52,No Shock,31.2,0,0,0,0,29.819047619047616,11.428571428571429,1.9047619047619047,0.0,0.0,5.5,58.6,6.9095238095238045,-6.904761904761903,45,72,0,49.1,66.1,0.0,Moderate,Low,Low,Easy / Supportive,SUPPORTIVE,Low,Low Divergence,Healthy,Elevated,Moderate Complacency,No Setup,RISK ON,NO TRADE,0.002380952380950596,Early Deterioration,MONITOR,"{'final_decision': 'Neutral', 'environment': 'Mixed / neutral', 'action': 'Neutral positioning', 'buy_trigger': 'Wait for clearer mean-reversion or benign setup', 'risk_off_trigger': 'Shock flag or rising macro/credit stress'}",Neutral,Mixed / neutral,Neutral positioning,0.45,0.25,0.3,Neutral,"{'HY spread tightness': 18, 'Low VIX': 15, 'SP500 near highs': 12}","[('Benign Risk-On', np.float64(69.3)), ('Late-Cycle Melt-Up', np.float64(65.5)), ('COVID Crash', 0), ('Inflation / Duration Shock', 0), ('Credit Tightening', 0)]",0.011622782446311986,0.012102334267040105,0.43999999999999995,0.26000000000000023,6552.51,6538.76,-0.02110028011204479,-0.023154435107376248,0.0058302521008403935,"('High', ['Adequate decision sample size', 'No active shock flag', 'Signals mostly aligned', 'Labor warning watch'])",High,"['Adequate decision sample size', 'No active shock flag', 'Signals mostly aligned', 'Labor warning watch']"
2025-09-23,4.12,3.53,0.5900000000000003,Normal,4.4,-0.529,-0.5081111111111112,2.71,6656.92,16.64,2.37,0.10000000000000053,0.10999999999999988,0.06000000000000005,-0.22999999999999998,-0.3900000000000001,-0.08000000000000007,-0.08000000000000007,-0.1499999999999999,-0.05225555555555561,0.39000000000000057,0.28000000000000114,0.007592223722369118,0.044476696294785345,4.0,0.40000000000000036,6693.75,-0.005502147525676904,1.75,-0.41000000000000014,0.10999999999999988,-1.428400518399991,Neutral,Watch,Risk-On Confirmation,Neutral,0,52,No Shock,30.2,0,0,0,0,30.523809523809526,10.714285714285714,1.9047619047619047,0.0,0.0,0.0,58.6,7.057142857142857,-9.523809523809524,45,72,0,50.3,67.7,0.0,Moderate,Low,Low,Easy / Supportive,SUPPORTIVE,Low,Low Divergence,Healthy,Elevated,Moderate Complacency,No Setup,NEUTRAL,NO TRADE,-1.2333333333333334,Stable / Neutral,NEUTRAL,"{'final_decision': 'Neutral', 'environment': 'Mixed / neutral', 'action': 'Neutral positioning', 'buy_trigger': 'Wait for clearer mean-reversion or benign setup', 'risk_off_trigger': 'Shock flag or rising macro/credit stress'}",Neutral,Mixed / neutral,Neutral positioning,0.45,0.25,0.3,Neutral,"{'HY spread tightness': 18, 'Low VIX': 15, 'SP500 near highs': 12}","[('Benign Risk-On', np.float64(67.8)), ('Late-Cycle Melt-Up', np.float64(66.3)), ('COVID Crash', 0), ('Inflation / Duration Shock', 0), ('Credit Tightening', 0)]",0.020936108590759783,0.02667600031245687,0.33999999999999986,0.18999999999999995,6552.51,6538.76,-0.015684430637592173,-0.01774995042752503,0.010021248865841903,"('High', ['Adequate decision sample size', 'No active shock flag', 'Signals partly aligned', 'Labor warning watch'])",High,"['Adequate decision sample size', 'No active shock flag', 'Signals partly aligned', 'Labor warning watch']"
2025-09-24,4.16,3.57,0.5900000000000003,Normal,4.4,-0.529,-0.5090555555555555,2.7,6637.97,16.18,2.38,0.10000000000000053,0.10000000000000009,0.05000000000000071,-0.22999999999999998,-0.5,-0.08999999999999986,-0.029999999999999805,-0.20000000000000018,-0.05394444444444435,1.4499999999999993,0.4599999999999991,0.0056996977433014795,0.029819602343245766,4.0,0.40000000000000036,6693.75,-0.008333146591970042,1.7800000000000002,-0.33000000000000007,0.10000000000000009,-1.2678795619333842,Neutral,Watch,Risk-On Confirmation,Neutral,0,52,No Shock,30.2,0,0,0,0,31.200000000000003,10.714285714285714,1.9047619047619047,0.0,0.0,0.0,58.6,7.080952380952382,-10.238095238095239,52,72,0,50.8,68.8,0.0,Moderate,Low,Low,Easy / Supportive,SUPPORTIVE,Low,Low Divergence,Healthy,Elevated,Moderate Complacency,No Setup,NEUTRAL,NO TRADE,-1.5785714285714283,Stable / Neutral,NEUTRAL,"{'final_decision': 'Neutral', 'environment': 'Mixed / neutral', 'action': 'Neutral positioning', 'buy_trigger': 'Wait for clearer mean-reversion or benign setup', 'risk_off_trigger': 'Shock flag or rising macro/credit stress'}",Neutral,Mixed / neutral,Neutral positioning,0.45,0.25,0.3,Neutral,"{'HY spread tightness': 18, 'Low VIX': 15, 'SP500 near highs': 12}","[('Late-Cycle Melt-Up', np.float64(66.6)), ('Benign Risk-On', np.float64(66.6)), ('COVID Crash', 0), ('Inflation / Duration Shock', 0), ('Credit Tightening', 0)]",0.012405901201722802,0.03623396912007726,0.4299999999999997,0.17999999999999972,6552.51,6538.76,-0.012874417931988291,-0.014945834343933484,0.006182655540775261,"('High', ['Adequate decision sample size', 'No active shock flag', 'Signals partly aligned', 'Labor warning watch'])",High,"['Adequate decision sample size', 'No active shock flag', 'Signals partly aligned', 'Labor warning watch']"
2025-09-25,4.18,3.64,0.5399999999999996,Normal,4.4,-0.529,-0.51,2.76,6604.72,16.74,2.38,0.10000000000000053,0.08999999999999986,-8.881784197001252e-16,-0.14000000000000012,-0.40000000000000036,0.04999999999999982,-0.010000000000000231,-0.1299999999999999,-0.055499999999999994,2.2499999999999982,1.0399999999999991,-0.004107383036085821,0.021362141966851045,4.0,0.40000000000000036,6693.75,-0.013300466853408022,1.7999999999999998,-0.29000000000000004,0.08999999999999986,-1.1641593412094762,Neutral,Watch,Risk-On Confirmation,Neutral,0,42,No Shock,31.2,10,5,0,0,32.01904761904762,10.476190476190476,2.142857142857143,0.0,0.0,0.0,56.8,7.171428571428567,-9.761904761904761,45,65,0,50.6,69.2,0.0,Moderate,Low,Low,Easy / Supportive,SUPPORTIVE,Low,Low Divergence,Healthy,Elevated,Moderate Complacency,No Setup,NEUTRAL,NO TRADE,-1.2952380952380969,Stable / Neutral,NEUTRAL,"{'final_decision': 'Neutral', 'environment': 'Mixed / neutral', 'action': 'Neutral positioning', 'buy_trigger': 'Wait for clearer mean-reversion or benign setup', 'risk_off_trigger': 'Shock flag or rising macro/credit stress'}",Neutral,Mixed / neutral,Neutral positioning,0.45,0.25,0.3,Neutral,"{'HY spread tightness': 18, 'Low VIX': 15, 'SP500 near highs': 12}","[('Late-Cycle Melt-Up', np.float64(66.5)), ('Benign Risk-On', np.float64(65.8)), ('COVID Crash', 0), ('Inflation / Duration Shock', 0), ('Credit Tightening', 0)]",0.018786564759747604,0.04618969464261924,0.3900000000000001,0.07000000000000028,6552.51,6538.76,-0.007904952821618516,-0.009986797320703955,0.009053954141886422,"('High', ['Adequate decision sample size', 'No active shock flag', 'Signals partly aligned', 'Labor warning watch'])",High,"['Adequate decision sample size', 'No active shock flag', 'Signals partly aligned', 'Labor warning watch']"
2025-09-26,4.2,3.63,0.5700000000000003,Normal,4.4,-0.529,-0.5107888888888888,2.75,6643.7,15.29,2.38,0.10000000000000053,0.08000000000000052,4.440892098500626e-16,-0.14000000000000012,-0.45999999999999996,0.029999999999999805,0.010000000000000231,-0.15000000000000036,-0.05689999999999995,0.4599999999999991,-0.16000000000000014,-0.0031000726251282362,0.027078753474508943,4.0,0.40000000000000036,6693.75,-0.0074771241830066115,1.8200000000000003,-0.2799999999999998,0.08000000000000052,-1.0596098310058855,Neutral,Watch,Risk-On Confirmation,Neutral,0,52,No Shock,30.6,0,0,0,0,32.80952380952381,10.476190476190476,2.142857142857143,0.0,0.0,0.0,54.5,7.238095238095237,-9.761904761904761,45,65,0,50.4,69.2,0.0,Moderate,Low,Low,Easy / Supportive,SUPPORTIVE,Low,Low Divergence,Healthy,Elevated,Moderate Complacency,No Setup,NEUTRAL,NO TRADE,-1.2619047619047619,Stable / Neutral,NEUTRAL,"{'final_decision': 'Neutral', 'environment': 'Mixed / neutral', 'action': 'Neutral positioning', 'buy_trigger': 'Wait for clearer mean-reversion or benign setup', 'risk_off_trigger': 'Shock flag or rising macro/credit stress'}",Neutral,Mixed / neutral,Neutral positioning,0.45,0.25,0.3,Neutral,"{'HY spread tightness': 18, 'Low VIX': 15, 'SP500 near highs': 12}","[('Late-Cycle Melt-Up', np.float64(66.1)), ('Benign Risk-On', np.float64(65.3)), ('COVID Crash', 0), ('Inflation / Duration Shock', 0), ('Credit Tightening', 0)]",0.02840736336679872,0.04340201995875792,0.27,0.08999999999999986,6552.51,6538.76,-0.013725785330463425,-0.015795415205382524,0.013383313515059425,"('High', ['Adequate decision sample size', 'No active shock flag', 'Signals partly aligned', 'Labor warning watch'])",High,"['Adequate decision sample size', 'No active shock flag', 'Signals partly aligned', 'Labor warning watch']"
2025-09-29,4.15,3.63,0.5200000000000005,Normal,4.4,-0.529,-0.5115777777777778,2.74,6661.21,16.12,2.35,0.10000000000000053,0.010000000000000231,-0.020000000000000018,-0.13999999999999968,-0.45999999999999996,0.050000000000000266,0.08000000000000007,-0.21999999999999975,-0.058300000000000074,1.0300000000000011,0.019999999999999574,-0.00486125116713354,0.032777760550714685,4.0,0.40000000000000036,6693.75,-0.00486125116713354,1.8000000000000003,-0.33000000000000007,0.010000000000000231,-1.2026376731875683,Neutral,Watch,Risk-On Confirmation,Neutral,0,52,No Shock,31.6,0,0,0,0,33.6,10.476190476190476,2.142857142857143,0.0,0.0,0.0,52.0,7.323809523809523,-8.333333333333334,45,72,0,48.9,69.2,0.0,Moderate,Low,Low,Easy / Supportive,SUPPORTIVE,Low,Low Divergence,Healthy,Elevated,Moderate Complacency,No Setup,NEUTRAL,NO TRADE,-0.5047619047619056,Stable / Neutral,NEUTRAL,"{'final_decision': 'Neutral', 'environment': 'Mixed / neutral', 'action': 'Neutral positioning', 'buy_trigger': 'Wait for clearer mean-reversion or benign setup', 'risk_off_trigger': 'Shock flag or rising macro/credit stress'}",Neutral,Mixed / neutral,Neutral positioning,0.45,0.25,0.3,Neutral,"{'HY spread tightness': 18, 'Low VIX': 15, 'SP500 near highs': 12}","[('Late-Cycle Melt-Up', np.float64(65.7)), ('Benign Risk-On', np.float64(64.7)), ('COVID Crash', 0), ('Inflation / Duration Shock', 0), ('Credit Tightening', 0)]",0.028479810725078547,0.04034252035290886,0.2799999999999998,0.11999999999999966,6552.51,6538.76,-0.016318356574856474,-0.018382546113994258,0.013415914826285347,"('High', ['Adequate decision sample size', 'No active shock flag', 'Signals partly aligned', 'Labor warning watch'])",High,"['Adequate decision sample size', 'No active shock flag', 'Signals partly aligned', 'Labor warning watch']"
2025-09-30,4.16,3.6,0.56,Normal,4.4,-0.529,-0.5123666666666666,2.8,6688.46,16.28,2.36,0.10000000000000053,-0.020000000000000018,-0.03000000000000025,-0.08000000000000007,-0.4500000000000002,0.08999999999999986,0.020000000000000018,-0.10000000000000009,-0.059699999999999975,1.290000000000001,-0.35999999999999943,0.0047379268490532755,0.03710721567958575,4.0,0.40000000000000036,6693.75,-0.0007902894491129686,1.8000000000000003,-0.4299999999999997,-0.020000000000000018,-1.2176118208808742,Neutral,Watch,Risk-On Confirmation,Neutral,0,52,No Shock,30.8,0,0,0,0,34.390476190476186,9.761904761904763,2.142857142857143,0.0,0.0,0.0,52.0,7.3904761904761855,-7.142857142857142,45,65,0,48.7,69.2,0.0,Moderate,Low,Low,Easy / Supportive,SUPPORTIVE,Low,Low Divergence,Healthy,Elevated,Moderate Complacency,No Setup,NEUTRAL,NO TRADE,0.1238095238095216,Stable / Neutral,NEUTRAL,"{'final_decision': 'Neutral', 'environment': 'Mixed / neutral', 'action': 'Neutral positioning', 'buy_trigger': 'Wait for clearer mean-reversion or benign setup', 'risk_off_trigger': 'Shock flag or rising macro/credit stress'}",Neutral,Mixed / neutral,Neutral positioning,0.45,0.25,0.3,Neutral,"{'HY spread tightness': 18, 'Low VIX': 15, 'SP500 near highs': 12}","[('Late-Cycle Melt-Up', np.float64(65.2)), ('Benign Risk-On', np.float64(64.2)), ('COVID Crash', 0), ('Inflation / Duration Shock', 0), ('Credit Tightening', 0)]",0.007330536476259031,0.03248580390702793,0.29000000000000004,0.07000000000000028,6552.51,6538.76,-0.020326054129052085,-0.02238183378535563,0.003898741414316564,"('High', ['Adequate decision sample size', 'No active shock flag', 'Signals partly aligned', 'Labor warning watch'])",High,"['Adequate decision sample size', 'No active shock flag', 'Signals partly aligned', 'Labor warning watch']"
2025-10-01,4.12,3.55,0.5700000000000003,Normal,4.4,-0.529,-0.5131555555555556,2.81,6711.2,16.29,2.35,0.10000000000000053,0.03000000000000025,-0.020000000000000018,-0.08999999999999986,-0.5099999999999998,0.10999999999999988,-0.020000000000000018,-0.06999999999999984,-0.06109999999999999,0.7199999999999989,0.10999999999999943,0.011031987188854453,0.04676535592236908,4.0,0.40000000000000036,6711.2,0.0,1.77,-0.43000000000000016,0.03000000000000025,-1.4178710614772918,Neutral,Watch,Risk-On Confirmation,Neutral,0,52,No Shock,30.6,0,0,0,0,33.86666666666667,8.333333333333334,1.6666666666666667,0.0,0.0,0.0,52.0,6.152380952380952,-6.666666666666666,45,65,0,47.7,69.2,0.0,Moderate,Low,Low,Easy / Supportive,SUPPORTIVE,Low,Low Divergence,Healthy,Elevated,Moderate Complacency,No Setup,NEUTRAL,NO TRADE,-0.2571428571428571,Stable / Neutral,NEUTRAL,"{'final_decision': 'Neutral', 'environment': 'Mixed / neutral', 'action': 'Neutral positioning', 'buy_trigger': 'Wait for clearer mean-reversion or benign setup', 'risk_off_trigger': 'Shock flag or rising macro/credit stress'}",Neutral,Mixed / neutral,Neutral positioning,0.45,0.25,0.3,Neutral,"{'HY spread tightness': 18, 'Low VIX': 15, 'SP500 near highs': 12}","[('Late-Cycle Melt-Up', np.float64(65.5)), ('Benign Risk-On', np.float64(64.5)), ('COVID Crash', 0), ('Inflation / Duration Shock', 0), ('Credit Tightening', 0)]",0.003413696507331032,0.027571820240791522,0.2599999999999998,0.029999999999999805,6552.51,6538.76,-0.023645547741089512,-0.025694361664083898,0.0021361634282989644,"('High', ['Adequate decision sample size', 'No active shock flag', 'Signals partly aligned', 'Labor warning watch'])",High,"['Adequate decision sample size', 'No active shock flag', 'Signals partly aligned', 'Labor warning watch']"
2025-10-02,4.1,3.55,0.5499999999999998,Normal,4.4,-0.529,-0.5139444444444444,2.81,6715.35,16.63,2.34,0.10000000000000053,0.040000000000000036,0.010000000000000231,-0.1299999999999999,-0.5899999999999999,0.050000000000000266,0.0,-0.1299999999999999,-0.062399999999999956,0.9399999999999995,-0.10999999999999943,0.016750142322460304,0.049965758672124494,4.0,0.40000000000000036,6715.35,0.0,1.7599999999999998,-0.41999999999999993,0.040000000000000036,-1.4967966309706706,Neutral,Watch,Risk-On Confirmation,Neutral,0,67,No Shock,31.0,0,0,0,0,33.352380952380955,7.619047619047619,1.6666666666666667,0.0,0.0,0.0,53.5,4.933333333333337,-6.666666666666668,45,65,0,46.7,68.5,0.0,Moderate,Low,Low,Easy / Supportive,SUPPORTIVE,Low,Low Divergence,Healthy,Elevated,Moderate Complacency,No Setup,NEUTRAL,NO TRADE,-0.8666666666666654,Stable / Neutral,NEUTRAL,"{'final_decision': 'Neutral', 'environment': 'Mixed / neutral', 'action': 'Neutral positioning', 'buy_trigger': 'Wait for clearer mean-reversion or benign setup', 'risk_off_trigger': 'Shock flag or rising macro/credit stress'}",Neutral,Mixed / neutral,Neutral positioning,0.45,0.25,0.3,Neutral,"{'HY spread tightness': 18, 'Low VIX': 15, 'SP500 near highs': 12}","[('Late-Cycle Melt-Up', np.float64(65.3)), ('Benign Risk-On', np.float64(65.3)), ('COVID Crash', 0), ('Inflation / Duration Shock', 0), ('Credit Tightening', 0)]",-0.006394305583476756,0.019380970463192426,0.31999999999999984,0.0,6552.51,6538.76,-0.024248922245303728,-0.026296470027623253,-0.0022774375125645405,"('High', ['Adequate decision sample size', 'No active shock flag', 'Signals partly aligned', 'Labor warning watch'])",High,"['Adequate decision sample size', 'No active shock flag', 'Signals partly aligned', 'Labor warning watch']"
2025-10-03,4.13,3.58,0.5499999999999998,Normal,4.4,-0.527,-0.5145777777777778,2.8,6715.79,16.65,2.33,0.10000000000000053,0.040000000000000036,-0.020000000000000462,-0.15000000000000036,-0.4400000000000004,0.04999999999999982,0.03000000000000025,-0.1800000000000006,-0.06405555555555559,0.04999999999999716,1.3599999999999994,0.0108508812860304,0.05425600886632531,4.0,0.40000000000000036,6715.79,0.0,1.7999999999999998,-0.31000000000000005,0.040000000000000036,-1.2569240083982822,Neutral,Watch,Risk-On Confirmation,Neutral,0,62,No Shock,31.0,0,0,0,0,32.80952380952381,6.190476190476191,1.1904761904761905,0.0,0.0,0.0,53.5,3.7047619047619023,-6.666666666666667,45,65,0,45.7,67.8,0.0,Moderate,Low,Low,Easy / Supportive,SUPPORTIVE,Low,Low Divergence,Healthy,Elevated,Moderate Complacency,No Setup,NEUTRAL,NO TRADE,-1.4809523809523824,Stable / Neutral,NEUTRAL,"{'final_decision': 'Neutral', 'environment': 'Mixed / neutral', 'action': 'Neutral positioning', 'buy_trigger': 'Wait for clearer mean-reversion or benign setup', 'risk_off_trigger': 'Shock flag or rising macro/credit stress'}",Neutral,Mixed / neutral,Neutral positioning,0.45,0.25,0.3,Neutral,"{'HY spread tightness': 18, 'Low VIX': 15, 'SP500 near highs': 12}","[('Benign Risk-On', np.float64(66.0)), ('Late-Cycle Melt-Up', np.float64(65.0)), ('COVID Crash', 0), ('Inflation / Duration Shock', 0), ('Credit Tightening', 0)]",-0.014662459665951477,0.021245452880450433,0.40000000000000036,0.03000000000000025,6552.51,6538.76,-0.024312850759180882,-0.026360264391828814,-0.005998106849678165,"('High', ['Adequate decision sample size', 'No active shock flag', 'Signals partly aligned', 'Labor warning watch'])",High,"['Adequate decision sample size', 'No active shock flag', 'Signals partly aligned', 'Labor warning watch']"
2025-10-06,4.18,3.6,0.5799999999999996,Normal,4.4,-0.527,-0.5152111111111111,2.76,6740.28,16.37,2.34,0.10000000000000053,0.06999999999999984,0.059999999999999165,-0.1200000000000001,-0.4700000000000002,0.019999999999999574,-0.0900000000000003,-0.029999999999999805,-0.06519999999999992,2.1500000000000004,0.25,0.011870215771609072,0.042272120688242154,4.0,0.40000000000000036,6740.28,0.0,1.8399999999999999,-0.31000000000000005,0.06999999999999984,-1.0231953137753027,Neutral,Watch,Risk-On Confirmation,Neutral,0,52,No Shock,30.4,10,5,0,0,32.24761904761905,5.238095238095238,0.9523809523809523,0.0,0.0,0.0,53.5,2.4285714285714306,-6.190476190476191,45,65,0,45.7,67.1,0.0,Moderate,Low,Low,Easy / Supportive,SUPPORTIVE,Low,Low Divergence,Healthy,Elevated,Moderate Complacency,No Setup,NEUTRAL,NO TRADE,-1.88095238095238,Stable / Neutral,NEUTRAL,"{'final_decision': 'Neutral', 'environment': 'Mixed / neutral', 'action': 'Neutral positioning', 'buy_trigger': 'Wait for clearer mean-reversion or benign setup', 'risk_off_trigger': 'Shock flag or rising macro/credit stress'}",Neutral,Mixed / neutral,Neutral positioning,0.45,0.25,0.3,Neutral,"{'HY spread tightness': 18, 'Low VIX': 15, 'SP500 near highs': 12}","[('Benign Risk-On', np.float64(66.7)), ('Late-Cycle Melt-Up', np.float64(64.7)), ('COVID Crash', 0), ('Inflation / Duration Shock', 0), ('Credit Tightening', 0)]",-0.014557258748894686,0.024000486626668316,0.41000000000000014,0.050000000000000266,6552.51,6538.76,-0.027857893143904966,-0.029897867744366646,-0.005950766437002609,"('High', ['Adequate decision sample size', 'No active shock flag', 'Signals partly aligned', 'Labor warning watch'])",High,"['Adequate decision sample size', 'No active shock flag', 'Signals partly aligned', 'Labor warning watch']"
2025-10-07,4.14,3.57,0.5699999999999998,Normal,4.4,-0.527,-0.5158444444444444,2.82,6714.59,17.24,2.35,0.10000000000000053,0.06000000000000005,0.009999999999999787,0.020000000000000018,-0.40000000000000036,0.020000000000000018,-0.15000000000000036,0.17000000000000037,-0.06634444444444437,2.4499999999999993,0.9599999999999973,0.003906728903215306,0.0427483026158042,4.0,0.40000000000000036,6740.28,-0.003811414362608012,1.7899999999999996,-0.3200000000000003,0.06000000000000005,-1.3681905252907192,Neutral,Watch,Neutral,Neutral,55,52,No Shock,30.6,40,15,0,0,31.666666666666668,6.190476190476191,1.6666666666666667,0.0,0.0,5.5,53.5,1.1428571428571423,-4.523809523809523,33,60,0,44.5,65.9,0.0,Moderate,Low,Low,Easy / Supportive,SUPPORTIVE,Low,Low Divergence,Healthy,Elevated,Moderate Complacency,No Setup,NEUTRAL,NO TRADE,-1.6904761904761902,Stable / Neutral,NEUTRAL,"{'final_decision': 'Neutral', 'environment': 'Mixed / neutral', 'action': 'Neutral positioning', 'buy_trigger': 'Wait for clearer mean-reversion or benign setup', 'risk_off_trigger': 'Shock flag or rising macro/credit stress'}",Neutral,Mixed / neutral,Neutral positioning,0.45,0.25,0.3,Neutral,"{'HY spread tightness': 18, 'Low VIX': 15, 'SP500 near highs': 12}","[('Benign Risk-On', np.float64(68.1)), ('Late-Cycle Melt-Up', np.float64(64.3)), ('COVID Crash', 0), ('Inflation / Duration Shock', 0), ('Credit Tightening', 0)]",-0.02618626006949043,0.03428802056417446,0.3500000000000001,-0.029999999999999805,6538.76,6538.76,-0.02618626006949043,-0.02618626006949043,-0.011183817031270695,"('High', ['Adequate decision sample size', 'No active shock flag', 'Signals partly aligned', 'Labor warning watch'])",High,"['Adequate decision sample size', 'No active shock flag', 'Signals partly aligned', 'Labor warning watch']"
2025-10-08,4.13,3.58,0.5499999999999998,Normal,4.4,-0.527,-0.5164777777777778,2.84,6753.72,16.3,2.35,0.10000000000000053,0.029999999999999805,-0.020000000000000462,0.06000000000000005,-0.4700000000000002,0.029999999999999805,-0.17000000000000037,0.23000000000000043,-0.06741111111111109,1.6800000000000015,0.010000000000001563,0.006335677673143358,0.044507063164829885,4.0,0.40000000000000036,6753.72,0.0,1.7799999999999998,-0.2900000000000005,0.029999999999999805,-1.4475190765664017,Neutral,Watch,Neutral,Neutral,55,52,No Shock,31.0,30,5,0,0,31.085714285714282,5.714285714285714,1.4285714285714286,0.0,0.0,11.0,53.5,-0.11428571428572099,-4.999999999999999,41,60,0,43.4,64.7,0.0,Moderate,Low,Low,Easy / Supportive,SUPPORTIVE,Low,Low Divergence,Healthy,Elevated,Moderate Complacency,No Setup,NEUTRAL,NO TRADE,-2.55714285714286,Stable / Neutral,NEUTRAL,"{'final_decision': 'Neutral', 'environment': 'Mixed / neutral', 'action': 'Neutral positioning', 'buy_trigger': 'Wait for clearer mean-reversion or benign setup', 'risk_off_trigger': 'Shock flag or rising macro/credit stress'}",Neutral,Mixed / neutral,Neutral positioning,0.45,0.25,0.3,Neutral,"{'HY spread tightness': 18, 'Low VIX': 15, 'SP500 near highs': 12}","[('Benign Risk-On', np.float64(69.2)), ('Late-Cycle Melt-Up', np.float64(63.7)), ('COVID Crash', 0), ('Inflation / Duration Shock', 0), ('Credit Tightening', 0)]",-0.022318070633665643,0.02475820732870182,0.3500000000000001,-0.04999999999999982,6538.76,6538.76,-0.0318283849493316,-0.0318283849493316,-0.00944313178514954,"('High', ['Adequate decision sample size', 'No active shock flag', 'Signals partly aligned', 'Labor warning watch'])",High,"['Adequate decision sample size', 'No active shock flag', 'Signals partly aligned', 'Labor warning watch']"
2025-10-09,4.14,3.6,0.5399999999999996,Normal,4.4,-0.527,-0.5171111111111112,2.95,6735.11,16.43,2.34,0.10000000000000053,0.019999999999999574,-0.010000000000000231,0.17000000000000037,-0.31999999999999984,0.14000000000000012,-0.2200000000000002,0.39000000000000057,-0.0684777777777778,1.58,-0.1999999999999993,0.002942512303900635,0.0391443206714599,4.0,0.40000000000000036,6753.72,-0.002755518440207827,1.7999999999999998,-0.33000000000000007,0.019999999999999574,-1.3192635475082566,Neutral,Watch,Hidden Credit Stress,Credit Warning / Vol Complacency,85,52,No Shock,31.2,70,5,0,0,31.047619047619047,8.333333333333334,1.6666666666666667,0.0,0.0,19.5,54.5,-0.9714285714285715,-2.1428571428571423,41,60,0,43.0,64.2,0.0,Moderate,Low,Low,Easy / Supportive,SUPPORTIVE,Low,Low Divergence,Healthy,Elevated,Moderate Complacency,No Setup,NEUTRAL,NO TRADE,-1.557142857142857,Stable / Neutral,NEUTRAL,"{'final_decision': 'Credit Warning', 'environment': 'Equities firm but credit deteriorating', 'action': 'Avoid adding risk until credit confirms', 'buy_trigger': 'HY spreads stop widening and VIX remains contained', 'risk_off_trigger': 'HY widening continues while equities stay complacent'}",Credit Warning,Equities firm but credit deteriorating,Avoid adding risk until credit confirms,0.35,0.15,0.5,Neutral,"{'HY spread tightness': 18, 'Low VIX': 15, 'SP500 near highs': 12}","[('Benign Risk-On', np.float64(69.8)), ('Late-Cycle Melt-Up', np.float64(63.6)), ('COVID Crash', 0), ('Inflation / Duration Shock', 0), ('Credit Tightening', 0)]",-0.004452785477891186,0.027668441940814636,0.19999999999999973,-0.1900000000000004,6538.76,6538.76,-0.029153198685693216,-0.029153198685693216,-0.0005584749172619149,"('Low', ['Limited decision sample size', 'No active shock flag', 'Signals conflicting', 'Labor warning watch'])",Low,"['Limited decision sample size', 'No active shock flag', 'Signals conflicting', 'Labor warning watch']"
2025-10-10,4.05,3.52,0.5299999999999998,Normal,4.4,-0.525,-0.5176222222222222,3.18,6552.51,21.66,2.3,0.10000000000000053,0.029999999999999805,-0.020000000000000018,0.43000000000000016,-0.009999999999999787,0.38000000000000034,-0.16000000000000014,0.5900000000000003,-0.06942222222222222,7.23,5.010000000000002,-0.024312850759180882,0.007790078531374256,4.0,0.40000000000000036,6753.72,-0.02979246992768425,1.75,-0.3900000000000001,0.029999999999999805,-1.6492956297313794,Neutral,Watch,Neutral,Neutral,0,0,VIX spike | HY spread widening,31.4,75,40,0,30,31.009523809523813,11.904761904761905,3.5714285714285716,1.4285714285714286,0.0,19.5,49.3,-1.7999999999999972,1.4285714285714288,20,38,30,40.5,61.5,3.0,Moderate,Low,Low,Easy / Supportive,SUPPORTIVE,Low,Low Divergence,Healthy,Elevated,Moderate Complacency,No Setup,NEUTRAL,NO TRADE,-0.18571428571428417,Stable / Neutral,NEUTRAL,"{'final_decision': 'Neutral', 'environment': 'Mixed / neutral', 'action': 'Neutral positioning', 'buy_trigger': 'Wait for clearer mean-reversion or benign setup', 'risk_off_trigger': 'Shock flag or rising macro/credit stress'}",Neutral,Mixed / neutral,Neutral positioning,0.45,0.25,0.3,Neutral,{'Active shock flag': 25},"[('Benign Risk-On', np.float64(71.3)), ('Late-Cycle Melt-Up', np.float64(61.5)), ('COVID Crash', 0), ('Inflation / Duration Shock', 0), ('Credit Tightening', 0)]",0.032563094142549875,0.06314679412927249,-0.08000000000000007,-0.43999999999999995,6538.76,6538.76,-0.002098432509069048,-0.002098432509069048,0.015253392364147444,"('Medium', ['Adequate decision sample size', 'Shock flag active', 'Signals partly aligned', 'Labor warning watch'])",Medium,"['Adequate decision sample size', 'Shock flag active', 'Signals partly aligned', 'Labor warning watch']"
2025-10-14,4.03,3.48,0.5500000000000003,Normal,4.4,-0.525,-0.5186444444444445,3.11,6644.31,20.81,2.3,0.10000000000000053,0.050000000000000266,-0.02999999999999936,0.29000000000000004,-0.1200000000000001,0.3500000000000001,-0.11000000000000032,0.40000000000000036,-0.07087777777777782,5.449999999999999,4.439999999999998,-0.014238280902276967,0.028489565435446895,4.0,0.40000000000000036,6753.72,-0.01619996091043152,1.7300000000000004,-0.3299999999999996,0.050000000000000266,-1.7775002683303274,Neutral,Watch,Hidden Credit Stress,Neutral,40,15,HY spread widening,31.0,95,40,0,17,30.961904761904766,15.714285714285714,5.476190476190476,2.238095238095238,0.0,23.5,45.6,-2.638095238095236,5.238095238095237,33,45,30,39.3,58.8,6.0,Moderate,Low,Low,Easy / Supportive,SUPPORTIVE,Low,Moderate Divergence,Healthy,Moderate,Moderate Complacency,No Setup,NEUTRAL,NO TRADE,1.3000000000000007,Stable / Neutral,NEUTRAL,"{'final_decision': 'Credit Warning', 'environment': 'Equities firm but credit deteriorating', 'action': 'Avoid adding risk until credit confirms', 'buy_trigger': 'HY spreads stop widening and VIX remains contained', 'risk_off_trigger': 'HY widening continues while equities stay complacent'}",Credit Warning,Equities firm but credit deteriorating,Avoid adding risk until credit confirms,0.35,0.15,0.5,Neutral,"{'Active shock flag': 25, 'SP500 near highs': 12}","[('Benign Risk-On', np.float64(71.7)), ('Late-Cycle Melt-Up', np.float64(58.8)), ('Credit Tightening', np.float64(3.7)), ('COVID Crash', 0), ('Inflation / Duration Shock', 0)]",0.025329943967093538,0.05011205076223124,-0.10999999999999988,-0.36999999999999966,6538.76,6538.76,-0.015885772939552845,-0.015885772939552845,0.009865480388482738,"('Low', ['Limited decision sample size', 'Shock flag active', 'Signals conflicting', 'Labor warning watch'])",Low,"['Limited decision sample size', 'Shock flag active', 'Signals conflicting', 'Labor warning watch']"
2025-10-15,4.05,3.5,0.5499999999999998,Normal,4.4,-0.525,-0.5191555555555556,2.95,6671.06,20.64,2.29,0.10000000000000053,0.0699999999999994,-0.020000000000000018,0.03000000000000025,-0.22999999999999998,0.13000000000000034,0.029999999999999805,4.440892098500626e-16,-0.07182222222222218,3.469999999999999,3.400000000000002,-0.006482897689955691,0.039828291928660775,4.0,0.40000000000000036,6753.72,-0.012239180777408598,1.7599999999999998,-0.35000000000000053,0.0699999999999994,-1.5784260729057435,Neutral,Watch,Neutral,Neutral,40,30,No Shock,31.0,35,15,0,2,30.923809523809524,17.38095238095238,6.190476190476191,2.3333333333333335,0.0,27.5,43.4,-3.4666666666666615,7.619047619047617,33,53,0,38.1,57.6,6.0,Moderate,Low,Low,Easy / Supportive,SUPPORTIVE,Low,Moderate Divergence,Healthy,Moderate,Moderate Complacency,No Setup,NEUTRAL,NO TRADE,2.0761904761904777,Stable / Neutral,NEUTRAL,"{'final_decision': 'Neutral', 'environment': 'Mixed / neutral', 'action': 'Neutral positioning', 'buy_trigger': 'Wait for clearer mean-reversion or benign setup', 'risk_off_trigger': 'Shock flag or rising macro/credit stress'}",Neutral,Mixed / neutral,Neutral positioning,0.45,0.25,0.3,Neutral,"{'HY spread tightness': 18, 'SP500 near highs': 12}","[('Benign Risk-On', np.float64(71.9)), ('Late-Cycle Melt-Up', np.float64(57.6)), ('Credit Tightening', np.float64(5.1)), ('COVID Crash', 0), ('Inflation / Duration Shock', 0)]",0.026686913324119432,0.04387308763524822,0.0,-0.20000000000000018,6538.76,6538.76,-0.01983193075763079,-0.01983193075763079,0.012609110995853745,"('High', ['Adequate decision sample size', 'No active shock flag', 'Signals partly aligned', 'Labor warning watch'])",High,"['Adequate decision sample size', 'No active shock flag', 'Signals partly aligned', 'Labor warning watch']"
2025-10-16,3.99,3.41,0.5800000000000001,Normal,4.4,-0.525,-0.5196666666666667,3.04,6629.07,25.31,2.28,0.10000000000000053,0.11000000000000032,0.03000000000000025,0.16000000000000014,-0.04999999999999982,0.20000000000000018,-0.020000000000000018,0.18000000000000016,-0.07269999999999999,8.959999999999997,9.009999999999998,-0.01845649508715208,0.028040122451638005,4.0,0.40000000000000036,6753.72,-0.01845649508715208,1.7100000000000004,-0.4899999999999993,0.11000000000000032,-1.9029075554182275,Neutral,Watch,Hidden Credit Stress,Neutral,40,0,VIX spike,30.4,85,25,0,15,30.876190476190477,21.428571428571427,7.380952380952381,3.0476190476190474,0.0,31.5,38.2,-2.9904761904761905,13.095238095238093,33,37,30,36.9,54.8,9.0,Moderate,Moderate,Low,Easy / Supportive,SUPPORTIVE,Low,Moderate Divergence,Weakening,Moderate,Moderate Complacency,No Setup,NEUTRAL,NO TRADE,5.052380952380951,Stable / Neutral,NEUTRAL,"{'final_decision': 'Credit Warning', 'environment': 'Equities firm but credit deteriorating', 'action': 'Avoid adding risk until credit confirms', 'buy_trigger': 'HY spreads stop widening and VIX remains contained', 'risk_off_trigger': 'HY widening continues while equities stay complacent'}",Credit Warning,Equities firm but credit deteriorating,Avoid adding risk until credit confirms,0.35,0.15,0.5,Neutral,"{'Active shock flag': 25, 'SP500 near highs': 12}","[('Benign Risk-On', np.float64(71.0)), ('Late-Cycle Melt-Up', np.float64(54.1)), ('Credit Tightening', np.float64(10.0)), ('COVID Crash', 0), ('Inflation / Duration Shock', 0)]",0.027690158649705143,0.04488261551016981,-0.10000000000000009,-0.28000000000000025,6538.76,6538.76,-0.013623328762556342,-0.013623328762556342,0.010691555527396798,"('Low', ['Limited decision sample size', 'Shock flag active', 'Signals conflicting', 'Labor warning watch'])",Low,"['Limited decision sample size', 'Shock flag active', 'Signals conflicting', 'Labor warning watch']"
2025-10-17,4.02,3.46,0.5599999999999996,Normal,4.4,-0.522,-0.5200555555555556,3.04,6664.01,20.78,2.27,0.10000000000000053,0.07999999999999918,0.020000000000000018,0.20000000000000018,-0.08000000000000007,0.08999999999999986,0.009999999999999787,0.1900000000000004,-0.07345555555555555,5.48,4.350000000000001,-0.010556620456087518,0.024904338304050366,4.0,0.40000000000000036,6753.72,-0.013283049933962343,1.7499999999999996,-0.4300000000000006,0.07999999999999918,-1.63939185053273,Neutral,Watch,Hidden Credit Stress,Neutral,40,15,No Shock,30.8,75,25,0,17,30.857142857142858,25.0,8.571428571428571,3.857142857142857,0.0,35.5,33.0,-2.495238095238097,17.38095238095238,33,45,30,35.7,52.8,12.0,Moderate,Moderate,Low,Easy / Supportive,SUPPORTIVE,Low,Moderate Divergence,Weakening,Moderate,Moderate Complacency,No Setup,NEUTRAL,NO TRADE,7.442857142857141,Stable / Neutral,NEUTRAL,"{'final_decision': 'Credit Warning', 'environment': 'Equities firm but credit deteriorating', 'action': 'Avoid adding risk until credit confirms', 'buy_trigger': 'HY spreads stop widening and VIX remains contained', 'risk_off_trigger': 'HY widening continues while equities stay complacent'}",Credit Warning,Equities firm but credit deteriorating,Avoid adding risk until credit confirms,0.35,0.15,0.5,Neutral,{'SP500 near highs': 12},"[('Benign Risk-On', np.float64(68.9)), ('Late-Cycle Melt-Up', np.float64(51.0)), ('Credit Tightening', np.float64(14.3)), ('COVID Crash', 0), ('Inflation / Duration Shock', 0)]",0.024813888334501266,0.04208577117981527,-0.1200000000000001,-0.33000000000000007,6538.76,6538.76,-0.018794989803436635,-0.018794989803436635,0.009684860917075443,"('Low', ['Limited decision sample size', 'No active shock flag', 'Signals conflicting', 'Labor warning watch'])",Low,"['Limited decision sample size', 'No active shock flag', 'Signals conflicting', 'Labor warning watch']"
2025-10-20,4.0,3.46,0.54,Normal,4.4,-0.522,-0.5204444444444444,2.99,6735.13,18.23,2.26,0.10000000000000053,0.08000000000000007,0.010000000000000231,0.16000000000000014,-0.1299999999999999,-0.18999999999999995,0.010000000000000231,0.1499999999999999,-0.074211111111111,3.0500000000000007,-3.4299999999999997,0.027870235985904657,0.039131373910360256,4.0,0.40000000000000036,6753.72,-0.0027525571092672507,1.7400000000000002,-0.4399999999999995,0.08000000000000007,-1.704261523738589,Neutral,Watch,Hidden Credit Stress,Neutral,70,55,No Shock,31.2,45,15,0,2,30.857142857142858,27.142857142857142,9.285714285714286,3.9523809523809526,0.0,42.5,32.3,-1.9523809523809526,20.952380952380953,33,53,0,34.5,51.6,12.0,Moderate,Moderate,Low,Easy / Supportive,SUPPORTIVE,Low,Elevated Divergence,Weakening,Moderate,Moderate Complacency,No Setup,NEUTRAL,NO TRADE,9.5,Stable / Neutral,NEUTRAL,"{'final_decision': 'Divergence Warning', 'environment': 'Cross-asset signals are diverging', 'action': 'Avoid adding risk until credit, vol, and equities confirm', 'buy_trigger': 'Divergence fades and credit stabilizes', 'risk_off_trigger': 'Divergence worsens with HY widening or VIX spike'}",Divergence Warning,Cross-asset signals are diverging,"Avoid adding risk until credit, vol, and equities confirm",0.35,0.2,0.45,Neutral,"{'HY spread tightness': 18, 'SP500 near highs': 12}","[('Benign Risk-On', np.float64(68.1)), ('Late-Cycle Melt-Up', np.float64(49.4)), ('Credit Tightening', np.float64(15.9)), ('COVID Crash', 0), ('Inflation / Duration Shock', 0)]",0.017013777016924747,0.030419605857644916,-0.10000000000000009,-0.3400000000000003,6538.76,6538.76,-0.02915608161980543,-0.02915608161980543,0.006854821955923661,"('Medium', ['Adequate decision sample size', 'No active shock flag', 'Signals conflicting', 'Labor warning watch'])",Medium,"['Adequate decision sample size', 'No active shock flag', 'Signals conflicting', 'Labor warning watch']"
2025-10-21,3.98,3.45,0.5299999999999998,Normal,4.4,-0.522,-0.5208333333333334,2.97,6735.35,17.87,2.28,0.10000000000000053,0.05999999999999961,-0.020000000000000462,0.13000000000000034,-0.1499999999999999,-0.13999999999999968,0.0,0.13000000000000034,-0.07496666666666668,2.7600000000000016,-2.9399999999999977,0.013701949487606724,0.03698143999753678,4.0,0.40000000000000036,6753.72,-0.0027199824689208008,1.7000000000000002,-0.43999999999999995,0.05999999999999961,-1.961722503759296,Neutral,Watch,Neutral,Neutral,70,52,No Shock,31.4,25,15,0,0,30.895238095238092,28.333333333333332,10.0,3.9523809523809526,0.0,49.5,32.3,-1.3523809523809547,23.095238095238095,33,60,0,33.3,51.1,12.0,Moderate,Moderate,Low,Easy / Supportive,SUPPORTIVE,Low,Elevated Divergence,Weakening,Moderate,Moderate Complacency,No Setup,NEUTRAL,NO TRADE,10.87142857142857,Stable / Neutral,NEUTRAL,"{'final_decision': 'Divergence Warning', 'environment': 'Cross-asset signals are diverging', 'action': 'Avoid adding risk until credit, vol, and equities confirm', 'buy_trigger': 'Divergence fades and credit stabilizes', 'risk_off_trigger': 'Divergence worsens with HY widening or VIX spike'}",Divergence Warning,Cross-asset signals are diverging,"Avoid adding risk until credit, vol, and equities confirm",0.35,0.2,0.45,Neutral,"{'HY spread tightness': 18, 'Low VIX': 15, 'SP500 near highs': 12}","[('Benign Risk-On', np.float64(67.5)), ('Late-Cycle Melt-Up', np.float64(48.6)), ('Credit Tightening', np.float64(16.7)), ('COVID Crash', 0), ('Inflation / Duration Shock', 0)]",0.01807923864387151,0.009132413311854437,-0.0900000000000003,-0.2400000000000002,6538.76,6538.76,-0.029187792765038245,-0.029187792765038245,0.007227733525355028,"('High', ['Adequate decision sample size', 'No active shock flag', 'Signals partly aligned', 'Labor warning watch'])",High,"['Adequate decision sample size', 'No active shock flag', 'Signals partly aligned', 'Labor warning watch']"
2025-10-22,3.97,3.45,0.52,Normal,4.4,-0.522,-0.5212222222222223,3.01,6699.4,18.6,2.29,0.10000000000000053,0.05999999999999961,-0.029999999999999805,0.13999999999999968,-0.16000000000000014,0.05999999999999961,0.050000000000000266,0.08999999999999941,-0.07572222222222225,3.5600000000000023,-2.039999999999999,0.004248200435912564,0.028681281391024438,4.0,0.40000000000000036,6753.72,-0.008042974834609806,1.6800000000000002,-0.43000000000000016,0.05999999999999961,-2.0799086516722434,Neutral,Watch,Neutral,Neutral,55,40,No Shock,31.6,20,15,0,2,30.914285714285718,29.285714285714285,10.714285714285714,4.0476190476190474,0.0,49.5,31.1,-0.7523809523809497,23.095238095238095,33,45,0,33.3,49.6,12.0,Moderate,Moderate,Low,Easy / Supportive,SUPPORTIVE,Low,Elevated Divergence,Weakening,Moderate,Moderate Complacency,No Setup,NEUTRAL,NO TRADE,11.171428571428573,Stable / Neutral,NEUTRAL,"{'final_decision': 'Divergence Warning', 'environment': 'Cross-asset signals are diverging', 'action': 'Avoid adding risk until credit, vol, and equities confirm', 'buy_trigger': 'Divergence fades and credit stabilizes', 'risk_off_trigger': 'Divergence worsens with HY widening or VIX spike'}",Divergence Warning,Cross-asset signals are diverging,"Avoid adding risk until credit, vol, and equities confirm",0.35,0.2,0.45,Neutral,{'SP500 near highs': 12},"[('Benign Risk-On', np.float64(67.2)), ('Late-Cycle Melt-Up', np.float64(47.1)), ('Credit Tightening', np.float64(17.7)), ('COVID Crash', 0), ('Inflation / Duration Shock', 0)]",0.02552467385138968,0.026303848105800665,-0.1599999999999997,-0.31999999999999984,6538.76,6538.76,-0.023978266710451557,-0.023978266710451557,0.009833635847986386,"('High', ['Adequate decision sample size', 'No active shock flag', 'Signals partly aligned', 'Labor warning watch'])",High,"['Adequate decision sample size', 'No active shock flag', 'Signals partly aligned', 'Labor warning watch']"
2025-10-23,4.01,3.48,0.5299999999999998,Normal,4.4,-0.522,-0.5216111111111111,2.96,6738.44,17.3,2.3,0.10000000000000053,0.07999999999999963,-0.050000000000000266,0.1200000000000001,-0.2200000000000002,-0.08000000000000007,-0.020000000000000018,0.14000000000000012,-0.07637777777777777,1.950000000000001,-8.009999999999998,0.01649854353627278,0.031598091867165445,4.0,0.40000000000000036,6753.72,-0.002262456838601601,1.71,-0.4200000000000004,0.07999999999999963,-1.877300012334523,Neutral,Watch,Neutral,Neutral,70,67,No Shock,31.4,15,5,0,0,30.97142857142857,30.0,10.952380952380953,4.0476190476190474,0.0,51.0,32.6,-0.11428571428571033,24.285714285714285,33,60,0,32.5,49.6,12.0,Moderate,Moderate,Low,Easy / Supportive,SUPPORTIVE,Low,Elevated Divergence,Weakening,Moderate,Moderate Complacency,No Setup,NEUTRAL,NO TRADE,12.085714285714287,Stable / Neutral,NEUTRAL,"{'final_decision': 'Divergence Warning', 'environment': 'Cross-asset signals are diverging', 'action': 'Avoid adding risk until credit, vol, and equities confirm', 'buy_trigger': 'Divergence fades and credit stabilizes', 'risk_off_trigger': 'Divergence worsens with HY widening or VIX spike'}",Divergence Warning,Cross-asset signals are diverging,"Avoid adding risk until credit, vol, and equities confirm",0.35,0.2,0.45,Neutral,"{'HY spread tightness': 18, 'Low VIX': 15, 'SP500 near highs': 12}","[('Benign Risk-On', np.float64(66.8)), ('Late-Cycle Melt-Up', np.float64(46.8)), ('Credit Tightening', np.float64(18.1)), ('COVID Crash', 0), ('Inflation / Duration Shock', 0)]",0.01603783665061953,0.02595704643804808,-0.06999999999999984,-0.31999999999999984,6538.76,6538.76,-0.029632971429588983,-0.029632971429588983,0.006513242827716835,"('High', ['Adequate decision sample size', 'No active shock flag', 'Signals partly aligned', 'Labor warning watch'])",High,"['Adequate decision sample size', 'No active shock flag', 'Signals partly aligned', 'Labor warning watch']"
2025-10-24,4.02,3.48,0.5399999999999996,Normal,4.4,-0.519,-0.5219,2.88,6791.69,16.37,2.29,0.10000000000000053,0.04999999999999982,-0.020000000000000018,0.10000000000000009,-0.2200000000000002,-0.16000000000000014,-0.11000000000000032,0.2100000000000004,-0.0769333333333333,1.6600000000000001,-4.41,0.019159635114593065,0.03100127970222255,4.0,0.40000000000000036,6791.69,0.0,1.7299999999999995,-0.4300000000000006,0.04999999999999982,-1.7345546679422308,Neutral,Watch,Neutral,Neutral,70,67,No Shock,31.2,30,5,0,0,31.019047619047623,31.428571428571427,11.19047619047619,4.0476190476190474,0.0,49.5,34.1,-0.028571428571424917,23.095238095238095,33,60,0,31.7,49.6,12.0,Moderate,Moderate,Low,Easy / Supportive,SUPPORTIVE,Low,Elevated Divergence,Weakening,Moderate,Moderate Complacency,No Setup,NEUTRAL,NO TRADE,11.533333333333335,Stable / Neutral,NEUTRAL,"{'final_decision': 'Divergence Warning', 'environment': 'Cross-asset signals are diverging', 'action': 'Avoid adding risk until credit, vol, and equities confirm', 'buy_trigger': 'Divergence fades and credit stabilizes', 'risk_off_trigger': 'Divergence worsens with HY widening or VIX spike'}",Divergence Warning,Cross-asset signals are diverging,"Avoid adding risk until credit, vol, and equities confirm",0.35,0.2,0.45,Neutral,"{'HY spread tightness': 18, 'Low VIX': 15, 'SP500 near highs': 12}","[('Benign Risk-On', np.float64(65.9)), ('Late-Cycle Melt-Up', np.float64(46.2)), ('Credit Tightening', np.float64(18.9)), ('COVID Crash', 0), ('Inflation / Duration Shock', 0)]",0.007188196163252503,0.018245826885502803,0.010000000000000231,-0.19999999999999973,6538.76,6538.76,-0.03724109904898476,-0.03724109904898476,0.003415868657138376,"('High', ['Adequate decision sample size', 'No active shock flag', 'Signals partly aligned', 'Labor warning watch'])",High,"['Adequate decision sample size', 'No active shock flag', 'Signals partly aligned', 'Labor warning watch']"
2025-10-27,4.01,3.48,0.5299999999999998,Normal,4.4,-0.519,-0.5221888888888889,2.8,6875.16,15.79,2.28,0.10000000000000053,0.08000000000000007,-0.010000000000000231,0.009999999999999787,-0.3700000000000001,-0.1900000000000004,-0.06999999999999984,0.07999999999999963,-0.07748888888888894,1.0299999999999994,-2.4400000000000013,0.020790986959420277,0.04417636525730173,4.0,0.40000000000000036,6875.16,0.0,1.73,-0.34999999999999964,0.08000000000000007,-1.7229960965049318,Neutral,Watch,Neutral,Neutral,55,67,No Shock,31.4,15,5,0,0,31.02857142857143,31.666666666666668,11.19047619047619,4.0476190476190474,0.0,55.0,40.8,0.019047619047615427,19.761904761904763,25,60,0,32.2,51.8,9.0,Moderate,Moderate,Low,Easy / Supportive,SUPPORTIVE,Low,Elevated Divergence,Healthy,Moderate,Moderate Complacency,No Setup,NEUTRAL,NO TRADE,9.890476190476189,Stable / Neutral,NEUTRAL,"{'final_decision': 'Divergence Warning', 'environment': 'Cross-asset signals are diverging', 'action': 'Avoid adding risk until credit, vol, and equities confirm', 'buy_trigger': 'Divergence fades and credit stabilizes', 'risk_off_trigger': 'Divergence worsens with HY widening or VIX spike'}",Divergence Warning,Cross-asset signals are diverging,"Avoid adding risk until credit, vol, and equities confirm",0.35,0.2,0.45,Neutral,"{'HY spread tightness': 18, 'Low VIX': 15, 'SP500 near highs': 12}","[('Benign Risk-On', np.float64(66.3)), ('Late-Cycle Melt-Up', np.float64(48.4)), ('Credit Tightening', np.float64(16.7)), ('COVID Crash', 0), ('Inflation / Duration Shock', 0)]",0.001675597367915893,0.010919018611930342,0.11000000000000032,-0.10999999999999988,6538.76,6538.76,-0.04892977036170787,-0.04892977036170787,0.0014864590787705626,"('High', ['Adequate decision sample size', 'No active shock flag', 'Signals partly aligned', 'Labor warning watch'])",High,"['Adequate decision sample size', 'No active shock flag', 'Signals partly aligned', 'Labor warning watch']"
2025-10-28,3.99,3.47,0.52,Normal,4.4,-0.519,-0.5224777777777778,2.82,6890.89,16.42,2.28,0.10000000000000053,0.08000000000000007,-0.009999999999999787,0.06999999999999984,-0.3400000000000003,-0.15000000000000036,-0.3799999999999999,0.44999999999999973,-0.07804444444444447,0.7300000000000022,-1.4499999999999993,0.023093083507167433,0.041662635595167696,4.0,0.40000000000000036,6890.89,0.0,1.7100000000000004,-0.35999999999999943,0.08000000000000007,-1.8347340279361886,Neutral,Watch,Neutral,Neutral,55,67,No Shock,31.6,40,5,0,0,31.076190476190476,33.57142857142857,11.428571428571429,4.0476190476190474,0.0,56.5,46.0,0.11428571428571033,17.857142857142854,25,60,0,31.4,53.3,6.0,Moderate,Moderate,Low,Easy / Supportive,SUPPORTIVE,Low,Elevated Divergence,Healthy,Moderate,Moderate Complacency,No Setup,NEUTRAL,NO TRADE,8.985714285714282,Stable / Neutral,NEUTRAL,"{'final_decision': 'Divergence Warning', 'environment': 'Cross-asset signals are diverging', 'action': 'Avoid adding risk until credit, vol, and equities confirm', 'buy_trigger': 'Divergence fades and credit stabilizes', 'risk_off_trigger': 'Divergence worsens with HY widening or VIX spike'}",Divergence Warning,Cross-asset signals are diverging,"Avoid adding risk until credit, vol, and equities confirm",0.35,0.2,0.45,Neutral,"{'HY spread tightness': 18, 'Low VIX': 15, 'SP500 near highs': 12}","[('Benign Risk-On', np.float64(65.3)), ('Late-Cycle Melt-Up', np.float64(49.0)), ('Credit Tightening', np.float64(15.5)), ('COVID Crash', 0), ('Inflation / Duration Shock', 0)]",0.0014671544604543119,0.012728399379470678,0.06000000000000005,-0.10999999999999988,6538.76,6538.76,-0.0511008012027474,-0.0511008012027474,0.0014135040611590092,"('High', ['Adequate decision sample size', 'No active shock flag', 'Signals partly aligned', 'Labor warning watch'])",High,"['Adequate decision sample size', 'No active shock flag', 'Signals partly aligned', 'Labor warning watch']"
2025-10-29,4.08,3.59,0.4900000000000002,Normal,4.4,-0.519,-0.5227666666666667,2.76,6890.59,16.92,2.3,0.10000000000000053,0.010000000000000231,-0.029999999999999805,-0.03000000000000025,-0.3700000000000001,-0.25,-0.22999999999999998,0.19999999999999973,-0.07875555555555563,0.5600000000000023,-1.6799999999999997,0.028538376571036306,0.04296054344338218,4.0,0.40000000000000036,6890.89,-4.353574066628951e-05,1.7800000000000002,-0.2699999999999996,0.010000000000000231,-1.3778057035588849,Neutral,Watch,Risk-On Confirmation,Neutral,0,67,No Shock,32.2,15,0,0,0,31.1047619047619,34.285714285714285,11.428571428571429,4.0476190476190474,0.0,52.5,49.7,0.18095238095237676,16.904761904761905,37,65,0,31.8,54.5,6.0,Moderate,Moderate,Low,Easy / Supportive,SUPPORTIVE,Low,Elevated Divergence,Healthy,Moderate,Moderate Complacency,No Setup,NEUTRAL,NO TRADE,8.542857142857141,Stable / Neutral,NEUTRAL,"{'final_decision': 'Divergence Warning', 'environment': 'Cross-asset signals are diverging', 'action': 'Avoid adding risk until credit, vol, and equities confirm', 'buy_trigger': 'Divergence fades and credit stabilizes', 'risk_off_trigger': 'Divergence worsens with HY widening or VIX spike'}",Divergence Warning,Cross-asset signals are diverging,"Avoid adding risk until credit, vol, and equities confirm",0.35,0.2,0.45,Neutral,"{'HY spread tightness': 18, 'Low VIX': 15, 'SP500 near highs': 12}","[('Benign Risk-On', np.float64(64.5)), ('Late-Cycle Melt-Up', np.float64(49.5)), ('Credit Tightening', np.float64(15.5)), ('COVID Crash', 0), ('Inflation / Duration Shock', 0)]",-0.009169026164668082,0.012689769671392348,0.15000000000000036,-0.03999999999999959,6538.76,6538.76,-0.051059488374725515,-0.051059488374725515,-0.002309159157633828,"('High', ['Adequate decision sample size', 'No active shock flag', 'Signals partly aligned', 'Labor warning watch'])",High,"['Adequate decision sample size', 'No active shock flag', 'Signals partly aligned', 'Labor warning watch']"
2025-10-30,4.11,3.61,0.5000000000000004,Normal,4.4,-0.519,-0.5230555555555556,2.85,6822.34,16.91,2.29,0.10000000000000053,4.440892098500626e-16,-0.02999999999999936,0.06000000000000005,-0.27,-0.10999999999999988,-0.18999999999999995,0.25,-0.0792000000000001,1.1899999999999995,-0.39000000000000057,0.012450953039575996,0.03363306491322415,4.0,0.40000000000000036,6890.89,-0.009947916742249596,1.8200000000000003,-0.21999999999999975,4.440892098500626e-16,-1.1157149290542148,Neutral,Watch,Neutral,Neutral,55,52,No Shock,32.0,30,5,0,0,31.16190476190476,35.714285714285715,11.666666666666666,4.0476190476190474,0.0,54.0,54.9,0.2857142857142847,14.285714285714288,25,60,0,31.0,56.8,3.0,Moderate,Moderate,Low,Easy / Supportive,SUPPORTIVE,Low,Elevated Divergence,Healthy,Moderate,Moderate Complacency,No Setup,NEUTRAL,NO TRADE,7.2857142857142865,Stable / Neutral,NEUTRAL,"{'final_decision': 'Divergence Warning', 'environment': 'Cross-asset signals are diverging', 'action': 'Avoid adding risk until credit, vol, and equities confirm', 'buy_trigger': 'Divergence fades and credit stabilizes', 'risk_off_trigger': 'Divergence worsens with HY widening or VIX spike'}",Divergence Warning,Cross-asset signals are diverging,"Avoid adding risk until credit, vol, and equities confirm",0.35,0.2,0.45,Neutral,"{'HY spread tightness': 18, 'Low VIX': 15, 'SP500 near highs': 12}","[('Benign Risk-On', np.float64(63.2)), ('Late-Cycle Melt-Up', np.float64(50.7)), ('Credit Tightening', np.float64(13.5)), ('COVID Crash', 0), ('Inflation / Duration Shock', 0)]",-0.0008545455078462494,0.021498488788304293,0.06000000000000005,-0.08000000000000007,6538.76,6538.76,-0.04156638338165497,-0.04156638338165497,0.0006009090722538128,"('High', ['Adequate decision sample size', 'No active shock flag', 'Signals partly aligned', 'Labor warning watch'])",High,"['Adequate decision sample size', 'No active shock flag', 'Signals partly aligned', 'Labor warning watch']"
2025-10-31,4.11,3.6,0.5100000000000002,Normal,4.4,-0.515,-0.5232222222222223,2.94,6840.2,17.44,2.3,0.10000000000000053,-0.03999999999999959,-0.02999999999999936,0.22999999999999998,-0.1200000000000001,0.06000000000000005,-0.27,0.5,-0.07952222222222227,1.740000000000002,1.0700000000000003,0.0071425521482870735,0.031399465618007216,4.0,0.40000000000000036,6890.89,-0.007356088981249176,1.8100000000000005,-0.1999999999999993,-0.03999999999999959,-1.1717413064783797,Neutral,Watch,Hidden Credit Stress,Credit Warning / Vol Complacency,85,52,No Shock,31.8,80,5,0,5,31.219047619047622,39.523809523809526,11.904761904761905,4.285714285714286,0.0,58.5,58.6,0.36190476190476417,14.523809523809526,25,60,15,30.2,58.3,1.5,Moderate,Moderate,Low,Easy / Supportive,SUPPORTIVE,Low,Elevated Divergence,Healthy,Moderate,Moderate Complacency,No Setup,NEUTRAL,NO TRADE,7.442857142857145,Stable / Neutral,NEUTRAL,"{'final_decision': 'Divergence Warning', 'environment': 'Cross-asset signals are diverging', 'action': 'Avoid adding risk until credit, vol, and equities confirm', 'buy_trigger': 'Divergence fades and credit stabilizes', 'risk_off_trigger': 'Divergence worsens with HY widening or VIX spike'}",Divergence Warning,Cross-asset signals are diverging,"Avoid adding risk until credit, vol, and equities confirm",0.35,0.2,0.45,Neutral,"{'HY spread tightness': 18, 'Low VIX': 15, 'SP500 near highs': 12}","[('Benign Risk-On', np.float64(60.0)), ('Late-Cycle Melt-Up', np.float64(49.6)), ('Credit Tightening', np.float64(13.7)), ('COVID Crash', 0), ('Inflation / Duration Shock', 0)]",-0.005839010555246826,0.014448407941288322,0.040000000000000036,-0.14000000000000012,6538.76,6538.76,-0.04406888687465271,-0.04406888687465271,-0.0011436536943363888,"('Medium', ['Adequate decision sample size', 'No active shock flag', 'Signals conflicting', 'Labor warning watch'])",Medium,"['Adequate decision sample size', 'No active shock flag', 'Signals conflicting', 'Labor warning watch']"
2025-11-03,4.13,3.6,0.5299999999999998,Normal,4.4,-0.515,-0.5233888888888889,3.04,6851.97,17.17,2.31,0.10000000000000053,-0.020000000000000018,0.0,0.31999999999999984,0.0,0.2400000000000002,-0.22999999999999998,0.5499999999999998,-0.07984444444444444,1.7200000000000024,1.3800000000000026,-0.0033730124098929615,0.028151240329153948,4.0,0.40000000000000036,6890.89,-0.0056480367557746325,1.8199999999999998,-0.1900000000000004,-0.020000000000000018,-1.1013990995714946,Neutral,Watch,Hidden Credit Stress,Credit Warning / Vol Complacency,70,52,No Shock,31.4,85,20,0,5,31.238095238095237,43.57142857142857,12.857142857142858,4.523809523809524,0.0,58.5,58.3,0.3809523809523796,16.428571428571427,25,52,30,29.4,58.2,4.5,Moderate,Elevated,Low,Easy / Supportive,SUPPORTIVE,Low,Elevated Divergence,Healthy,Moderate,Moderate Complacency,No Setup,NEUTRAL,NO TRADE,8.404761904761903,Stable / Neutral,NEUTRAL,"{'final_decision': 'Divergence Warning', 'environment': 'Cross-asset signals are diverging', 'action': 'Avoid adding risk until credit, vol, and equities confirm', 'buy_trigger': 'Divergence fades and credit stabilizes', 'risk_off_trigger': 'Divergence worsens with HY widening or VIX spike'}",Divergence Warning,Cross-asset signals are diverging,"Avoid adding risk until credit, vol, and equities confirm",0.35,0.2,0.45,Neutral,"{'Credit stress': 20, 'Low VIX': 15, 'SP500 near highs': 12}","[('Benign Risk-On', np.float64(56.7)), ('Late-Cycle Melt-Up', np.float64(46.9)), ('Credit Tightening', np.float64(17.2)), ('COVID Crash', 0), ('Inflation / Duration Shock', 0)]",-0.01905145527490637,0.018165578658400294,-0.04999999999999982,-0.22999999999999998,6538.76,6538.76,-0.045710941524846116,-0.045710941524846116,-0.0057680093462172295,"('Medium', ['Adequate decision sample size', 'No active shock flag', 'Signals conflicting', 'Labor warning watch'])",Medium,"['Adequate decision sample size', 'No active shock flag', 'Signals conflicting', 'Labor warning watch']"
2025-11-04,4.1,3.58,0.5199999999999996,Normal,4.4,-0.515,-0.5235555555555556,3.13,6771.55,19.0,2.29,0.10000000000000053,-0.040000000000000036,-4.440892098500626e-16,0.43999999999999995,0.08999999999999986,0.31000000000000005,-0.25,0.69,-0.08016666666666666,2.8999999999999986,2.5799999999999983,-0.017318517637054165,0.011622782446311986,4.0,0.40000000000000036,6890.89,-0.017318517637054165,1.8099999999999996,-0.17000000000000037,-0.040000000000000036,-1.1584119215490531,Neutral,Watch,Neutral,Neutral,55,15,HY spread widening,31.6,55,30,0,5,31.26666666666667,46.19047619047619,14.285714285714286,4.761904761904762,0.0,57.0,54.6,0.3714285714285772,17.857142857142858,25,45,30,28.6,56.7,7.5,Moderate,Elevated,Low,Easy / Supportive,SUPPORTIVE,Low,Elevated Divergence,Healthy,Moderate,Moderate Complacency,No Setup,NEUTRAL,NO TRADE,9.114285714285717,Stable / Neutral,NEUTRAL,"{'final_decision': 'Stress / Stabilization Watch', 'environment': 'Active deterioration or shock', 'action': 'Reduce risk and monitor for stabilization', 'buy_trigger': 'Wait for VIX rollover, HY spread stabilization, and equity drawdown exhaustion', 'risk_off_trigger': 'Already triggered'}",Stress / Stabilization Watch,Active deterioration or shock,Reduce risk and monitor for stabilization,0.25,0.15,0.6,Long Duration,"{'Active shock flag': 25, 'Credit stress': 20, 'SP500 near highs': 12}","[('Benign Risk-On', np.float64(54.7)), ('Late-Cycle Melt-Up', np.float64(44.0)), ('Credit Tightening', np.float64(20.6)), ('COVID Crash', 0), ('Inflation / Duration Shock', 0)]",0.00047404213215584967,0.021599190731811824,-0.17999999999999972,-0.2799999999999998,6538.76,6538.76,-0.034377653565284105,-0.034377653565284105,0.0013185105330389623,"('Medium', ['Adequate decision sample size', 'Shock flag active', 'Signals partly aligned', 'Labor warning watch'])",Medium,"['Adequate decision sample size', 'Shock flag active', 'Signals partly aligned', 'Labor warning watch']"
2025-11-05,4.17,3.63,0.54,Normal,4.4,-0.515,-0.5237222222222223,3.05,6796.29,18.01,2.3,0.10000000000000053,-0.020000000000000018,0.04999999999999982,0.33999999999999986,0.029999999999999805,0.29000000000000004,-0.22999999999999998,0.5699999999999998,-0.0803000000000001,1.370000000000001,1.0899999999999999,-0.013685330283763841,0.020936108590759783,4.0,0.40000000000000036,6890.89,-0.013728270223440031,1.87,-0.1299999999999999,-0.020000000000000018,-0.7756425157732184,Neutral,Watch,Hidden Credit Stress,Neutral,55,30,HY spread widening,31.2,65,20,0,5,31.304761904761904,48.80952380952381,15.0,5.0,0.0,57.0,53.6,0.39047619047618554,19.523809523809526,25,45,30,27.8,56.7,10.5,Moderate,Elevated,Low,Easy / Supportive,SUPPORTIVE,Low,Elevated Divergence,Healthy,Moderate,Moderate Complacency,No Setup,NEUTRAL,NO TRADE,9.957142857142856,Stable / Neutral,NEUTRAL,"{'final_decision': 'Stress / Stabilization Watch', 'environment': 'Active deterioration or shock', 'action': 'Reduce risk and monitor for stabilization', 'buy_trigger': 'Wait for VIX rollover, HY spread stabilization, and equity drawdown exhaustion', 'risk_off_trigger': 'Already triggered'}",Stress / Stabilization Watch,Active deterioration or shock,Reduce risk and monitor for stabilization,0.25,0.15,0.6,Long Duration,"{'Active shock flag': 25, 'Credit stress': 20, 'SP500 near highs': 12}","[('Benign Risk-On', np.float64(52.0)), ('Late-Cycle Melt-Up', np.float64(41.8)), ('Credit Tightening', np.float64(23.3)), ('COVID Crash', 0), ('Inflation / Duration Shock', 0)]",0.005622185045076167,0.012717232490079278,-0.1499999999999999,-0.18999999999999995,6538.76,6538.76,-0.03789273265266779,-0.03789273265266779,0.0026055462612690414,"('Medium', ['Adequate decision sample size', 'Shock flag active', 'Signals conflicting', 'Labor warning watch'])",Medium,"['Adequate decision sample size', 'Shock flag active', 'Signals conflicting', 'Labor warning watch']"
2025-11-06,4.11,3.57,0.5400000000000005,Normal,4.4,-0.515,-0.523888888888889,3.13,6720.32,19.5,2.28,0.10000000000000053,0.020000000000000462,0.040000000000000036,0.4299999999999997,0.16999999999999993,0.2799999999999998,-0.22999999999999998,0.6599999999999997,-0.08043333333333341,3.3200000000000003,2.59,-0.014953813500939606,0.012405901201722802,4.0,0.40000000000000036,6890.89,-0.02475297095150275,1.8300000000000005,-0.11999999999999966,0.020000000000000462,-1.0214421058759442,Neutral,Watch,Neutral,Neutral,35,15,HY spread widening,31.2,55,30,0,17,31.333333333333332,49.523809523809526,15.714285714285714,5.809523809523809,0.0,53.5,48.4,0.3619047619047606,19.523809523809526,12,38,30,25.7,54.5,13.5,Moderate,Elevated,Low,Easy / Supportive,SUPPORTIVE,Low,Elevated Divergence,Healthy,Moderate,Moderate Complacency,No Setup,NEUTRAL,NO TRADE,9.942857142857143,Stable / Neutral,NEUTRAL,"{'final_decision': 'Stress / Stabilization Watch', 'environment': 'Active deterioration or shock', 'action': 'Reduce risk and monitor for stabilization', 'buy_trigger': 'Wait for VIX rollover, HY spread stabilization, and equity drawdown exhaustion', 'risk_off_trigger': 'Already triggered'}",Stress / Stabilization Watch,Active deterioration or shock,Reduce risk and monitor for stabilization,0.25,0.15,0.6,Long Duration,"{'Active shock flag': 25, 'Credit stress': 20}","[('Benign Risk-On', np.float64(51.1)), ('Late-Cycle Melt-Up', np.float64(39.4)), ('Credit Tightening', np.float64(26.2)), ('COVID Crash', 0), ('Inflation / Duration Shock', 0)]",0.023536081615161297,0.01161849435741158,-0.25,-0.1599999999999997,6538.76,6538.76,-0.027016570639493254,-0.027016570639493254,0.007084020403790324,"('Medium', ['Adequate decision sample size', 'Shock flag active', 'Signals partly aligned', 'Labor warning watch'])",Medium,"['Adequate decision sample size', 'Shock flag active', 'Signals partly aligned', 'Labor warning watch']"
2025-11-07,4.11,3.55,0.5600000000000005,Normal,4.4,-0.512,-0.5239444444444444,3.15,6728.8,19.08,2.28,0.10000000000000053,0.08000000000000052,0.050000000000000266,0.3900000000000001,0.23999999999999977,0.20999999999999996,-0.14000000000000012,0.5300000000000002,-0.0804555555555555,2.34,1.639999999999997,-0.01628607350662259,0.018786564759747604,4.0,0.40000000000000036,6890.89,-0.023522360682001864,1.8300000000000005,-0.13999999999999924,0.08000000000000052,-1.0144552777082791,Neutral,Watch,Neutral,Neutral,35,15,No Shock,30.8,55,30,0,5,31.323809523809523,50.714285714285715,16.904761904761905,6.0476190476190474,0.0,50.0,43.2,0.3047619047619001,19.28571428571429,12,38,40,23.6,52.3,17.5,Moderate,Elevated,Low,Easy / Supportive,SUPPORTIVE,Low,Elevated Divergence,Healthy,Moderate,Moderate Complacency,No Setup,NEUTRAL,NO TRADE,9.795238095238094,Deteriorating / Rising Stress,REDUCE RISK,"{'final_decision': 'Divergence Warning', 'environment': 'Cross-asset signals are diverging', 'action': 'Avoid adding risk until credit, vol, and equities confirm', 'buy_trigger': 'Divergence fades and credit stabilizes', 'risk_off_trigger': 'Divergence worsens with HY widening or VIX spike'}",Divergence Warning,Cross-asset signals are diverging,"Avoid adding risk until credit, vol, and equities confirm",0.35,0.2,0.45,Neutral,{'Credit stress': 20},"[('Benign Risk-On', np.float64(49.3)), ('Late-Cycle Melt-Up', np.float64(36.3)), ('Credit Tightening', np.float64(29.6)), ('COVID Crash', 0), ('Inflation / Duration Shock', 0)]",0.026897812388538833,0.03024313399120193,-0.31999999999999984,-0.2799999999999998,6538.76,6538.76,-0.028242777315420242,-0.028242777315420242,0.010314234335988591,"('High', ['Adequate decision sample size', 'No active shock flag', 'Signals partly aligned', 'Labor warning watch'])",High,"['Adequate decision sample size', 'No active shock flag', 'Signals partly aligned', 'Labor warning watch']"
2025-11-10,4.13,3.58,0.5499999999999998,Normal,4.4,-0.512,-0.524,3.02,6832.43,17.6,2.29,0.10000000000000053,0.029999999999999805,0.020000000000000018,0.27,0.14000000000000012,-0.020000000000000018,-0.14000000000000012,0.41000000000000014,-0.08047777777777776,2.3100000000000023,0.4299999999999997,-0.0028517346106302632,0.02840736336679872,4.0,0.40000000000000036,6890.89,-0.00848366466450634,1.8399999999999999,-0.16000000000000014,0.029999999999999805,-0.9459941600814171,Neutral,Watch,Hidden Credit Stress,Credit Warning / Vol Complacency,70,52,No Shock,31.0,95,30,0,5,31.31428571428571,51.904761904761905,18.095238095238095,6.285714285714286,0.0,51.5,41.7,0.28571428571428115,20.238095238095237,25,52,40,23.6,51.5,21.5,Moderate,Elevated,Low,Easy / Supportive,SUPPORTIVE,Low,Elevated Divergence,Healthy,Moderate,Moderate Complacency,Weak Setup,NEUTRAL,WAIT,10.26190476190476,Deteriorating / Rising Stress,REDUCE RISK,"{'final_decision': 'Divergence Warning', 'environment': 'Cross-asset signals are diverging', 'action': 'Avoid adding risk until credit, vol, and equities confirm', 'buy_trigger': 'Divergence fades and credit stabilizes', 'risk_off_trigger': 'Divergence worsens with HY widening or VIX spike'}",Divergence Warning,Cross-asset signals are diverging,"Avoid adding risk until credit, vol, and equities confirm",0.35,0.2,0.45,Neutral,"{'Credit stress': 20, 'Low VIX': 15, 'SP500 near highs': 12}","[('Benign Risk-On', np.float64(46.9)), ('Late-Cycle Melt-Up', np.float64(33.9)), ('Credit Tightening', np.float64(32.4)), ('COVID Crash', 0), ('Inflation / Duration Shock', 0)]",0.014580464051589193,0.019376707847720276,-0.18000000000000016,-0.18000000000000016,6538.76,6538.76,-0.04298177954256388,-0.04298177954256388,0.006003162418056217,"('Medium', ['Adequate decision sample size', 'No active shock flag', 'Signals conflicting', 'Labor warning watch'])",Medium,"['Adequate decision sample size', 'No active shock flag', 'Signals conflicting', 'Labor warning watch']"
2025-11-12,4.08,3.56,0.52,Normal,4.4,-0.512,-0.5241111111111111,3.02,6850.92,17.51,2.27,0.10000000000000053,0.050000000000000266,4.440892098500626e-16,0.2799999999999998,0.2200000000000002,-0.10999999999999988,-0.13999999999999968,0.4199999999999995,-0.08055555555555549,1.3900000000000006,-1.4899999999999984,0.01172109782841435,0.028479810725078547,4.0,0.40000000000000036,6890.89,-0.005800411848106757,1.81,-0.20999999999999952,0.050000000000000266,-1.1263043360617426,Neutral,Watch,Hidden Credit Stress,Credit Warning / Vol Complacency,70,52,No Shock,31.6,85,20,0,5,31.323809523809523,52.38095238095238,17.142857142857142,5.095238095238095,0.0,53.0,40.2,0.24761904761904674,18.80952380952381,25,52,40,23.6,50.7,25.5,Moderate,Elevated,Low,Easy / Supportive,SUPPORTIVE,Low,Elevated Divergence,Healthy,Moderate,Moderate Complacency,Weak Setup,NEUTRAL,WAIT,9.528571428571428,Deteriorating / Rising Stress,REDUCE RISK,"{'final_decision': 'Divergence Warning', 'environment': 'Cross-asset signals are diverging', 'action': 'Avoid adding risk until credit, vol, and equities confirm', 'buy_trigger': 'Divergence fades and credit stabilizes', 'risk_off_trigger': 'Divergence worsens with HY widening or VIX spike'}",Divergence Warning,Cross-asset signals are diverging,"Avoid adding risk until credit, vol, and equities confirm",0.35,0.2,0.45,Neutral,"{'Credit stress': 20, 'Low VIX': 15, 'SP500 near highs': 12}","[('Benign Risk-On', np.float64(44.9)), ('Credit Tightening', np.float64(34.8)), ('Late-Cycle Melt-Up', np.float64(31.8)), ('COVID Crash', 0), ('Inflation / Duration Shock', 0)]",0.011534217302201721,0.01326683131608597,-0.16000000000000014,-0.16000000000000014,6538.76,6538.76,-0.04556468328341301,-0.04556468328341301,0.004936976055770602,"('Medium', ['Adequate decision sample size', 'No active shock flag', 'Signals conflicting', 'Labor warning watch'])",Medium,"['Adequate decision sample size', 'No active shock flag', 'Signals conflicting', 'Labor warning watch']"
2025-11-13,4.11,3.58,0.5300000000000002,Normal,4.4,-0.512,-0.5241666666666667,3.09,6737.49,20.0,2.28,0.10000000000000053,0.029999999999999805,-0.009999999999999787,0.29000000000000004,0.22999999999999998,0.040000000000000036,-0.08000000000000007,0.3700000000000001,-0.0801,3.719999999999999,1.9899999999999984,-0.00865177913243842,0.007330536476259031,4.0,0.40000000000000036,6890.89,-0.022261275394034774,1.8300000000000005,-0.21999999999999975,0.029999999999999805,-0.9950949691074356,Neutral,Watch,Neutral,Neutral,0,15,No Shock,31.4,45,30,0,17,31.342857142857138,50.0,16.666666666666668,5.095238095238095,0.0,53.0,35.0,0.23809523809523725,15.714285714285715,12,38,30,21.1,48.0,28.5,Moderate,Elevated,Low,Easy / Supportive,SUPPORTIVE,Low,Elevated Divergence,Weakening,Moderate,Moderate Complacency,Weak Setup,NEUTRAL,WAIT,7.976190476190476,Deteriorating / Rising Stress,REDUCE RISK,"{'final_decision': 'Divergence Warning', 'environment': 'Cross-asset signals are diverging', 'action': 'Avoid adding risk until credit, vol, and equities confirm', 'buy_trigger': 'Divergence fades and credit stabilizes', 'risk_off_trigger': 'Divergence worsens with HY widening or VIX spike'}",Divergence Warning,Cross-asset signals are diverging,"Avoid adding risk until credit, vol, and equities confirm",0.35,0.2,0.45,Neutral,{'Credit stress': 20},"[('Benign Risk-On', np.float64(45.4)), ('Credit Tightening', np.float64(36.2)), ('Late-Cycle Melt-Up', np.float64(30.4)), ('COVID Crash', 0), ('Inflation / Duration Shock', 0)]",0.024972207750957764,0.030275369610938352,-0.21999999999999975,-0.25,6538.76,6538.76,-0.029496147675172724,-0.029496147675172724,0.009640272712835216,"('High', ['Adequate decision sample size', 'No active shock flag', 'Signals partly aligned', 'Labor warning watch'])",High,"['Adequate decision sample size', 'No active shock flag', 'Signals partly aligned', 'Labor warning watch']"
2025-11-14,4.14,3.62,0.5199999999999996,Normal,4.4,-0.51,-0.5241333333333333,3.07,6734.11,19.83,2.28,0.10000000000000053,-4.440892098500626e-16,-0.020000000000000906,0.2599999999999998,0.1499999999999999,-0.06000000000000005,-0.08999999999999986,0.34999999999999964,-0.07981111111111117,3.539999999999999,0.3299999999999983,0.0020519856197322994,0.003413696507331032,4.0,0.40000000000000036,6890.89,-0.022751778072208517,1.8599999999999999,-0.20999999999999996,-4.440892098500626e-16,-0.8040271477026737,Neutral,Watch,Neutral,Neutral,15,15,No Shock,31.6,45,30,0,17,31.37142857142857,50.476190476190474,17.38095238095238,5.809523809523809,0.0,49.0,31.3,0.20952380952380878,14.76190476190476,12,38,40,19.8,45.8,32.5,Moderate,Elevated,Low,Easy / Supportive,SUPPORTIVE,Low,Elevated Divergence,Weakening,Low,Moderate Complacency,Weak Setup,NEUTRAL,WAIT,7.485714285714284,Deteriorating / Rising Stress,REDUCE RISK,"{'final_decision': 'Divergence Warning', 'environment': 'Cross-asset signals are diverging', 'action': 'Avoid adding risk until credit, vol, and equities confirm', 'buy_trigger': 'Divergence fades and credit stabilizes', 'risk_off_trigger': 'Divergence worsens with HY widening or VIX spike'}",Divergence Warning,Cross-asset signals are diverging,"Avoid adding risk until credit, vol, and equities confirm",0.35,0.2,0.45,Neutral,{'Credit stress': 20},"[('Benign Risk-On', np.float64(43.0)), ('Credit Tightening', np.float64(38.8)), ('Late-Cycle Melt-Up', np.float64(27.1)), ('Inflation / Duration Shock', np.float64(0.4)), ('COVID Crash', 0)]",0.024075935795524694,0.014649300352979067,-0.22999999999999998,-0.1499999999999999,6538.76,6538.76,-0.029009030146522674,-0.029009030146522674,0.009326577528433641,"('High', ['Adequate decision sample size', 'No active shock flag', 'Signals partly aligned', 'Labor warning watch'])",High,"['Adequate decision sample size', 'No active shock flag', 'Signals partly aligned', 'Labor warning watch']"
2025-11-17,4.13,3.6,0.5299999999999998,Normal,4.4,-0.51,-0.5241,3.13,6672.41,22.38,2.28,0.10000000000000053,0.04999999999999982,-0.030000000000000693,0.31999999999999984,0.18999999999999995,-0.020000000000000018,-0.1299999999999999,0.44999999999999973,-0.07952222222222222,5.75,3.3000000000000007,-0.008380394721198448,-0.006394305583476756,4.0,0.40000000000000036,6890.89,-0.03170562873591076,1.85,-0.1599999999999997,0.04999999999999982,-0.8601611204159414,Neutral,Watch,Broad Risk-Off,Neutral,0,0,No Shock,31.4,75,40,0,17,31.419047619047618,50.0,18.095238095238095,5.904761904761905,0.0,40.5,26.1,0.19999999999999574,10.476190476190474,12,30,45,18.5,42.8,35.5,Moderate,Elevated,Low,Easy / Supportive,SUPPORTIVE,Low,Elevated Divergence,Weakening,Low,Moderate Complacency,Weak Setup,NEUTRAL,WAIT,5.338095238095235,Deteriorating / Rising Stress,REDUCE RISK,"{'final_decision': 'Divergence Warning', 'environment': 'Cross-asset signals are diverging', 'action': 'Avoid adding risk until credit, vol, and equities confirm', 'buy_trigger': 'Divergence fades and credit stabilizes', 'risk_off_trigger': 'Divergence worsens with HY widening or VIX spike'}",Divergence Warning,Cross-asset signals are diverging,"Avoid adding risk until credit, vol, and equities confirm",0.35,0.2,0.45,Neutral,{'Credit stress': 20},"[('Benign Risk-On', np.float64(41.5)), ('Credit Tightening', np.float64(40.6)), ('Late-Cycle Melt-Up', np.float64(24.1)), ('Inflation / Duration Shock', np.float64(1.1)), ('COVID Crash', 0)]",0.025941151697812304,0.024542856329272444,-0.31999999999999984,-0.17999999999999972,6538.76,6538.76,-0.02003024394484143,-0.02003024394484143,0.009979403094234306,"('Medium', ['Adequate decision sample size', 'No active shock flag', 'Signals conflicting', 'Labor warning watch'])",Medium,"['Adequate decision sample size', 'No active shock flag', 'Signals conflicting', 'Labor warning watch']"
2025-11-18,4.12,3.58,0.54,Normal,4.4,-0.51,-0.5240666666666667,3.2,6617.32,24.69,2.27,0.10000000000000053,0.050000000000000266,-0.009999999999999787,0.40000000000000036,0.28000000000000025,0.18000000000000016,-0.15000000000000036,0.5500000000000007,-0.07923333333333332,8.040000000000003,7.09,-0.03148367418327014,-0.014662459665951477,4.0,0.40000000000000036,6890.89,-0.03970024191359911,1.85,-0.1599999999999997,0.050000000000000266,-0.853661973429417,Neutral,Watch,Broad Risk-Off,Neutral,0,0,VIX spike | Equity selloff,31.2,75,40,0,30,31.43809523809524,50.0,18.80952380952381,6.523809523809524,0.0,33.5,20.9,0.20000000000000284,6.428571428571431,12,30,45,17.2,40.6,37.0,Moderate,Elevated,Low,Easy / Supportive,SUPPORTIVE,Low,Moderate Divergence,Weakening,Low,Moderate Complacency,Weak Setup,NEUTRAL,WAIT,3.3142857142857167,Deteriorating / Rising Stress,REDUCE RISK,"{'final_decision': 'Stress / Stabilization Watch', 'environment': 'Active deterioration or shock', 'action': 'Reduce risk and monitor for stabilization', 'buy_trigger': 'Wait for VIX rollover, HY spread stabilization, and equity drawdown exhaustion', 'risk_off_trigger': 'Already triggered'}",Stress / Stabilization Watch,Active deterioration or shock,Reduce risk and monitor for stabilization,0.25,0.15,0.6,Long Duration,"{'Active shock flag': 25, 'Credit stress': 20}","[('Credit Tightening', np.float64(41.7)), ('Benign Risk-On', np.float64(40.4)), ('Late-Cycle Melt-Up', np.float64(22.0)), ('Inflation / Duration Shock', np.float64(1.6)), ('COVID Crash', 0)]",0.0364422455011999,0.03413768716036114,-0.3700000000000001,-0.26000000000000023,6538.76,6538.76,-0.011871875623364114,-0.011871875623364114,0.010310561375299974,"('Medium', ['Adequate decision sample size', 'Shock flag active', 'Signals conflicting', 'Labor warning watch'])",Medium,"['Adequate decision sample size', 'Shock flag active', 'Signals conflicting', 'Labor warning watch']"
2025-11-19,4.13,3.58,0.5499999999999998,Normal,4.4,-0.51,-0.5240333333333334,3.17,6642.16,23.66,2.27,0.10000000000000053,0.020000000000000018,0.029999999999999805,0.41000000000000014,0.19999999999999973,0.1499999999999999,-0.1200000000000001,0.5300000000000002,-0.07868888888888886,7.289999999999999,6.149999999999999,-0.030471819843174375,-0.014557258748894686,4.0,0.40000000000000036,6890.89,-0.03609548258642936,1.8599999999999999,-0.19999999999999973,0.020000000000000018,-0.7850687516376879,Neutral,Watch,Broad Risk-Off,Neutral,0,0,VIX spike | Equity selloff,31.0,75,40,0,30,31.428571428571427,51.42857142857143,20.0,7.857142857142857,0.0,28.0,19.4,0.16190476190475778,5.238095238095241,12,30,55,15.9,39.1,39.5,Moderate,Elevated,Moderate,Easy / Supportive,SUPPORTIVE,Low,Moderate Divergence,Poor,Low,Low Complacency,Weak Setup,NEUTRAL,WAIT,2.6999999999999993,Deteriorating / Rising Stress,REDUCE RISK,"{'final_decision': 'Stress / Stabilization Watch', 'environment': 'Active deterioration or shock', 'action': 'Reduce risk and monitor for stabilization', 'buy_trigger': 'Wait for VIX rollover, HY spread stabilization, and equity drawdown exhaustion', 'risk_off_trigger': 'Already triggered'}",Stress / Stabilization Watch,Active deterioration or shock,Reduce risk and monitor for stabilization,0.25,0.15,0.6,Long Duration,"{'Active shock flag': 25, 'Credit stress': 20}","[('Credit Tightening', np.float64(43.4)), ('Benign Risk-On', np.float64(37.8)), ('Late-Cycle Melt-Up', np.float64(19.1)), ('Inflation / Duration Shock', np.float64(1.9)), ('COVID Crash', 0)]",0.03912733207269925,0.036004853842726,-0.3599999999999999,-0.31000000000000005,6538.76,6538.76,-0.01556722511953934,-0.01556722511953934,0.010981833018174812,"('Medium', ['Adequate decision sample size', 'Shock flag active', 'Signals conflicting', 'Labor warning watch'])",Medium,"['Adequate decision sample size', 'Shock flag active', 'Signals conflicting', 'Labor warning watch']"
2025-11-20,4.1,3.55,0.5499999999999998,Normal,4.4,-0.51,-0.524,3.17,6538.76,26.42,2.24,0.10000000000000053,0.020000000000000018,0.019999999999999574,0.3500000000000001,0.21999999999999975,0.08000000000000007,0.020000000000000018,0.33000000000000007,-0.07814444444444452,9.180000000000003,6.420000000000002,-0.029496147675172724,-0.02618626006949043,4.0,0.40000000000000036,6890.89,-0.0511008012027474,1.8599999999999994,-0.18000000000000016,0.020000000000000018,-0.7789691240890763,Neutral,Watch,Broad Risk-Off,Neutral,0,0,VIX spike,31.0,75,40,0,30,31.40952380952381,53.80952380952381,21.19047619047619,9.285714285714286,0.0,22.5,16.4,0.10476190476190794,5.0,0,22,80,13.4,36.8,44.5,Moderate,Elevated,Moderate,Easy / Supportive,SUPPORTIVE,Low,Moderate Divergence,Poor,Low,Low Complacency,Moderate Mean-Reversion Setup,NEUTRAL,WATCH ENTRY,2.552380952380954,Deteriorating / Rising Stress,REDUCE RISK,"{'final_decision': 'Stress / Stabilization Watch', 'environment': 'Active deterioration or shock', 'action': 'Reduce risk and monitor for stabilization', 'buy_trigger': 'Wait for VIX rollover, HY spread stabilization, and equity drawdown exhaustion', 'risk_off_trigger': 'Already triggered'}",Stress / Stabilization Watch,Active deterioration or shock,Reduce risk and monitor for stabilization,0.25,0.15,0.6,Long Duration,"{'Active shock flag': 25, 'Credit stress': 20}","[('Credit Tightening', np.float64(46.1)), ('Benign Risk-On', np.float64(32.7)), ('Late-Cycle Melt-Up', np.float64(14.0)), ('Inflation / Duration Shock', np.float64(2.0)), ('COVID Crash', 0)]",0.06210045941432307,0.04941762658363369,-0.3799999999999999,-0.29000000000000004,6602.99,6602.99,0.00982296337531885,0.00982296337531885,0.016725114853580768,"('Medium', ['Adequate decision sample size', 'Shock flag active', 'Signals conflicting', 'Labor warning watch'])",Medium,"['Adequate decision sample size', 'Shock flag active', 'Signals conflicting', 'Labor warning watch']"
2025-11-21,4.06,3.51,0.5499999999999998,Normal,4.4,-0.509,-0.5239,3.19,6602.99,23.43,2.24,0.10000000000000053,0.0,0.03000000000000025,0.3500000000000001,0.23999999999999977,0.1200000000000001,0.06000000000000005,0.29000000000000004,-0.07753333333333334,7.129999999999999,3.6000000000000014,-0.019471021411886613,-0.022318070633665643,4.0,0.40000000000000036,6890.89,-0.04177979912609264,1.8199999999999994,-0.27000000000000046,0.0,-1.0208623320818313,Neutral,Watch,Broad Risk-Off,Neutral,0,0,No Shock,31.0,65,40,0,30,31.38095238095238,55.95238095238095,22.38095238095238,10.619047619047619,0.0,19.0,14.9,0.04761904761904745,6.4285714285714235,12,30,55,13.4,36.0,47.0,Moderate,Elevated,Moderate,Easy / Supportive,SUPPORTIVE,Low,Low Divergence,Poor,Low,Low Complacency,Moderate Mean-Reversion Setup,NEUTRAL,WATCH ENTRY,3.2380952380952355,Deteriorating / Rising Stress,REDUCE RISK,"{'final_decision': 'Watch Entry', 'environment': 'Stress building but entry setup incomplete', 'action': 'Watch for entry, do not chase yet', 'buy_trigger': 'VIX > 25, SP500 drawdown > 5%, HY spread stabilization', 'risk_off_trigger': 'HY 5D widening > 0.25 and VIX +5'}",Watch Entry,Stress building but entry setup incomplete,"Watch for entry, do not chase yet",0.35,0.25,0.4,Neutral / Slight Long,{'Credit stress': 20},"[('Credit Tightening', np.float64(47.5)), ('Benign Risk-On', np.float64(29.6)), ('Late-Cycle Melt-Up', np.float64(11.1)), ('Inflation / Duration Shock', np.float64(1.9)), ('COVID Crash', 0)]",0.048150913449815924,0.04642139394425859,-0.3999999999999999,-0.33000000000000007,6705.12,6705.12,0.015467235297948356,0.015467235297948356,0.017652819707435572,"('Medium', ['Adequate decision sample size', 'No active shock flag', 'Signals conflicting', 'Labor warning watch'])",Medium,"['Adequate decision sample size', 'No active shock flag', 'Signals conflicting', 'Labor warning watch']"
2025-11-24,4.04,3.46,0.5800000000000001,Normal,4.4,-0.509,-0.5238,3.15,6705.12,20.52,2.23,0.10000000000000053,0.0,0.050000000000000266,0.19999999999999973,0.1499999999999999,0.020000000000000018,0.17000000000000037,0.02999999999999936,-0.07692222222222223,4.09,-1.8599999999999994,0.004902276688632856,-0.004452785477891186,4.0,0.40000000000000036,6890.89,-0.026958781811928567,1.81,-0.23999999999999977,0.0,-1.0751482941886183,Neutral,Watch,Broad Risk-Off,Neutral,0,15,No Shock,30.4,30,15,0,2,31.333333333333332,56.666666666666664,22.857142857142858,10.714285714285714,0.0,15.5,14.9,0.00952380952380949,5.952380952380949,12,38,25,13.4,36.0,45.5,Moderate,Elevated,Moderate,Easy / Supportive,SUPPORTIVE,Low,Low Divergence,Poor,Low,Low Complacency,Moderate Mean-Reversion Setup,NEUTRAL,WATCH ENTRY,2.9809523809523792,Deteriorating / Rising Stress,REDUCE RISK,"{'final_decision': 'Watch Entry', 'environment': 'Stress building but entry setup incomplete', 'action': 'Watch for entry, do not chase yet', 'buy_trigger': 'VIX > 25, SP500 drawdown > 5%, HY spread stabilization', 'risk_off_trigger': 'HY 5D widening > 0.25 and VIX +5'}",Watch Entry,Stress building but entry setup incomplete,"Watch for entry, do not chase yet",0.35,0.25,0.4,Neutral / Slight Long,{'Credit stress': 20},"[('Credit Tightening', np.float64(47.5)), ('Benign Risk-On', np.float64(30.1)), ('Late-Cycle Melt-Up', np.float64(11.5)), ('Inflation / Duration Shock', np.float64(2.0)), ('COVID Crash', 0)]",0.03226489607941385,0.01978040661464675,-0.3900000000000001,-0.19999999999999973,6721.43,6721.43,0.002432469515832647,0.002432469515832647,0.012092713627794847,"('Medium', ['Adequate decision sample size', 'No active shock flag', 'Signals conflicting', 'Labor warning watch'])",Medium,"['Adequate decision sample size', 'No active shock flag', 'Signals conflicting', 'Labor warning watch']"
2025-11-25,4.01,3.43,0.5799999999999996,Normal,4.4,-0.509,-0.5237,3.1,6765.88,18.56,2.22,0.10000000000000053,0.020000000000000018,0.03999999999999959,-0.08000000000000007,0.18999999999999995,-0.10000000000000009,0.43000000000000016,-0.5100000000000002,-0.07631111111111116,-3.1000000000000014,-6.130000000000003,0.022450176204263927,0.032563094142549875,4.0,0.40000000000000036,6890.89,-0.018141343135647192,1.7899999999999996,-0.25,0.020000000000000018,-1.1901013365875388,Neutral,Watch,Risk-On Confirmation,Neutral,0,45,No Shock,30.4,0,0,0,0,31.29523809523809,55.23809523809524,22.61904761904762,10.714285714285714,0.0,8.5,14.2,-0.01904761904761898,3.3333333333333357,55,50,25,16.4,35.8,44.0,Moderate,Elevated,Moderate,Easy / Supportive,SUPPORTIVE,Low,Low Divergence,Poor,Low,Low Complacency,Moderate Mean-Reversion Setup,NEUTRAL,WATCH ENTRY,1.6571428571428584,Deteriorating / Rising Stress,REDUCE RISK,"{'final_decision': 'Watch Entry', 'environment': 'Stress building but entry setup incomplete', 'action': 'Watch for entry, do not chase yet', 'buy_trigger': 'VIX > 25, SP500 drawdown > 5%, HY spread stabilization', 'risk_off_trigger': 'HY 5D widening > 0.25 and VIX +5'}",Watch Entry,Stress building but entry setup incomplete,"Watch for entry, do not chase yet",0.35,0.25,0.4,Neutral / Slight Long,"{'Credit stress': 20, 'SP500 near highs': 12}","[('Credit Tightening', np.float64(46.7)), ('Benign Risk-On', np.float64(32.0)), ('Late-Cycle Melt-Up', np.float64(12.9)), ('Inflation / Duration Shock', np.float64(2.2)), ('COVID Crash', 0)]",0.029619206961991607,0.018355335891266034,-0.3599999999999999,-0.1299999999999999,6721.43,6721.43,-0.0065697292887251235,-0.0065697292887251235,0.011166722436697063,"('High', ['Adequate decision sample size', 'No active shock flag', 'Signals partly aligned', 'Labor warning watch'])",High,"['Adequate decision sample size', 'No active shock flag', 'Signals partly aligned', 'Labor warning watch']"
2025-11-26,4.0,3.45,0.5499999999999998,Normal,4.4,-0.509,-0.5236000000000001,3.0,6812.61,17.19,2.23,0.10000000000000053,-0.010000000000000675,0.0,-0.10999999999999988,0.06999999999999984,-0.16999999999999993,0.29000000000000004,-0.3999999999999999,-0.07544444444444448,-3.6199999999999974,-6.469999999999999,0.02566183289773205,0.025329943967093538,4.0,0.40000000000000036,6890.89,-0.011359925931193282,1.77,-0.26000000000000023,-0.010000000000000675,-1.303111241934666,Neutral,Watch,Risk-On Confirmation,Neutral,0,57,No Shock,31.0,0,0,0,0,31.276190476190475,54.523809523809526,22.38095238095238,10.714285714285714,0.0,1.5,14.7,-0.04761904761904745,2.142857142857146,55,57,25,19.4,36.3,42.5,Moderate,Elevated,Moderate,Easy / Supportive,SUPPORTIVE,Low,Low Divergence,Poor,Low,Low Complacency,Moderate Mean-Reversion Setup,NEUTRAL,WATCH ENTRY,1.0476190476190492,Deteriorating / Rising Stress,REDUCE RISK,"{'final_decision': 'Watch Entry', 'environment': 'Stress building but entry setup incomplete', 'action': 'Watch for entry, do not chase yet', 'buy_trigger': 'VIX > 25, SP500 drawdown > 5%, HY spread stabilization', 'risk_off_trigger': 'HY 5D widening > 0.25 and VIX +5'}",Watch Entry,Stress building but entry setup incomplete,"Watch for entry, do not chase yet",0.35,0.25,0.4,Neutral / Slight Long,"{'Credit stress': 20, 'Low VIX': 15, 'SP500 near highs': 12}","[('Credit Tightening', np.float64(46.0)), ('Benign Risk-On', np.float64(33.5)), ('Late-Cycle Melt-Up', np.float64(14.3)), ('Inflation / Duration Shock', np.float64(2.2)), ('COVID Crash', 0)]",0.024169884963325394,0.01959894959494246,-0.2599999999999998,-0.06000000000000005,6721.43,6721.43,-0.013384004074796452,-0.013384004074796452,0.009259459737163888,"('High', ['Adequate decision sample size', 'No active shock flag', 'Signals partly aligned', 'Labor warning watch'])",High,"['Adequate decision sample size', 'No active shock flag', 'Signals partly aligned', 'Labor warning watch']"
2025-11-28,4.02,3.47,0.5499999999999994,Normal,4.4,-0.51,-0.5233666666666666,2.95,6849.09,16.35,2.23,0.10000000000000053,0.019999999999999574,-4.440892098500626e-16,0.0,0.06000000000000005,-0.21999999999999975,0.03000000000000025,-0.03000000000000025,-0.07444444444444442,-4.289999999999999,-10.07,0.04746006888156162,0.026686913324119432,4.0,0.40000000000000036,6890.89,-0.0060659798661711894,1.7899999999999996,-0.1900000000000004,0.019999999999999574,-1.1698888034971158,Neutral,Watch,Neutral,Neutral,0,67,No Shock,31.0,5,0,0,0,31.247619047619043,52.857142857142854,22.142857142857142,10.714285714285714,0.0,1.5,19.9,-0.0952380952380949,2.857142857142854,43,60,25,22.5,38.5,42.0,Moderate,Elevated,Moderate,Easy / Supportive,SUPPORTIVE,Low,Low Divergence,Poor,Moderate,Low Complacency,Moderate Mean-Reversion Setup,NEUTRAL,WATCH ENTRY,1.3809523809523796,Deteriorating / Rising Stress,REDUCE RISK,"{'final_decision': 'Watch Entry', 'environment': 'Stress building but entry setup incomplete', 'action': 'Watch for entry, do not chase yet', 'buy_trigger': 'VIX > 25, SP500 drawdown > 5%, HY spread stabilization', 'risk_off_trigger': 'HY 5D widening > 0.25 and VIX +5'}",Watch Entry,Stress building but entry setup incomplete,"Watch for entry, do not chase yet",0.35,0.25,0.4,Neutral / Slight Long,"{'Credit stress': 20, 'HY spread tightness': 18, 'Low VIX': 15, 'SP500 near highs': 12}","[('Credit Tightening', np.float64(44.7)), ('Benign Risk-On', np.float64(35.2)), ('Late-Cycle Melt-Up', np.float64(16.8)), ('Inflation / Duration Shock', np.float64(1.8)), ('COVID Crash', 0)]",0.016739450058328886,0.00872670675958398,-0.20000000000000018,0.029999999999999805,6721.43,6721.43,-0.018638972476635596,-0.018638972476635596,0.00665880752041511,"('High', ['Adequate decision sample size', 'No active shock flag', 'Signals partly aligned', 'Labor warning watch'])",High,"['Adequate decision sample size', 'No active shock flag', 'Signals partly aligned', 'Labor warning watch']"
2025-12-01,4.09,3.54,0.5499999999999998,Normal,4.4,-0.51,-0.5232333333333333,2.94,6812.63,17.24,2.24,0.10000000000000053,0.03000000000000025,0.0,-0.10000000000000009,0.040000000000000036,-0.25,0.16000000000000014,-0.26000000000000023,-0.07354444444444441,-8.07,-6.190000000000001,0.031749252989933474,0.027690158649705143,4.0,0.40000000000000036,6890.89,-0.011357023548482115,1.8499999999999996,-0.10999999999999988,0.03000000000000025,-0.7949395889449095,Neutral,Watch,Risk-On Confirmation,Neutral,0,72,No Shock,31.0,0,0,0,0,31.19047619047619,52.142857142857146,22.142857142857142,10.714285714285714,0.0,0.0,25.6,-0.1809523809523803,1.6666666666666714,70,73,25,28.3,42.0,40.5,Moderate,Elevated,Moderate,Easy / Supportive,SUPPORTIVE,Low,Low Divergence,Weakening,Moderate,Moderate Complacency,Moderate Mean-Reversion Setup,NEUTRAL,WATCH ENTRY,0.7428571428571455,Deteriorating / Rising Stress,REDUCE RISK,"{'final_decision': 'Watch Entry', 'environment': 'Stress building but entry setup incomplete', 'action': 'Watch for entry, do not chase yet', 'buy_trigger': 'VIX > 25, SP500 drawdown > 5%, HY spread stabilization', 'risk_off_trigger': 'HY 5D widening > 0.25 and VIX +5'}",Watch Entry,Stress building but entry setup incomplete,"Watch for entry, do not chase yet",0.35,0.25,0.4,Neutral / Slight Long,"{'Credit stress': 20, 'HY spread tightness': 18, 'Low VIX': 15, 'VIX compression': 12, 'SP500 near highs': 12}","[('Credit Tightening', np.float64(43.1)), ('Benign Risk-On', np.float64(37.0)), ('Late-Cycle Melt-Up', np.float64(20.1)), ('Inflation / Duration Shock', np.float64(1.2)), ('COVID Crash', 0)]",0.01672922204787297,0.009724585072138137,-0.18000000000000016,0.16000000000000014,6721.43,6721.43,-0.01338690050685265,-0.01338690050685265,0.00665522771675554,"('High', ['Adequate decision sample size', 'No active shock flag', 'Signals partly aligned', 'Labor warning watch'])",High,"['Adequate decision sample size', 'No active shock flag', 'Signals partly aligned', 'Labor warning watch']"
2025-12-02,4.09,3.51,0.5800000000000001,Normal,4.4,-0.51,-0.5231,2.92,6829.37,16.59,2.24,0.10000000000000053,0.05999999999999961,0.0,-0.1200000000000001,0.08999999999999986,-0.22999999999999998,0.20000000000000018,-0.3200000000000003,-0.0726444444444444,-4.190000000000001,-3.9299999999999997,0.01853061541031331,0.024813888334501266,4.0,0.40000000000000036,6890.89,-0.008927729219302627,1.8499999999999996,-0.1800000000000006,0.05999999999999961,-0.7898910341375577,Neutral,Watch,Risk-On Confirmation,Neutral,0,67,No Shock,30.4,0,0,0,0,31.114285714285717,50.714285714285715,21.904761904761905,10.714285714285714,0.0,0.0,32.3,-0.3047619047619001,0.7142857142857153,55,65,25,32.6,45.5,38.5,Moderate,Elevated,Moderate,Easy / Supportive,SUPPORTIVE,Low,Low Divergence,Weakening,Moderate,Moderate Complacency,Weak Setup,NEUTRAL,WAIT,0.2047619047619076,Deteriorating / Rising Stress,REDUCE RISK,"{'final_decision': 'Neutral', 'environment': 'Mixed / neutral', 'action': 'Neutral positioning', 'buy_trigger': 'Wait for clearer mean-reversion or benign setup', 'risk_off_trigger': 'Shock flag or rising macro/credit stress'}",Neutral,Mixed / neutral,Neutral positioning,0.45,0.25,0.3,Neutral,"{'Credit stress': 20, 'HY spread tightness': 18, 'Low VIX': 15, 'SP500 near highs': 12}","[('Credit Tightening', np.float64(40.8)), ('Benign Risk-On', np.float64(39.3)), ('Late-Cycle Melt-Up', np.float64(24.0)), ('Inflation / Duration Shock', np.float64(0.4)), ('COVID Crash', 0)]",0.01685367757201628,0.007650778915185397,-0.20999999999999996,0.10999999999999988,6721.43,6721.43,-0.015805264614451975,-0.015805264614451975,0.008184154907407325,"('High', ['Adequate decision sample size', 'No active shock flag', 'Signals partly aligned', 'Labor warning watch'])",High,"['Adequate decision sample size', 'No active shock flag', 'Signals partly aligned', 'Labor warning watch']"
2025-12-03,4.06,3.49,0.5699999999999994,Normal,4.4,-0.51,-0.5229666666666668,2.89,6849.72,16.08,2.24,0.10000000000000053,0.04999999999999982,-0.010000000000000231,-0.10000000000000009,0.07000000000000028,-0.20999999999999996,0.16000000000000014,-0.26000000000000023,-0.07174444444444461,-2.150000000000002,-2.4800000000000004,0.0123915883817034,0.017013777016924747,4.0,0.40000000000000036,6890.89,-0.005974554810771915,1.8199999999999994,-0.16000000000000014,0.04999999999999982,-0.968854591147888,Neutral,Watch,Risk-On Confirmation,Neutral,0,37,No Shock,30.6,0,0,0,0,31.057142857142853,46.904761904761905,21.666666666666668,10.476190476190476,0.0,0.0,36.0,-0.3809523809523867,-3.095238095238095,63,73,15,37.7,49.8,35.5,Moderate,Elevated,Moderate,Easy / Supportive,SUPPORTIVE,Low,Low Divergence,Weakening,Moderate,Moderate Complacency,Weak Setup,NEUTRAL,WAIT,-1.7380952380952408,Stable / Neutral,NEUTRAL,"{'final_decision': 'Neutral', 'environment': 'Mixed / neutral', 'action': 'Neutral positioning', 'buy_trigger': 'Wait for clearer mean-reversion or benign setup', 'risk_off_trigger': 'Shock flag or rising macro/credit stress'}",Neutral,Mixed / neutral,Neutral positioning,0.45,0.25,0.3,Neutral,"{'Credit stress': 20, 'HY spread tightness': 18, 'Low VIX': 15, 'SP500 near highs': 12}","[('Benign Risk-On', np.float64(43.5)), ('Credit Tightening', np.float64(36.7)), ('Late-Cycle Melt-Up', np.float64(30.0)), ('COVID Crash', 0), ('Inflation / Duration Shock', 0)]",0.013181560706130968,-0.004830854399887952,-0.2400000000000002,0.18999999999999995,6721.43,6721.43,-0.01872923272776117,-0.01872923272776117,0.006531702317758936,"('High', ['Adequate decision sample size', 'No active shock flag', 'Signals partly aligned', 'Labor warning watch'])",High,"['Adequate decision sample size', 'No active shock flag', 'Signals partly aligned', 'Labor warning watch']"
2025-12-04,4.11,3.52,0.5900000000000003,Normal,4.4,-0.51,-0.5228333333333334,2.88,6857.12,15.78,2.26,0.10000000000000053,0.10000000000000009,0.04000000000000048,-0.0900000000000003,0.040000000000000036,-0.1200000000000001,0.13000000000000034,-0.22000000000000064,-0.07060000000000005,-2.0900000000000016,-1.410000000000002,0.0065334724870498295,0.01807923864387151,4.0,0.40000000000000036,6890.89,-0.004900673207669848,1.8500000000000005,-0.10999999999999988,0.10000000000000009,-0.7817934854766289,Neutral,Watch,Risk-On Confirmation,Neutral,0,37,No Shock,30.2,0,0,0,0,31.0,42.857142857142854,20.714285714285715,10.238095238095237,0.0,0.0,39.7,-0.42857142857142705,-8.571428571428577,63,73,15,42.8,54.1,31.5,Moderate,Elevated,Moderate,Easy / Supportive,SUPPORTIVE,Low,Low Divergence,Weakening,Elevated,Moderate Complacency,Weak Setup,NEUTRAL,WAIT,-4.500000000000002,Stable / Neutral,NEUTRAL,"{'final_decision': 'Neutral', 'environment': 'Mixed / neutral', 'action': 'Neutral positioning', 'buy_trigger': 'Wait for clearer mean-reversion or benign setup', 'risk_off_trigger': 'Shock flag or rising macro/credit stress'}",Neutral,Mixed / neutral,Neutral positioning,0.45,0.25,0.3,Neutral,"{'Credit stress': 20, 'HY spread tightness': 18, 'Low VIX': 15, 'SP500 near highs': 12}","[('Benign Risk-On', np.float64(48.1)), ('Late-Cycle Melt-Up', np.float64(36.6)), ('Credit Tightening', np.float64(31.8)), ('COVID Crash', 0), ('Inflation / Duration Shock', 0)]",-0.00878794595981991,0.0018054226847423749,-0.1499999999999999,0.0900000000000003,6721.43,6721.43,-0.019788190960636443,-0.019788190960636443,-0.00335457568191896,"('High', ['Adequate decision sample size', 'No active shock flag', 'Signals partly aligned', 'Labor warning watch'])",High,"['Adequate decision sample size', 'No active shock flag', 'Signals partly aligned', 'Labor warning watch']"
2025-12-05,4.14,3.56,0.5799999999999996,Normal,4.4,-0.513,-0.5226999999999999,2.85,6870.4,15.41,2.26,0.10000000000000053,0.06999999999999984,0.03000000000000025,-0.1599999999999997,0.03000000000000025,-0.10000000000000009,0.13999999999999968,-0.2999999999999994,-0.06945555555555549,-3.1900000000000013,-0.9400000000000013,0.003111362239363036,0.02552467385138968,4.0,0.40000000000000036,6890.89,-0.0029734910875084397,1.88,-0.10000000000000009,0.06999999999999984,-0.5958400688031134,Neutral,Watch,Risk-On Confirmation,Neutral,0,52,No Shock,30.4,0,0,0,0,30.94285714285714,40.23809523809524,19.285714285714285,10.0,0.0,0.0,44.9,-0.4666666666666721,-13.57142857142857,70,73,15,49.8,59.2,25.0,Moderate,Elevated,Low,Easy / Supportive,SUPPORTIVE,Low,Low Divergence,Healthy,Elevated,Moderate Complacency,Weak Setup,NEUTRAL,WAIT,-7.019047619047621,Stable / Neutral,NEUTRAL,"{'final_decision': 'Neutral', 'environment': 'Mixed / neutral', 'action': 'Neutral positioning', 'buy_trigger': 'Wait for clearer mean-reversion or benign setup', 'risk_off_trigger': 'Shock flag or rising macro/credit stress'}",Neutral,Mixed / neutral,Neutral positioning,0.45,0.25,0.3,Neutral,"{'Credit stress': 20, 'HY spread tightness': 18, 'Low VIX': 15, 'SP500 near highs': 12}","[('Benign Risk-On', np.float64(52.3)), ('Late-Cycle Melt-Up', np.float64(43.9)), ('Credit Tightening', np.float64(25.8)), ('COVID Crash', 0), ('Inflation / Duration Shock', 0)]",0.0007597810898929414,-0.005776956217978468,-0.16000000000000014,0.1499999999999999,6721.43,6721.43,-0.02168287144853276,-0.02168287144853276,0.0009419014904518236,"('High', ['Adequate decision sample size', 'No active shock flag', 'Signals partly aligned', 'Labor warning watch'])",High,"['Adequate decision sample size', 'No active shock flag', 'Signals partly aligned', 'Labor warning watch']"
2025-12-08,4.17,3.57,0.6000000000000001,Normal,4.4,-0.513,-0.5225666666666667,2.89,6846.51,16.66,2.26,0.10000000000000053,0.1200000000000001,0.050000000000000266,-0.06999999999999984,0.03000000000000025,-0.04999999999999982,0.1200000000000001,-0.18999999999999995,-0.06831111111111121,-0.6400000000000006,-0.5799999999999983,0.0049731161093440335,0.01603783665061953,4.0,0.40000000000000036,6890.89,-0.006440387235901346,1.9100000000000001,4.440892098500626e-16,0.1200000000000001,-0.4104385024703409,Neutral,Watch,Risk-On Confirmation,Neutral,0,37,No Shock,30.0,0,0,0,0,30.885714285714286,37.142857142857146,18.333333333333332,9.761904761904763,0.0,0.0,48.6,-0.4952380952380935,-18.809523809523803,70,73,0,55.6,63.5,19.5,Moderate,Moderate,Low,Easy / Supportive,SUPPORTIVE,Low,Low Divergence,Healthy,Elevated,Moderate Complacency,No Setup,NEUTRAL,NO TRADE,-9.652380952380948,Stable / Neutral,NEUTRAL,"{'final_decision': 'Neutral', 'environment': 'Mixed / neutral', 'action': 'Neutral positioning', 'buy_trigger': 'Wait for clearer mean-reversion or benign setup', 'risk_off_trigger': 'Shock flag or rising macro/credit stress'}",Neutral,Mixed / neutral,Neutral positioning,0.45,0.25,0.3,Neutral,"{'HY spread tightness': 18, 'Low VIX': 15, 'SP500 near highs': 12}","[('Benign Risk-On', np.float64(55.3)), ('Late-Cycle Melt-Up', np.float64(50.3)), ('Credit Tightening', np.float64(20.0)), ('COVID Crash', 0), ('Inflation / Duration Shock', 0)]",0.009762638190844664,-0.015553909948280209,-0.25,0.23999999999999977,6721.43,6721.43,-0.0182691619525861,-0.0182691619525861,0.004993187185880098,"('High', ['Adequate decision sample size', 'No active shock flag', 'Signals partly aligned', 'Labor warning watch'])",High,"['Adequate decision sample size', 'No active shock flag', 'Signals partly aligned', 'Labor warning watch']"
2025-12-09,4.18,3.61,0.5699999999999998,Normal,4.4,-0.513,-0.5224333333333334,2.89,6840.51,16.93,2.26,0.10000000000000053,0.1299999999999999,-0.010000000000000231,0.010000000000000231,0.0,-0.029999999999999805,0.10000000000000009,-0.08999999999999986,-0.06716666666666676,0.5599999999999987,0.33999999999999986,0.001631189992634896,0.007188196163252503,4.0,0.40000000000000036,6890.89,-0.007311102049227358,1.92,-0.040000000000000036,0.1299999999999999,-0.34957668830574207,Neutral,Watch,Neutral,Neutral,35,37,No Shock,30.6,15,5,0,0,30.857142857142858,35.23809523809524,17.142857142857142,8.952380952380953,0.0,3.5,50.8,-0.4761904761904745,-21.428571428571423,48,60,0,59.2,65.7,17.0,Moderate,Moderate,Low,Easy / Supportive,SUPPORTIVE,Low,Low Divergence,Healthy,Elevated,Moderate Complacency,No Setup,NEUTRAL,NO TRADE,-10.952380952380949,Stable / Neutral,NEUTRAL,"{'final_decision': 'Neutral', 'environment': 'Mixed / neutral', 'action': 'Neutral positioning', 'buy_trigger': 'Wait for clearer mean-reversion or benign setup', 'risk_off_trigger': 'Shock flag or rising macro/credit stress'}",Neutral,Mixed / neutral,Neutral positioning,0.45,0.25,0.3,Neutral,"{'HY spread tightness': 18, 'Low VIX': 15, 'SP500 near highs': 12}","[('Benign Risk-On', np.float64(56.5)), ('Late-Cycle Melt-Up', np.float64(53.4)), ('Credit Tightening', np.float64(16.9)), ('COVID Crash', 0), ('Inflation / Duration Shock', 0)]",0.010978713575449772,-0.006508286662836649,-0.20999999999999996,0.2999999999999998,6721.43,6721.43,-0.01740805875585294,-0.01740805875585294,0.005540421108952398,"('High', ['Adequate decision sample size', 'No active shock flag', 'Signals partly aligned', 'Labor warning watch'])",High,"['Adequate decision sample size', 'No active shock flag', 'Signals partly aligned', 'Labor warning watch']"
2025-12-10,4.13,3.54,0.5899999999999999,Normal,4.4,-0.513,-0.5223000000000001,2.91,6886.68,15.77,2.25,0.10000000000000053,0.1599999999999997,0.020000000000000462,0.11000000000000032,0.050000000000000266,0.020000000000000018,0.009999999999999787,0.10000000000000053,-0.06602222222222226,-0.019999999999999574,-0.3099999999999987,0.0053958409978802635,0.001675597367915893,4.0,0.40000000000000036,6890.89,-0.0006109515606838034,1.88,-0.10000000000000009,0.1599999999999997,-0.5940547124233837,Neutral,Watch,Neutral,Neutral,35,37,No Shock,30.2,15,5,0,0,30.828571428571433,33.333333333333336,15.952380952380953,8.714285714285714,0.0,7.0,50.0,-0.4666666666666579,-21.904761904761905,58,60,0,59.5,66.7,14.5,Moderate,Moderate,Low,Easy / Supportive,SUPPORTIVE,Low,Low Divergence,Healthy,Elevated,Moderate Complacency,No Setup,NEUTRAL,NO TRADE,-11.185714285714282,Stable / Neutral,NEUTRAL,"{'final_decision': 'Neutral', 'environment': 'Mixed / neutral', 'action': 'Neutral positioning', 'buy_trigger': 'Wait for clearer mean-reversion or benign setup', 'risk_off_trigger': 'Shock flag or rising macro/credit stress'}",Neutral,Mixed / neutral,Neutral positioning,0.45,0.25,0.3,Neutral,"{'HY spread tightness': 18, 'Low VIX': 15, 'SP500 near highs': 12}","[('Benign Risk-On', np.float64(58.1)), ('Late-Cycle Melt-Up', np.float64(55.9)), ('Credit Tightening', np.float64(14.3)), ('COVID Crash', 0), ('Inflation / Duration Shock', 0)]",0.00922795890036987,-0.015275865874412764,-0.2200000000000002,0.1499999999999999,6721.43,6721.43,-0.023995597297972293,-0.023995597297972293,0.004752581505166441,"('High', ['Adequate decision sample size', 'No active shock flag', 'Signals partly aligned', 'Labor warning watch'])",High,"['Adequate decision sample size', 'No active shock flag', 'Signals partly aligned', 'Labor warning watch']"
2025-12-11,4.14,3.52,0.6199999999999997,Normal,4.4,-0.513,-0.5221666666666667,2.88,6901.0,14.85,2.25,0.10000000000000053,0.07999999999999918,0.02999999999999936,0.06000000000000005,-0.25,0.0,0.06999999999999984,-0.009999999999999787,-0.06465555555555552,-1.570000000000002,-0.9299999999999997,0.006399187997293332,0.0014671544604543119,4.0,0.40000000000000036,6901.0,0.0,1.8899999999999997,-0.010000000000000675,0.07999999999999918,-0.5320412664495724,Neutral,Watch,Neutral,Neutral,35,45,No Shock,29.6,15,5,0,0,30.761904761904763,29.523809523809526,14.761904761904763,8.476190476190476,0.0,10.5,48.8,-0.5142857142857125,-25.0,58,60,0,59.8,67.0,12.0,Moderate,Moderate,Low,Easy / Supportive,SUPPORTIVE,Low,Low Divergence,Healthy,Elevated,Moderate Complacency,No Setup,NEUTRAL,NO TRADE,-12.757142857142856,Stable / Neutral,NEUTRAL,"{'final_decision': 'Neutral', 'environment': 'Mixed / neutral', 'action': 'Neutral positioning', 'buy_trigger': 'Wait for clearer mean-reversion or benign setup', 'risk_off_trigger': 'Shock flag or rising macro/credit stress'}",Neutral,Mixed / neutral,Neutral positioning,0.45,0.25,0.3,Neutral,"{'HY spread tightness': 18, 'Low VIX': 15, 'SP500 near highs': 12}","[('Benign Risk-On', np.float64(60.8)), ('Late-Cycle Melt-Up', np.float64(58.7)), ('Credit Tightening', np.float64(11.1)), ('COVID Crash', 0), ('Inflation / Duration Shock', 0)]",0.01124474713809609,-0.018142298217649566,-0.16999999999999993,0.20999999999999996,6721.43,6721.43,-0.026020866541080934,-0.026020866541080934,0.00566013621214324,"('High', ['Adequate decision sample size', 'No active shock flag', 'Signals partly aligned', 'Labor warning watch'])",High,"['Adequate decision sample size', 'No active shock flag', 'Signals partly aligned', 'Labor warning watch']"
2025-12-12,4.19,3.52,0.6700000000000004,Normal,4.4,-0.518,-0.5220666666666667,2.91,6827.41,15.74,2.26,0.10000000000000053,0.14000000000000057,0.09000000000000075,0.15000000000000036,-0.10999999999999988,0.06000000000000005,-0.03000000000000025,0.1800000000000006,-0.06332222222222222,-1.1800000000000015,0.33000000000000007,-0.0062572775966464045,-0.009169026164668082,4.0,0.40000000000000036,6901.0,-0.010663671931604113,1.9300000000000006,0.08000000000000096,0.14000000000000057,-0.2864837588574577,Neutral,Watch,Broad Risk-Off,Credit Warning / Vol Complacency,50,27,No Shock,28.6,50,5,0,0,30.61904761904762,27.857142857142858,14.047619047619047,8.238095238095237,0.0,15.5,44.8,-0.6285714285714228,-24.999999999999996,58,60,0,61.3,67.0,9.5,Moderate,Moderate,Low,Easy / Supportive,SUPPORTIVE,Low,Low Divergence,Healthy,Elevated,Moderate Complacency,No Setup,NEUTRAL,NO TRADE,-12.81428571428571,Stable / Neutral,NEUTRAL,"{'final_decision': 'Credit Warning', 'environment': 'Low equity volatility but credit stress emerging', 'action': 'Reduce complacent risk exposure', 'buy_trigger': 'VIX reprices or credit stabilizes', 'risk_off_trigger': 'HY widening with VIX still suppressed'}",Credit Warning,Low equity volatility but credit stress emerging,Reduce complacent risk exposure,0.35,0.15,0.5,Neutral,"{'HY spread tightness': 18, 'Low VIX': 15, 'SP500 near highs': 12}","[('Benign Risk-On', np.float64(62.3)), ('Late-Cycle Melt-Up', np.float64(60.2)), ('Credit Tightening', np.float64(9.0)), ('COVID Crash', 0), ('Inflation / Duration Shock', 0)]",0.022061074404496006,-0.022671847743141238,-0.18999999999999995,0.2599999999999998,6721.43,6672.62,-0.015522723844034525,-0.022671847743141238,0.008721376041573602,"('Low', ['Limited decision sample size', 'No active shock flag', 'Signals conflicting', 'Labor warning watch'])",Low,"['Limited decision sample size', 'No active shock flag', 'Signals conflicting', 'Labor warning watch']"
2025-12-15,4.18,3.51,0.6699999999999999,Normal,4.4,-0.518,-0.5219666666666667,2.91,6816.51,16.5,2.25,0.10000000000000053,0.17000000000000037,0.06999999999999984,0.06000000000000005,-0.06999999999999984,0.020000000000000018,0.06000000000000005,0.0,-0.06198888888888898,-0.41000000000000014,-0.16000000000000014,-0.004381794520127769,-0.0008545455078462494,4.0,0.40000000000000036,6901.0,-0.012243153166207721,1.9299999999999997,0.06999999999999984,0.17000000000000037,-0.28648375885746313,Neutral,Watch,Broad Risk-Off,Neutral,35,27,No Shock,28.6,15,5,0,0,30.485714285714288,26.428571428571427,12.857142857142858,7.428571428571429,0.0,19.0,40.3,-0.7047619047619023,-25.71428571428572,58,60,0,60.1,65.7,7.0,Moderate,Moderate,Low,Easy / Supportive,SUPPORTIVE,Low,Low Divergence,Healthy,Elevated,Moderate Complacency,No Setup,NEUTRAL,NO TRADE,-13.20952380952381,Stable / Neutral,NEUTRAL,"{'final_decision': 'Neutral', 'environment': 'Mixed / neutral', 'action': 'Neutral positioning', 'buy_trigger': 'Wait for clearer mean-reversion or benign setup', 'risk_off_trigger': 'Shock flag or rising macro/credit stress'}",Neutral,Mixed / neutral,Neutral positioning,0.45,0.25,0.3,Neutral,"{'HY spread tightness': 18, 'Low VIX': 15, 'SP500 near highs': 12}","[('Benign Risk-On', np.float64(64.4)), ('Late-Cycle Melt-Up', np.float64(60.6)), ('Credit Tightening', np.float64(7.5)), ('COVID Crash', 0), ('Inflation / Duration Shock', 0)]",0.02237215231841505,-0.027040230264460896,-0.14000000000000012,0.36999999999999966,6721.43,6632.19,-0.013948486835638763,-0.027040230264460896,0.010667468543286773,"('Medium', ['Adequate decision sample size', 'No active shock flag', 'Signals conflicting', 'Labor warning watch'])",Medium,"['Adequate decision sample size', 'No active shock flag', 'Signals conflicting', 'Labor warning watch']"
2025-12-16,4.15,3.48,0.6700000000000004,Normal,4.4,-0.518,-0.5218666666666667,2.98,6800.26,16.48,2.23,0.10000000000000053,0.14000000000000057,0.10000000000000053,0.040000000000000036,0.0,0.08999999999999986,0.22999999999999998,-0.18999999999999995,-0.060655555555555574,-0.9600000000000009,-0.4499999999999993,-0.005884064199891514,-0.005839010555246826,4.0,0.40000000000000036,6901.0,-0.014597884364584757,1.9200000000000004,0.04000000000000048,0.14000000000000057,-0.34682249985293084,Neutral,Watch,Broad Risk-Off,Neutral,35,27,No Shock,28.6,15,5,0,0,30.342857142857145,25.0,11.666666666666666,6.619047619047619,0.0,22.5,36.3,-0.7714285714285722,-25.714285714285715,58,60,0,60.4,65.2,4.5,Moderate,Moderate,Low,Easy / Supportive,SUPPORTIVE,Low,Moderate Divergence,Weakening,Elevated,Moderate Complacency,No Setup,NEUTRAL,NO TRADE,-13.242857142857144,Stable / Neutral,NEUTRAL,"{'final_decision': 'Neutral', 'environment': 'Mixed / neutral', 'action': 'Neutral positioning', 'buy_trigger': 'Wait for clearer mean-reversion or benign setup', 'risk_off_trigger': 'Shock flag or rising macro/credit stress'}",Neutral,Mixed / neutral,Neutral positioning,0.45,0.25,0.3,Neutral,"{'HY spread tightness': 18, 'Low VIX': 15, 'SP500 near highs': 12}","[('Benign Risk-On', np.float64(65.8)), ('Late-Cycle Melt-Up', np.float64(61.3)), ('Credit Tightening', np.float64(5.6)), ('COVID Crash', 0), ('Inflation / Duration Shock', 0)]",0.020406572689867675,-0.01483472690750065,-0.18000000000000016,0.29000000000000004,6721.43,6632.19,-0.011592203827500702,-0.02471523147644361,0.009782957710440453,"('Medium', ['Adequate decision sample size', 'No active shock flag', 'Signals conflicting', 'Labor warning watch'])",Medium,"['Adequate decision sample size', 'No active shock flag', 'Signals conflicting', 'Labor warning watch']"
2025-12-17,4.16,3.49,0.6699999999999999,Normal,4.4,-0.518,-0.5217666666666667,2.99,6721.43,17.62,2.24,0.10000000000000053,0.1599999999999997,0.08000000000000007,-0.04999999999999982,0.040000000000000036,0.08000000000000007,0.31999999999999984,-0.36999999999999966,-0.05932222222222222,0.4499999999999993,1.8500000000000014,-0.023995597297972293,-0.01905145527490637,4.0,0.40000000000000036,6901.0,-0.026020866541080934,1.92,0.03999999999999959,0.1599999999999997,-0.3448063818191471,Neutral,Watch,Neutral,Neutral,0,27,No Shock,28.6,5,0,0,0,30.209523809523812,21.666666666666668,9.761904761904763,5.809523809523809,0.0,22.5,35.3,-0.847619047619041,-25.238095238095237,47,58,0,58.8,63.7,3.0,Moderate,Moderate,Low,Easy / Supportive,SUPPORTIVE,Low,Moderate Divergence,Weakening,Elevated,Moderate Complacency,No Setup,NEUTRAL,NO TRADE,-13.04285714285714,Stable / Neutral,NEUTRAL,"{'final_decision': 'Neutral', 'environment': 'Mixed / neutral', 'action': 'Neutral positioning', 'buy_trigger': 'Wait for clearer mean-reversion or benign setup', 'risk_off_trigger': 'Shock flag or rising macro/credit stress'}",Neutral,Mixed / neutral,Neutral positioning,0.45,0.25,0.3,Neutral,"{'HY spread tightness': 18, 'Low VIX': 15}","[('Benign Risk-On', np.float64(68.3)), ('Late-Cycle Melt-Up', np.float64(61.7)), ('Credit Tightening', np.float64(3.6)), ('COVID Crash', 0), ('Inflation / Duration Shock', 0)]",0.03793984315837551,-0.0007944737950108527,-0.18000000000000016,0.22999999999999998,6774.76,6632.19,0.007934323499612317,-0.013276936604264322,0.01767292942126898,"('High', ['Adequate decision sample size', 'No active shock flag', 'Signals partly aligned', 'Labor warning watch'])",High,"['Adequate decision sample size', 'No active shock flag', 'Signals partly aligned', 'Labor warning watch']"
2025-12-18,4.12,3.46,0.6600000000000001,Normal,4.4,-0.518,-0.5216666666666667,2.95,6774.76,16.87,2.24,0.10000000000000053,0.15000000000000036,0.04000000000000048,-0.17999999999999972,0.010000000000000231,0.07000000000000028,0.43999999999999995,-0.6199999999999997,-0.05780000000000002,-2.129999999999999,2.0200000000000014,-0.018293001014345722,0.00047404213215584967,4.0,0.40000000000000036,6901.0,-0.018293001014345722,1.88,4.440892098500626e-16,0.15000000000000036,-0.5856215538814825,Neutral,Watch,Risk-On Confirmation,Neutral,0,27,No Shock,28.8,0,0,0,0,30.095238095238095,18.095238095238095,7.857142857142857,4.380952380952381,0.0,22.5,34.3,-0.9047619047619051,-24.76190476190476,70,73,0,59.5,63.7,1.5,Moderate,Low,Low,Easy / Supportive,SUPPORTIVE,Low,Moderate Divergence,Weakening,Elevated,Moderate Complacency,No Setup,NEUTRAL,NO TRADE,-12.833333333333332,Stable / Neutral,NEUTRAL,"{'final_decision': 'Neutral', 'environment': 'Mixed / neutral', 'action': 'Neutral positioning', 'buy_trigger': 'Wait for clearer mean-reversion or benign setup', 'risk_off_trigger': 'Shock flag or rising macro/credit stress'}",Neutral,Mixed / neutral,Neutral positioning,0.45,0.25,0.3,Neutral,"{'HY spread tightness': 18, 'Low VIX': 15, 'SP500 near highs': 12}","[('Benign Risk-On', np.float64(69.6)), ('Late-Cycle Melt-Up', np.float64(62.8)), ('Credit Tightening', np.float64(0.8)), ('COVID Crash', 0), ('Inflation / Duration Shock', 0)]",0.02111513913408003,-0.02214986213533765,-0.10000000000000009,0.25,6796.86,6624.7,0.0032621081780017658,-0.02214986213533765,0.010101812610336014,"('High', ['Adequate decision sample size', 'No active shock flag', 'Signals partly aligned', 'Labor warning watch'])",High,"['Adequate decision sample size', 'No active shock flag', 'Signals partly aligned', 'Labor warning watch']"
2025-12-19,4.16,3.48,0.6800000000000002,Normal,4.4,-0.526,-0.5216333333333334,2.9,6834.5,14.91,2.24,0.10000000000000053,0.17000000000000037,0.009999999999999787,-0.1499999999999999,-0.040000000000000036,-0.010000000000000231,0.33999999999999986,-0.48999999999999977,-0.05634444444444453,-3.1000000000000014,-0.8300000000000001,0.001038461144123426,0.005622185045076167,4.0,0.40000000000000036,6901.0,-0.009636284596435285,1.92,0.050000000000000266,0.17000000000000037,-0.3366698263459178,Neutral,Watch,Risk-On Confirmation,Neutral,0,45,No Shock,28.4,0,0,0,0,29.97142857142857,14.523809523809524,5.9523809523809526,2.9523809523809526,0.0,22.5,33.6,-0.971428571428568,-25.714285714285715,70,73,0,59.5,63.7,0.0,Moderate,Low,Low,Easy / Supportive,SUPPORTIVE,Low,Moderate Divergence,Weakening,Elevated,Moderate Complacency,No Setup,RISK ON,NO TRADE,-13.342857142857142,Complacency / Late Cycle,REDUCE RISK,"{'final_decision': 'Wait', 'environment': 'Low stress but late-cycle complacency', 'action': 'Do not chase; keep dry powder', 'buy_trigger': 'SP500 drawdown > 5% or VIX > 25', 'risk_off_trigger': 'Credit spreads widen while VIX rises'}",Wait,Low stress but late-cycle complacency,Do not chase; keep dry powder,0.3,0.2,0.5,Neutral,"{'HY spread tightness': 18, 'Low VIX': 15, 'SP500 near highs': 12}","[('Benign Risk-On', np.float64(70.5)), ('Late-Cycle Melt-Up', np.float64(63.4)), ('COVID Crash', 0), ('Inflation / Duration Shock', 0), ('Credit Tightening', 0)]",0.007055380788645982,-0.03336162118662667,-0.040000000000000036,0.3700000000000001,6796.86,6606.49,-0.005507352403248289,-0.03336162118662667,0.0031166142365937947,"('High', ['Limited decision sample size', 'No active shock flag', 'Signals mostly aligned', 'Labor warning watch'])",High,"['Limited decision sample size', 'No active shock flag', 'Signals mostly aligned', 'Labor warning watch']"
2025-12-22,4.17,3.44,0.73,Normal,4.4,-0.526,-0.5216000000000001,2.88,6878.49,14.08,2.23,0.10000000000000053,0.16000000000000014,0.06000000000000005,-0.25,-0.050000000000000266,-0.03000000000000025,0.4299999999999997,-0.6799999999999997,-0.05488888888888899,-5.42,-2.42,0.009092629512756467,0.023536081615161297,4.0,0.40000000000000036,6901.0,-0.003261846109259614,1.94,0.029999999999999805,0.16000000000000014,-0.21042775562280025,Neutral,Watch,Risk-On Confirmation,Neutral,0,75,No Shock,27.4,0,0,0,0,29.799999999999997,10.952380952380953,4.0476190476190474,1.5238095238095237,0.0,22.5,37.4,-1.085714285714289,-26.190476190476193,85,80,0,61.0,64.4,0.0,Moderate,Low,Low,Easy / Supportive,SUPPORTIVE,Low,Moderate Divergence,Weakening,Elevated,Moderate Complacency,No Setup,RISK ON,NO TRADE,-13.638095238095241,Complacency / Late Cycle,REDUCE RISK,"{'final_decision': 'Wait', 'environment': 'Low stress but late-cycle complacency', 'action': 'Do not chase; keep dry powder', 'buy_trigger': 'SP500 drawdown > 5% or VIX > 25', 'risk_off_trigger': 'Credit spreads widen while VIX rises'}",Wait,Low stress but late-cycle complacency,Do not chase; keep dry powder,0.3,0.2,0.5,Neutral,"{'HY spread tightness': 18, 'Low VIX': 15, 'VIX compression': 12, 'SP500 near highs': 12}","[('Benign Risk-On', np.float64(70.5)), ('Late-Cycle Melt-Up', np.float64(64.3)), ('COVID Crash', 0), ('Inflation / Duration Shock', 0), ('Credit Tightening', 0)]",-0.011643543859190086,-0.05408309091094121,0.0900000000000003,0.3600000000000003,6796.86,6506.48,-0.011867430206338958,-0.05408309091094121,-0.002493063157757026,"('High', ['Limited decision sample size', 'No active shock flag', 'Signals mostly aligned', 'Labor warning watch'])",High,"['Limited decision sample size', 'No active shock flag', 'Signals mostly aligned', 'Labor warning watch']"
2025-12-23,4.18,3.48,0.6999999999999997,Normal,4.4,-0.526,-0.5215666666666666,2.83,6909.79,14.0,2.24,0.10000000000000053,0.12999999999999945,0.02999999999999936,-0.31999999999999984,-0.06999999999999984,-0.1499999999999999,0.3900000000000001,-0.71,-0.05343333333333333,-5.079999999999998,-2.4800000000000004,0.01610673709534627,0.026897812388538833,4.0,0.40000000000000036,6909.79,0.0,1.9399999999999995,0.0699999999999994,0.12999999999999945,-0.20521560529518118,Neutral,Watch,Risk-On Confirmation,Neutral,0,90,No Shock,28.0,0,0,0,0,29.657142857142855,7.857142857142857,2.142857142857143,0.09523809523809523,0.0,19.0,42.7,-1.2000000000000028,-27.380952380952383,98,87,0,66.0,67.1,0.0,Moderate,Low,Low,Easy / Supportive,SUPPORTIVE,Low,Low Divergence,Healthy,Elevated,Moderate Complacency,No Setup,RISK ON,NO TRADE,-14.290476190476193,Complacency / Late Cycle,REDUCE RISK,"{'final_decision': 'Wait', 'environment': 'Low stress but late-cycle complacency', 'action': 'Do not chase; keep dry powder', 'buy_trigger': 'SP500 drawdown > 5% or VIX > 25', 'risk_off_trigger': 'Credit spreads widen while VIX rises'}",Wait,Low stress but late-cycle complacency,Do not chase; keep dry powder,0.3,0.2,0.5,Neutral,"{'HY spread tightness': 18, 'Low VIX': 15, 'HY spread compression': 14, 'VIX compression': 12, 'SP500 near highs': 12}","[('Benign Risk-On', np.float64(68.7)), ('Late-Cycle Melt-Up', np.float64(66.2)), ('COVID Crash', 0), ('Inflation / Duration Shock', 0), ('Credit Tightening', 0)]",0.003257696688321987,-0.0475832116460847,0.040000000000000036,0.3599999999999999,6796.86,6506.48,-0.016343477877041157,-0.05836790987859264,0.001977309006496596,"('High', ['Limited decision sample size', 'No active shock flag', 'Signals mostly aligned', 'Labor warning watch'])",High,"['Limited decision sample size', 'No active shock flag', 'Signals mostly aligned', 'Labor warning watch']"
2025-12-24,4.15,3.47,0.6800000000000002,Normal,4.4,-0.526,-0.5215333333333334,2.84,6932.05,13.47,2.24,0.10000000000000053,0.13000000000000034,0.010000000000000231,-0.18000000000000016,-0.050000000000000266,-0.15000000000000036,0.27,-0.4500000000000002,-0.051977777777777845,-4.130000000000001,-4.15,0.03133559376501727,0.014580464051589193,4.0,0.40000000000000036,6932.05,0.0,1.9100000000000001,0.010000000000000231,0.13000000000000034,-0.3837201078930547,Neutral,Watch,Risk-On Confirmation,Neutral,0,60,No Shock,28.4,0,0,0,0,29.561904761904763,6.428571428571429,1.4285714285714286,0.0,0.0,15.5,45.0,-1.2666666666666693,-26.904761904761905,70,78,0,67.2,68.9,0.0,Moderate,Low,Low,Easy / Supportive,SUPPORTIVE,Low,Low Divergence,Healthy,Elevated,Moderate Complacency,No Setup,RISK ON,NO TRADE,-14.085714285714287,Complacency / Late Cycle,REDUCE RISK,"{'final_decision': 'Wait', 'environment': 'Low stress but late-cycle complacency', 'action': 'Do not chase; keep dry powder', 'buy_trigger': 'SP500 drawdown > 5% or VIX > 25', 'risk_off_trigger': 'Credit spreads widen while VIX rises'}",Wait,Low stress but late-cycle complacency,Do not chase; keep dry powder,0.3,0.2,0.5,Neutral,"{'HY spread tightness': 18, 'Low VIX': 15, 'SP500 near highs': 12}","[('Late-Cycle Melt-Up', np.float64(67.3)), ('Benign Risk-On', np.float64(67.3)), ('COVID Crash', 0), ('Inflation / Duration Shock', 0), ('Credit Tightening', 0)]",0.004727317315945445,-0.054194646605261076,0.0,0.3500000000000001,6796.86,6506.48,-0.019502167468497866,-0.0613916518201687,0.0024181951947836334,"('High', ['Limited decision sample size', 'No active shock flag', 'Signals mostly aligned', 'Labor warning watch'])",High,"['Limited decision sample size', 'No active shock flag', 'Signals mostly aligned', 'Labor warning watch']"
2025-12-26,4.14,3.46,0.6799999999999997,Normal,4.4,-0.537,-0.5215777777777778,2.86,6929.94,13.6,2.23,0.10000000000000053,0.09999999999999964,0.019999999999999574,-0.16000000000000014,-0.020000000000000018,-0.0900000000000003,0.2799999999999998,-0.43999999999999995,-0.05046666666666666,-3.910000000000002,-3.2700000000000014,0.02290560846435885,0.011534217302201721,4.0,0.40000000000000036,6932.05,-0.0003043832632483312,1.9099999999999997,-0.04000000000000048,0.09999999999999964,-0.377675983315849,Neutral,Watch,Risk-On Confirmation,Neutral,0,60,No Shock,28.4,0,0,0,0,29.46666666666667,6.428571428571429,1.4285714285714286,0.0,0.0,12.0,46.5,-1.2952380952380942,-23.095238095238095,70,78,0,68.4,70.7,0.0,Moderate,Low,Low,Easy / Supportive,SUPPORTIVE,Low,Low Divergence,Healthy,Elevated,Elevated Complacency,No Setup,RISK ON,NO TRADE,-12.195238095238095,Complacency / Late Cycle,REDUCE RISK,"{'final_decision': 'Hold / Do Not Chase', 'environment': 'Stable but crowded', 'action': 'Hold existing risk, avoid aggressive new risk', 'buy_trigger': 'Wait for better entry after volatility or credit repricing', 'risk_off_trigger': '5D VIX spike or HY widening'}",Hold / Do Not Chase,Stable but crowded,"Hold existing risk, avoid aggressive new risk",0.4,0.25,0.35,Neutral,"{'Elevated complacency': 20, 'HY spread tightness': 18, 'Low VIX': 15, 'SP500 near highs': 12}","[('Late-Cycle Melt-Up', np.float64(68.5)), ('Benign Risk-On', np.float64(66.1)), ('COVID Crash', 0), ('Inflation / Duration Shock', 0), ('Credit Tightening', 0)]",0.0017128575427782788,-0.048779643113793236,0.0,0.31000000000000005,6796.86,6506.48,-0.019203629468653394,-0.0611058681604747,0.0013851430171113116,"('High', ['Adequate decision sample size', 'No active shock flag', 'Signals mostly aligned', 'Labor warning watch'])",High,"['Adequate decision sample size', 'No active shock flag', 'Signals mostly aligned', 'Labor warning watch']"
2025-12-29,4.12,3.45,0.6699999999999999,Normal,4.4,-0.537,-0.5216555555555557,2.87,6905.74,14.2,2.22,0.10000000000000053,0.10000000000000009,-0.010000000000000231,-0.21999999999999975,-0.009999999999999787,-0.029999999999999805,0.29000000000000004,-0.5099999999999998,-0.04898888888888897,-5.800000000000001,-0.7100000000000009,0.010423586216987246,0.024972207750957764,4.0,0.40000000000000036,6932.05,-0.003795414055005386,1.9,-0.06000000000000005,0.10000000000000009,-0.43376145055516574,Neutral,Watch,Risk-On Confirmation,Neutral,0,75,No Shock,28.6,0,0,0,0,29.35238095238096,6.428571428571429,1.4285714285714286,0.0,0.0,7.0,51.3,-1.2666666666666622,-21.42857142857143,85,80,0,71.1,72.7,0.0,Moderate,Low,Low,Easy / Supportive,SUPPORTIVE,Low,Low Divergence,Healthy,High,Elevated Complacency,No Setup,RISK ON,NO TRADE,-11.347619047619046,Complacency / Late Cycle,REDUCE RISK,"{'final_decision': 'Hold / Do Not Chase', 'environment': 'Stable but crowded', 'action': 'Hold existing risk, avoid aggressive new risk', 'buy_trigger': 'Wait for better entry after volatility or credit repricing', 'risk_off_trigger': '5D VIX spike or HY widening'}",Hold / Do Not Chase,Stable but crowded,"Hold existing risk, avoid aggressive new risk",0.4,0.25,0.35,Neutral,"{'Elevated complacency': 20, 'HY spread tightness': 18, 'High risk appetite': 16, 'Low VIX': 15, 'VIX compression': 12, 'SP500 near highs': 12}","[('Late-Cycle Melt-Up', np.float64(69.7)), ('Benign Risk-On', np.float64(64.6)), ('COVID Crash', 0), ('Inflation / Duration Shock', 0), ('Credit Tightening', 0)]",0.005173956737438701,-0.06206141557602807,-0.03000000000000025,0.33999999999999986,6796.86,6477.16,-0.015766594166591874,-0.06206141557602807,0.0027695826949754804,"('High', ['Adequate decision sample size', 'No active shock flag', 'Signals mostly aligned', 'Labor warning watch'])",High,"['Adequate decision sample size', 'No active shock flag', 'Signals mostly aligned', 'Labor warning watch']"
2025-12-30,4.14,3.45,0.6899999999999995,Normal,4.4,-0.537,-0.5217333333333334,2.84,6896.24,14.33,2.24,0.10000000000000053,0.13999999999999968,-0.04000000000000048,-0.22999999999999998,-0.06000000000000005,-0.040000000000000036,0.2599999999999998,-0.48999999999999977,-0.04751111111111106,-5.499999999999998,0.25,0.00258050822200806,0.024075935795524694,4.0,0.40000000000000036,6932.05,-0.005165860026976166,1.8999999999999995,-0.050000000000000266,0.13999999999999968,-0.4276163994982214,Neutral,Watch,Risk-On Confirmation,Neutral,0,75,No Shock,28.2,0,0,0,0,29.219047619047622,6.190476190476191,1.4285714285714286,0.0,0.0,3.5,56.1,-1.2666666666666657,-20.238095238095237,85,80,0,73.8,74.7,0.0,Moderate,Low,Low,Easy / Supportive,SUPPORTIVE,Low,Low Divergence,Healthy,High,Elevated Complacency,No Setup,RISK ON,NO TRADE,-10.752380952380951,Complacency / Late Cycle,REDUCE RISK,"{'final_decision': 'Hold / Do Not Chase', 'environment': 'Stable but crowded', 'action': 'Hold existing risk, avoid aggressive new risk', 'buy_trigger': 'Wait for better entry after volatility or credit repricing', 'risk_off_trigger': '5D VIX spike or HY widening'}",Hold / Do Not Chase,Stable but crowded,"Hold existing risk, avoid aggressive new risk",0.4,0.25,0.35,Neutral,"{'Elevated complacency': 20, 'HY spread tightness': 18, 'High risk appetite': 16, 'Low VIX': 15, 'VIX compression': 12, 'SP500 near highs': 12}","[('Late-Cycle Melt-Up', np.float64(70.8)), ('Benign Risk-On', np.float64(63.0)), ('COVID Crash', 0), ('Inflation / Duration Shock', 0), ('Credit Tightening', 0)]",-0.00920501606672619,-0.07647500667030138,0.08000000000000007,0.5800000000000001,6796.86,6368.85,-0.014410751365961705,-0.07647500667030138,-0.002982006426690476,"('High', ['Adequate decision sample size', 'No active shock flag', 'Signals mostly aligned', 'Labor warning watch'])",High,"['Adequate decision sample size', 'No active shock flag', 'Signals mostly aligned', 'Labor warning watch']"
2025-12-31,4.18,3.47,0.7099999999999995,Normal,4.4,-0.537,-0.5218111111111111,2.81,6845.5,14.95,2.25,0.10000000000000053,0.1599999999999997,0.009999999999999787,-0.31999999999999984,-0.1299999999999999,-0.020000000000000018,0.31999999999999984,-0.6399999999999997,-0.046033333333333315,-7.43,0.9499999999999993,-0.009304190141813273,0.025941151697812304,4.0,0.40000000000000036,6932.05,-0.012485484092007448,1.9299999999999997,-0.010000000000000231,0.1599999999999997,-0.231967773544996,Neutral,Watch,Risk-On Confirmation,Neutral,0,65,No Shock,27.8,0,0,0,0,29.06666666666667,6.190476190476191,1.4285714285714286,0.0,0.0,0.0,59.9,-1.2761904761904752,-18.80952380952381,98,87,0,77.8,77.4,0.0,Moderate,Low,Low,Easy / Supportive,SUPPORTIVE,Low,Low Divergence,Healthy,High,Elevated Complacency,No Setup,RISK ON,NO TRADE,-10.042857142857143,Complacency / Late Cycle,REDUCE RISK,"{'final_decision': 'Hold / Do Not Chase', 'environment': 'Stable but crowded', 'action': 'Hold existing risk, avoid aggressive new risk', 'buy_trigger': 'Wait for better entry after volatility or credit repricing', 'risk_off_trigger': '5D VIX spike or HY widening'}",Hold / Do Not Chase,Stable but crowded,"Hold existing risk, avoid aggressive new risk",0.4,0.25,0.35,Neutral,"{'Elevated complacency': 20, 'HY spread tightness': 18, 'High risk appetite': 16, 'Low VIX': 15, 'HY spread compression': 14, 'VIX compression': 12, 'SP500 near highs': 12}","[('Late-Cycle Melt-Up', np.float64(72.2)), ('Benign Risk-On', np.float64(60.9)), ('COVID Crash', 0), ('Inflation / Duration Shock', 0), ('Credit Tightening', 0)]",-0.0013629391571104987,-0.07330070849463144,0.14000000000000012,0.6499999999999999,6796.86,6343.72,-0.0071053977065226315,-0.07330070849463144,0.00015482433715580048,"('High', ['Adequate decision sample size', 'No active shock flag', 'Signals mostly aligned', 'Labor warning watch'])",High,"['Adequate decision sample size', 'No active shock flag', 'Signals mostly aligned', 'Labor warning watch']"
2026-01-02,4.19,3.47,0.7200000000000002,Normal,4.3,-0.548,-0.5220777777777778,2.83,6858.47,14.51,2.25,0.0,0.18000000000000016,0.040000000000000036,-0.3700000000000001,-0.1200000000000001,-0.009999999999999787,0.40000000000000036,-0.7700000000000005,-0.04474444444444442,-10.180000000000001,1.0399999999999991,-0.010614464696590442,0.0364422455011999,4.0,0.2999999999999998,6932.05,-0.010614464696590442,1.9400000000000004,4.440892098500626e-16,0.18000000000000016,-0.16120723769227097,Neutral,Low,Risk-On Confirmation,Neutral,0,65,No Shock,0.6,0,0,0,0,27.64761904761905,6.190476190476191,1.4285714285714286,0.0,0.0,0.0,63.7,-2.5619047619047635,-15.476190476190478,98,87,0,82.9,80.3,0.0,Moderate,Low,Low,Easy / Supportive,SUPPORTIVE,Low,Low Divergence,Healthy,High,Elevated Complacency,No Setup,RISK ON,NO TRADE,-9.01904761904762,Complacency / Late Cycle,REDUCE RISK,"{'final_decision': 'Hold / Do Not Chase', 'environment': 'Stable but crowded', 'action': 'Hold existing risk, avoid aggressive new risk', 'buy_trigger': 'Wait for better entry after volatility or credit repricing', 'risk_off_trigger': '5D VIX spike or HY widening'}",Hold / Do Not Chase,Stable but crowded,"Hold existing risk, avoid aggressive new risk",0.4,0.25,0.35,Neutral,"{'Elevated complacency': 20, 'HY spread tightness': 18, 'High risk appetite': 16, 'Low VIX': 15, 'HY spread compression': 14, 'VIX compression': 12, 'SP500 near highs': 12}","[('Late-Cycle Melt-Up', np.float64(74.1)), ('Benign Risk-On', np.float64(59.1)), ('COVID Crash', 0), ('Inflation / Duration Shock', 0), ('Credit Tightening', 0)]",-0.0022235279880206127,-0.0481083973539288,0.10999999999999988,0.44999999999999973,6796.86,6343.72,-0.00898305307160352,-0.07505318241532,-0.00018941119520824508,"('High', ['Adequate decision sample size', 'No active shock flag', 'Signals mostly aligned', 'Labor warning low'])",High,"['Adequate decision sample size', 'No active shock flag', 'Signals mostly aligned', 'Labor warning low']"
2026-01-05,4.17,3.46,0.71,Normal,4.3,-0.548,-0.5222666666666668,2.81,6902.05,14.9,2.26,0.0,0.13000000000000034,0.03000000000000025,-0.3599999999999999,-0.06999999999999984,-0.04999999999999982,0.41000000000000014,-0.77,-0.043366666666666775,-8.76,1.3000000000000007,-0.004024565869257035,0.03912733207269925,4.0,0.2999999999999998,6932.05,-0.004327724122012988,1.9100000000000001,0.0600000000000005,0.13000000000000034,-0.3468225624779563,Neutral,Low,Risk-On Confirmation,Neutral,0,75,No Shock,0.8,0,0,0,0,26.22857142857143,6.190476190476191,1.4285714285714286,0.0,0.0,0.0,68.5,-3.8666666666666636,-11.904761904761905,98,87,0,85.7,81.7,0.0,Moderate,Low,Low,Easy / Supportive,SUPPORTIVE,Low,Low Divergence,Healthy,High,Elevated Complacency,No Setup,RISK ON,NO TRADE,-7.885714285714284,Complacency / Late Cycle,REDUCE RISK,"{'final_decision': 'Hold / Do Not Chase', 'environment': 'Stable but crowded', 'action': 'Hold existing risk, avoid aggressive new risk', 'buy_trigger': 'Wait for better entry after volatility or credit repricing', 'risk_off_trigger': '5D VIX spike or HY widening'}",Hold / Do Not Chase,Stable but crowded,"Hold existing risk, avoid aggressive new risk",0.4,0.25,0.35,Neutral,"{'Elevated complacency': 20, 'HY spread tightness': 18, 'High risk appetite': 16, 'Low VIX': 15, 'HY spread compression': 14, 'VIX compression': 12, 'SP500 near highs': 12}","[('Late-Cycle Melt-Up', np.float64(75.3)), ('Benign Risk-On', np.float64(58.5)), ('COVID Crash', 0), ('Inflation / Duration Shock', 0), ('Credit Tightening', 0)]",-0.00300490434001488,-0.0473381096920481,0.04999999999999982,0.3500000000000001,6796.86,6343.72,-0.015240399591425757,-0.08089335777051743,-0.000501961736005952,"('High', ['Adequate decision sample size', 'No active shock flag', 'Signals mostly aligned', 'Labor warning low'])",High,"['Adequate decision sample size', 'No active shock flag', 'Signals mostly aligned', 'Labor warning low']"
2026-01-06,4.18,3.47,0.7099999999999995,Normal,4.3,-0.548,-0.5224555555555556,2.79,6944.82,14.75,2.27,0.0,0.15999999999999925,0.03999999999999959,-0.3799999999999999,-0.009999999999999787,-0.08000000000000007,0.3500000000000001,-0.73,-0.04198888888888891,-11.670000000000002,0.5500000000000007,0.005659060433784058,0.06210045941432307,4.0,0.2999999999999998,6944.82,0.0,1.9099999999999997,0.03999999999999959,0.15999999999999925,-0.340473247130626,Neutral,Low,Risk-On Confirmation,Neutral,0,85,No Shock,0.8,0,0,0,0,24.82857142857143,6.190476190476191,1.4285714285714286,0.0,0.0,0.0,72.5,-5.142857142857142,-8.333333333333332,91,100,0,87.8,84.4,0.0,Moderate,Low,Low,Easy / Supportive,SUPPORTIVE,Low,Low Divergence,Strong / Extended,High,Elevated Complacency,No Setup,RISK ON,NO TRADE,-6.738095238095237,Complacency / Late Cycle,REDUCE RISK,"{'final_decision': 'Hold / Do Not Chase', 'environment': 'Stable but crowded', 'action': 'Hold existing risk, avoid aggressive new risk', 'buy_trigger': 'Wait for better entry after volatility or credit repricing', 'risk_off_trigger': '5D VIX spike or HY widening'}",Hold / Do Not Chase,Stable but crowded,"Hold existing risk, avoid aggressive new risk",0.4,0.25,0.35,Neutral,"{'Elevated complacency': 20, 'HY spread tightness': 18, 'High risk appetite': 16, 'Low VIX': 15, 'HY spread compression': 14, 'VIX compression': 12, 'SP500 near highs': 12}","[('Late-Cycle Melt-Up', np.float64(76.7)), ('Benign Risk-On', np.float64(56.6)), ('COVID Crash', 0), ('Inflation / Duration Shock', 0), ('Credit Tightening', 0)]",-0.011941274215890307,-0.05214390005788494,0.08999999999999986,0.3799999999999999,6796.86,6343.72,-0.02130508782085061,-0.08655371917486698,-0.004076509686356123,"('High', ['Adequate decision sample size', 'No active shock flag', 'Signals mostly aligned', 'Labor warning low'])",High,"['Adequate decision sample size', 'No active shock flag', 'Signals mostly aligned', 'Labor warning low']"
2026-01-07,4.15,3.47,0.6800000000000002,Normal,4.3,-0.548,-0.5226444444444445,2.79,6920.93,15.38,2.27,0.0,0.03000000000000025,-0.009999999999999343,-0.3999999999999999,0.010000000000000231,-0.04999999999999982,0.3500000000000001,-0.75,-0.0406111111111111,-8.049999999999999,1.0500000000000007,0.003580211825574553,0.048150913449815924,4.0,0.2999999999999998,6944.82,-0.0034399739662078765,1.8800000000000003,0.04000000000000048,0.03000000000000025,-0.5286280232826471,Neutral,Low,Risk-On Confirmation,Neutral,0,67,No Shock,1.4,0,0,0,0,23.44761904761905,6.190476190476191,1.4285714285714286,0.0,0.0,0.0,71.7,-6.352380952380948,-4.761904761904762,91,100,0,88.4,86.4,0.0,Moderate,Low,Low,Easy / Supportive,SUPPORTIVE,Low,Low Divergence,Strong / Extended,High,Elevated Complacency,No Setup,RISK ON,NO TRADE,-5.557142857142855,Complacency / Late Cycle,REDUCE RISK,"{'final_decision': 'Hold / Do Not Chase', 'environment': 'Stable but crowded', 'action': 'Hold existing risk, avoid aggressive new risk', 'buy_trigger': 'Wait for better entry after volatility or credit repricing', 'risk_off_trigger': '5D VIX spike or HY widening'}",Hold / Do Not Chase,Stable but crowded,"Hold existing risk, avoid aggressive new risk",0.4,0.25,0.35,Neutral,"{'Elevated complacency': 20, 'HY spread tightness': 18, 'High risk appetite': 16, 'Low VIX': 15, 'HY spread compression': 14, 'VIX compression': 12, 'SP500 near highs': 12}","[('Late-Cycle Melt-Up', np.float64(77.7)), ('Benign Risk-On', np.float64(55.2)), ('COVID Crash', 0), ('Inflation / Duration Shock', 0), ('Credit Tightening', 0)]",-0.0016500672597469235,-0.04887204465295858,0.06999999999999984,0.33999999999999986,6796.86,6343.72,-0.01792678151635696,-0.08340064124330115,3.99730961012306e-05,"('High', ['Adequate decision sample size', 'No active shock flag', 'Signals mostly aligned', 'Labor warning low'])",High,"['Adequate decision sample size', 'No active shock flag', 'Signals mostly aligned', 'Labor warning low']"
2026-01-08,4.19,3.49,0.7000000000000002,Normal,4.3,-0.548,-0.5228333333333334,2.76,6921.46,15.45,2.27,0.0,0.04999999999999982,-0.009999999999999343,-0.3900000000000001,-0.020000000000000018,-0.050000000000000266,0.19999999999999973,-0.5899999999999999,-0.03923333333333334,-5.07,0.5,0.011096340661748583,0.03226489607941385,4.0,0.2999999999999998,6944.82,-0.0033636580933702476,1.9200000000000004,0.11000000000000032,0.04999999999999982,-0.2613555497357328,Neutral,Low,Risk-On Confirmation,Neutral,0,67,No Shock,1.0,0,0,0,0,22.06666666666667,6.190476190476191,1.4285714285714286,0.0,0.0,0.0,69.4,-7.590476190476185,-1.666666666666666,91,95,0,87.7,87.2,0.0,Moderate,Low,Low,Easy / Supportive,SUPPORTIVE,Low,Low Divergence,Healthy,High,Elevated Complacency,No Setup,RISK ON,NO TRADE,-4.6285714285714255,Complacency / Late Cycle,REDUCE RISK,"{'final_decision': 'Hold / Do Not Chase', 'environment': 'Stable but crowded', 'action': 'Hold existing risk, avoid aggressive new risk', 'buy_trigger': 'Wait for better entry after volatility or credit repricing', 'risk_off_trigger': '5D VIX spike or HY widening'}",Hold / Do Not Chase,Stable but crowded,"Hold existing risk, avoid aggressive new risk",0.4,0.25,0.35,Neutral,"{'Elevated complacency': 20, 'HY spread tightness': 18, 'High risk appetite': 16, 'Low VIX': 15, 'HY spread compression': 14, 'VIX compression': 12, 'SP500 near highs': 12}","[('Late-Cycle Melt-Up', np.float64(78.3)), ('Benign Risk-On', np.float64(54.8)), ('COVID Crash', 0), ('Inflation / Duration Shock', 0), ('Credit Tightening', 0)]",-0.012094269128189672,-0.0447347813900536,0.1900000000000004,0.29000000000000004,6796.86,6343.72,-0.01800198224074112,-0.08347082840903508,-0.004137707651275869,"('High', ['Adequate decision sample size', 'No active shock flag', 'Signals mostly aligned', 'Labor warning low'])",High,"['Adequate decision sample size', 'No active shock flag', 'Signals mostly aligned', 'Labor warning low']"
2026-01-09,4.18,3.54,0.6399999999999997,Normal,4.3,-0.558,-0.5231333333333333,2.74,6966.28,14.49,2.28,0.0,0.040000000000000036,-0.08000000000000052,-0.3599999999999999,-0.009999999999999787,-0.08999999999999986,-0.08000000000000007,-0.2799999999999998,-0.037966666666666704,-4.0699999999999985,-0.019999999999999574,0.015719249336951124,0.029619206961991607,4.0,0.2999999999999998,6966.28,0.0,1.9,0.0900000000000003,0.040000000000000036,-0.38596801920458723,Neutral,Low,Risk-On Confirmation,Neutral,0,75,No Shock,2.2,0,0,0,0,20.714285714285715,5.476190476190476,1.1904761904761905,0.0,0.0,0.0,70.9,-8.847619047619048,-0.9523809523809526,76,100,0,88.3,89.4,0.0,Moderate,Low,Low,Easy / Supportive,SUPPORTIVE,Low,Low Divergence,Strong / Extended,High,Elevated Complacency,No Setup,RISK ON,NO TRADE,-4.9,Complacency / Late Cycle,REDUCE RISK,"{'final_decision': 'Hold / Do Not Chase', 'environment': 'Stable but crowded', 'action': 'Hold existing risk, avoid aggressive new risk', 'buy_trigger': 'Wait for better entry after volatility or credit repricing', 'risk_off_trigger': '5D VIX spike or HY widening'}",Hold / Do Not Chase,Stable but crowded,"Hold existing risk, avoid aggressive new risk",0.4,0.25,0.35,Neutral,"{'Elevated complacency': 20, 'HY spread tightness': 18, 'High risk appetite': 16, 'Low VIX': 15, 'HY spread compression': 14, 'SP500 near highs': 12}","[('Late-Cycle Melt-Up', np.float64(78.7)), ('Benign Risk-On', np.float64(53.0)), ('COVID Crash', 0), ('Inflation / Duration Shock', 0), ('Credit Tightening', 0)]",-0.010939841637143455,-0.05016020027905843,0.22999999999999998,0.3799999999999999,6796.86,6343.72,-0.024320010105824075,-0.08936763954363014,-0.003675936654857382,"('High', ['Adequate decision sample size', 'No active shock flag', 'Signals mostly aligned', 'Labor warning low'])",High,"['Adequate decision sample size', 'No active shock flag', 'Signals mostly aligned', 'Labor warning low']"
2026-01-12,4.19,3.54,0.6500000000000004,Normal,4.3,-0.558,-0.5234333333333333,2.74,6977.27,15.12,2.29,0.0,0.009999999999999787,-0.05999999999999961,-0.2599999999999998,-0.07999999999999963,-0.06999999999999984,-0.10999999999999988,-0.1499999999999999,-0.036766666666666614,-2.070000000000002,0.21999999999999886,0.010898211400960589,0.024169884963325394,4.0,0.2999999999999998,6977.27,0.0,1.9000000000000004,0.08000000000000007,0.009999999999999787,-0.37929085179057204,Neutral,Low,Risk-On Confirmation,Neutral,0,52,No Shock,2.0,0,0,0,0,19.371428571428574,4.761904761904762,0.9523809523809523,0.0,0.0,0.0,70.1,-10.095238095238095,-1.666666666666667,70,100,0,88.3,91.6,0.0,Low,Low,Low,Easy / Supportive,SUPPORTIVE,Low,Low Divergence,Strong / Extended,High,Extreme Complacency,No Setup,RISK ON,NO TRADE,-5.880952380952381,Complacency / Late Cycle,REDUCE RISK,"{'final_decision': 'Avoid Chasing Risk', 'environment': 'Stable but extremely crowded', 'action': 'Reduce new exposure / avoid chasing risk', 'buy_trigger': 'Wait for VIX spike, HY widening, or SP500 drawdown > 5%', 'risk_off_trigger': 'HY spread widening + VIX rising'}",Avoid Chasing Risk,Stable but extremely crowded,Reduce new exposure / avoid chasing risk,0.3,0.2,0.5,Neutral / Defensive,"{'Elevated complacency': 20, 'HY spread tightness': 18, 'High risk appetite': 16, 'Low VIX': 15, 'SP500 near highs': 12}","[('Late-Cycle Melt-Up', np.float64(78.8)), ('Benign Risk-On', np.float64(51.1)), ('COVID Crash', 0), ('Inflation / Duration Shock', 0), ('Credit Tightening', 0)]",-0.004463063633770803,-0.02787049949335485,0.19999999999999973,0.19999999999999973,6796.86,6343.72,-0.02585681792448924,-0.09080198989002863,-0.0003389190901312408,"('High', ['Limited decision sample size', 'No active shock flag', 'Signals mostly aligned', 'Labor warning low'])",High,"['Limited decision sample size', 'No active shock flag', 'Signals mostly aligned', 'Labor warning low']"
2026-01-13,4.18,3.53,0.6499999999999999,Normal,4.3,-0.558,-0.5237333333333334,2.75,6963.74,15.98,2.3,-0.10000000000000053,0.029999999999999805,-0.05999999999999961,-0.20000000000000018,-0.16999999999999993,-0.040000000000000036,0.0,-0.20000000000000018,-0.03406666666666669,-0.370000000000001,1.2300000000000004,0.0027243326680892466,0.016739450058328886,4.0,0.2999999999999998,6977.27,-0.0019391538524380358,1.88,0.009999999999999787,0.029999999999999805,-0.506737570653646,Neutral,Low,Risk-On Confirmation,Neutral,0,37,No Shock,2.0,0,0,0,0,18.057142857142857,4.0476190476190474,0.7142857142857143,0.0,0.0,0.0,66.3,-11.295238095238101,-2.3809523809523814,70,88,0,86.8,92.4,0.0,Low,Low,Low,Easy / Supportive,SUPPORTIVE,Low,Low Divergence,Healthy,High,Extreme Complacency,No Setup,RISK ON,NO TRADE,-6.838095238095241,Complacency / Late Cycle,REDUCE RISK,"{'final_decision': 'Avoid Chasing Risk', 'environment': 'Stable but extremely crowded', 'action': 'Reduce new exposure / avoid chasing risk', 'buy_trigger': 'Wait for VIX spike, HY widening, or SP500 drawdown > 5%', 'risk_off_trigger': 'HY spread widening + VIX rising'}",Avoid Chasing Risk,Stable but extremely crowded,Reduce new exposure / avoid chasing risk,0.3,0.2,0.5,Neutral / Defensive,"{'Elevated complacency': 20, 'HY spread tightness': 18, 'High risk appetite': 16, 'Low VIX': 15, 'SP500 near highs': 12}","[('Late-Cycle Melt-Up', np.float64(78.8)), ('Benign Risk-On', np.float64(50.5)), ('COVID Crash', 0), ('Inflation / Duration Shock', 0), ('Credit Tightening', 0)]",-0.007880822661386011,-0.01997202652597596,0.22999999999999998,0.1499999999999999,6796.86,6343.72,-0.02396413421523491,-0.0890354895501555,-0.001364246798415803,"('High', ['Limited decision sample size', 'No active shock flag', 'Signals mostly aligned', 'Labor warning low'])",High,"['Limited decision sample size', 'No active shock flag', 'Signals mostly aligned', 'Labor warning low']"
2026-01-14,4.15,3.51,0.6400000000000006,Normal,4.3,-0.558,-0.5240333333333334,2.76,6926.6,16.75,2.29,-0.10000000000000053,0.030000000000000693,-0.03999999999999959,-0.18000000000000016,-0.1200000000000001,-0.03000000000000025,-0.10000000000000009,-0.08000000000000007,-0.03286666666666671,-0.48999999999999844,1.3699999999999992,0.0008192540597866671,0.01672922204787297,4.0,0.2999999999999998,6977.27,-0.007262152675760025,1.8600000000000003,0.04000000000000048,0.030000000000000693,-0.6359364442741711,Neutral,Low,Risk-On Confirmation,Neutral,0,37,No Shock,2.2,0,0,0,0,16.8,1.6666666666666667,0.47619047619047616,0.0,0.0,0.0,62.5,-12.419047619047621,-4.523809523809524,70,88,0,85.3,93.2,0.0,Low,Low,Low,Easy / Supportive,SUPPORTIVE,Low,Low Divergence,Healthy,High,Extreme Complacency,No Setup,RISK ON,NO TRADE,-8.471428571428572,Complacency / Late Cycle,REDUCE RISK,"{'final_decision': 'Avoid Chasing Risk', 'environment': 'Stable but extremely crowded', 'action': 'Reduce new exposure / avoid chasing risk', 'buy_trigger': 'Wait for VIX spike, HY widening, or SP500 drawdown > 5%', 'risk_off_trigger': 'HY spread widening + VIX rising'}",Avoid Chasing Risk,Stable but extremely crowded,Reduce new exposure / avoid chasing risk,0.3,0.2,0.5,Neutral / Defensive,"{'Elevated complacency': 20, 'HY spread tightness': 18, 'High risk appetite': 16, 'Low VIX': 15, 'SP500 near highs': 12}","[('Late-Cycle Melt-Up', np.float64(78.0)), ('Benign Risk-On', np.float64(49.6)), ('COVID Crash', 0), ('Inflation / Duration Shock', 0), ('Credit Tightening', 0)]",-0.0068893829584500965,-0.015838939739554747,0.3400000000000003,0.18000000000000016,6796.86,6343.72,-0.0187306903820057,-0.08415095429214914,-0.0010668148875350287,"('High', ['Limited decision sample size', 'No active shock flag', 'Signals mostly aligned', 'Labor warning low'])",High,"['Limited decision sample size', 'No active shock flag', 'Signals mostly aligned', 'Labor warning low']"
2026-01-15,4.17,3.56,0.6099999999999999,Normal,4.3,-0.558,-0.5243333333333334,2.71,6944.47,15.84,2.29,-0.10000000000000053,0.029999999999999805,-0.0900000000000003,-0.20999999999999996,-0.1299999999999999,-0.04999999999999982,-0.1200000000000001,-0.08999999999999986,-0.03166666666666673,-0.75,0.39000000000000057,0.00332444310882396,0.01685367757201628,4.0,0.2999999999999998,6977.27,-0.00470097903621336,1.88,0.08999999999999986,0.029999999999999805,-0.49417592094461404,Neutral,Low,Risk-On Confirmation,Neutral,0,37,No Shock,2.8,0,0,0,0,15.571428571428571,0.9523809523809523,0.23809523809523808,0.0,0.0,0.0,59.7,-13.495238095238099,-5.238095238095238,70,95,0,82.5,94.0,0.0,Low,Low,Low,Easy / Supportive,SUPPORTIVE,Low,Low Divergence,Healthy,High,Extreme Complacency,No Setup,RISK ON,NO TRADE,-9.366666666666669,Complacency / Late Cycle,REDUCE RISK,"{'final_decision': 'Avoid Chasing Risk', 'environment': 'Stable but extremely crowded', 'action': 'Reduce new exposure / avoid chasing risk', 'buy_trigger': 'Wait for VIX spike, HY widening, or SP500 drawdown > 5%', 'risk_off_trigger': 'HY spread widening + VIX rising'}",Avoid Chasing Risk,Stable but extremely crowded,Reduce new exposure / avoid chasing risk,0.3,0.2,0.5,Neutral / Defensive,"{'Elevated complacency': 20, 'HY spread tightness': 18, 'High risk appetite': 16, 'Low VIX': 15, 'SP500 near highs': 12}","[('Late-Cycle Melt-Up', np.float64(77.7)), ('Benign Risk-On', np.float64(48.9)), ('COVID Crash', 0), ('Inflation / Duration Shock', 0), ('Credit Tightening', 0)]",-0.009050366694650647,-0.00838508914287206,0.31999999999999984,0.2400000000000002,6796.86,6343.72,-0.021255761778796733,-0.0865076816517315,-0.001715110008395194,"('High', ['Limited decision sample size', 'No active shock flag', 'Signals mostly aligned', 'Labor warning low'])",High,"['Limited decision sample size', 'No active shock flag', 'Signals mostly aligned', 'Labor warning low']"
2026-01-16,4.24,3.59,0.6500000000000004,Normal,4.3,-0.564,-0.5246999999999999,2.65,6940.01,15.86,2.33,-0.10000000000000053,0.0600000000000005,0.010000000000000675,-0.2400000000000002,-0.18000000000000016,-0.0900000000000003,-0.10000000000000009,-0.14000000000000012,-0.030677777777777693,-0.21999999999999886,1.3699999999999992,-0.003771022697910409,0.013181560706130968,4.0,0.2999999999999998,6977.27,-0.005340197527113122,1.9100000000000001,0.1800000000000006,0.0600000000000005,-0.2796576011922006,Neutral,Low,Risk-On Confirmation,Neutral,0,37,No Shock,2.0,0,0,0,0,14.304761904761907,0.23809523809523808,0.0,0.0,0.0,0.0,56.9,-13.342857142857142,-5.9523809523809526,70,95,0,79.7,94.8,0.0,Low,Low,Low,Easy / Supportive,SUPPORTIVE,Low,Low Divergence,Healthy,High,Extreme Complacency,No Setup,RISK ON,NO TRADE,-9.647619047619047,Complacency / Late Cycle,REDUCE RISK,"{'final_decision': 'Avoid Chasing Risk', 'environment': 'Stable but extremely crowded', 'action': 'Reduce new exposure / avoid chasing risk', 'buy_trigger': 'Wait for VIX spike, HY widening, or SP500 drawdown > 5%', 'risk_off_trigger': 'HY spread widening + VIX rising'}",Avoid Chasing Risk,Stable but extremely crowded,Reduce new exposure / avoid chasing risk,0.3,0.2,0.5,Neutral / Defensive,"{'Elevated complacency': 20, 'HY spread tightness': 18, 'High risk appetite': 16, 'Low VIX': 15, 'SP500 near highs': 12}","[('Late-Cycle Melt-Up', np.float64(77.2)), ('Benign Risk-On', np.float64(48.1)), ('COVID Crash', 0), ('Inflation / Duration Shock', 0), ('Credit Tightening', 0)]",-0.01777807236589002,0.003943798351875527,0.43000000000000016,0.18999999999999995,6796.86,6343.72,-0.020626771431165203,-0.08592062547460311,-0.004333421709767005,"('High', ['Limited decision sample size', 'No active shock flag', 'Signals mostly aligned', 'Labor warning low'])",High,"['Limited decision sample size', 'No active shock flag', 'Signals mostly aligned', 'Labor warning low']"
2026-01-20,4.3,3.6,0.6999999999999997,Normal,4.3,-0.564,-0.5254333333333333,2.73,6796.86,20.09,2.33,-0.10000000000000053,0.14000000000000012,0.04999999999999938,-0.1499999999999999,-0.10999999999999988,-0.010000000000000231,-0.0900000000000003,-0.05999999999999961,-0.030055555555555502,4.3100000000000005,4.970000000000001,-0.02585681792448924,-0.00878794595981991,4.0,0.2999999999999998,6977.27,-0.02585681792448924,1.9699999999999998,0.27,0.14000000000000012,0.15236974550348967,Neutral,Low,Neutral,Neutral,0,15,No Shock,1.0,25,5,15,2,12.99047619047619,1.1904761904761905,0.23809523809523808,0.09523809523809523,0.7142857142857143,0.0,50.9,-13.23809523809524,-5.0,47,73,0,74.6,93.4,0.0,Low,Low,Low,Easy / Supportive,SUPPORTIVE,Low,Low Divergence,Healthy,High,Extreme Complacency,No Setup,RISK ON,NO TRADE,-9.11904761904762,Complacency / Late Cycle,REDUCE RISK,"{'final_decision': 'Avoid Chasing Risk', 'environment': 'Stable but extremely crowded', 'action': 'Reduce new exposure / avoid chasing risk', 'buy_trigger': 'Wait for VIX spike, HY widening, or SP500 drawdown > 5%', 'risk_off_trigger': 'HY spread widening + VIX rising'}",Avoid Chasing Risk,Stable but extremely crowded,Reduce new exposure / avoid chasing risk,0.3,0.2,0.5,Neutral / Defensive,"{'Elevated complacency': 20, 'HY spread tightness': 18, 'High risk appetite': 16}","[('Late-Cycle Melt-Up', np.float64(78.4)), ('Benign Risk-On', np.float64(49.8)), ('COVID Crash', 0), ('Inflation / Duration Shock', 0), ('Credit Tightening', 0)]",0.010687287953555114,0.033263889501917054,0.2400000000000002,0.1200000000000001,6798.4,6343.72,0.00022657521267177572,-0.06666902069485015,0.0042061863860665336,"('High', ['Limited decision sample size', 'No active shock flag', 'Signals mostly aligned', 'Labor warning low'])",High,"['Limited decision sample size', 'No active shock flag', 'Signals mostly aligned', 'Labor warning low']"
2026-01-21,4.26,3.6,0.6599999999999997,Normal,4.3,-0.564,-0.5258,2.69,6875.62,16.9,2.34,-0.10000000000000053,0.11999999999999966,0.009999999999999787,-0.16000000000000014,-0.18000000000000016,-0.06000000000000005,-0.1599999999999997,-4.440892098500626e-16,-0.029066666666666685,1.4899999999999984,0.9199999999999982,-0.012654119768974681,0.0007597810898929414,4.0,0.2999999999999998,6977.27,-0.014568735336313532,1.92,0.19999999999999973,0.11999999999999966,-0.1951525925077911,Neutral,Low,Risk-On Confirmation,Neutral,0,27,No Shock,1.8,0,0,0,0,11.704761904761904,1.1904761904761905,0.23809523809523808,0.09523809523809523,0.7142857142857143,0.0,45.1,-13.123809523809525,-5.0,60,87,0,71.5,92.1,0.0,Low,Low,Low,Easy / Supportive,SUPPORTIVE,Low,Low Divergence,Healthy,High,Extreme Complacency,No Setup,RISK ON,NO TRADE,-9.061904761904763,Complacency / Late Cycle,REDUCE RISK,"{'final_decision': 'Avoid Chasing Risk', 'environment': 'Stable but extremely crowded', 'action': 'Reduce new exposure / avoid chasing risk', 'buy_trigger': 'Wait for VIX spike, HY widening, or SP500 drawdown > 5%', 'risk_off_trigger': 'HY spread widening + VIX rising'}",Avoid Chasing Risk,Stable but extremely crowded,Reduce new exposure / avoid chasing risk,0.3,0.2,0.5,Neutral / Defensive,"{'Elevated complacency': 20, 'HY spread tightness': 18, 'High risk appetite': 16, 'Low VIX': 15, 'SP500 near highs': 12}","[('Late-Cycle Melt-Up', np.float64(78.4)), ('Benign Risk-On', np.float64(51.2)), ('COVID Crash', 0), ('Inflation / Duration Shock', 0), ('Credit Tightening', 0)]",-0.006531774589055184,0.024093827174858307,0.31000000000000005,0.16999999999999993,6798.4,6343.72,-0.011230987169157158,-0.0773602962351031,-0.000959532376716555,"('High', ['Limited decision sample size', 'No active shock flag', 'Signals mostly aligned', 'Labor warning low'])",High,"['Limited decision sample size', 'No active shock flag', 'Signals mostly aligned', 'Labor warning low']"
2026-01-22,4.26,3.61,0.6499999999999999,Normal,4.3,-0.564,-0.5261666666666667,2.64,6913.35,15.64,2.31,-0.10000000000000053,0.1499999999999999,0.009999999999999343,-0.25,-0.19999999999999973,-0.11999999999999966,-0.06999999999999984,-0.18000000000000016,-0.028077777777777813,-1.0199999999999996,-1.1099999999999994,-0.0019129154274825089,0.009762638190844664,4.0,0.2999999999999998,6977.27,-0.009161176219352307,1.9499999999999997,0.2599999999999998,0.1499999999999999,0.026578986246865194,Neutral,Low,Risk-On Confirmation,Neutral,0,37,No Shock,2.0,0,0,15,0,10.447619047619046,1.1904761904761905,0.23809523809523808,0.09523809523809523,1.4285714285714286,0.0,42.1,-13.000000000000004,-5.0,70,95,0,69.4,91.6,0.0,Low,Low,Low,Easy / Supportive,SUPPORTIVE,Low,Low Divergence,Healthy,Elevated,Extreme Complacency,No Setup,RISK ON,NO TRADE,-9.000000000000002,Complacency / Late Cycle,REDUCE RISK,"{'final_decision': 'Avoid Chasing Risk', 'environment': 'Stable but extremely crowded', 'action': 'Reduce new exposure / avoid chasing risk', 'buy_trigger': 'Wait for VIX spike, HY widening, or SP500 drawdown > 5%', 'risk_off_trigger': 'HY spread widening + VIX rising'}",Avoid Chasing Risk,Stable but extremely crowded,Reduce new exposure / avoid chasing risk,0.3,0.2,0.5,Neutral / Defensive,"{'Elevated complacency': 20, 'HY spread tightness': 18, 'Low VIX': 15, 'SP500 near highs': 12}","[('Late-Cycle Melt-Up', np.float64(78.9)), ('Benign Risk-On', np.float64(51.8)), ('COVID Crash', 0), ('Inflation / Duration Shock', 0), ('Credit Tightening', 0)]",-0.025071781408434357,0.03076800682737013,0.48999999999999977,0.18999999999999995,6740.02,6343.72,-0.025071781408434357,-0.08239565478386024,-0.006521534422530307,"('High', ['Limited decision sample size', 'No active shock flag', 'Signals mostly aligned', 'Labor warning low'])",High,"['Limited decision sample size', 'No active shock flag', 'Signals mostly aligned', 'Labor warning low']"
2026-01-23,4.24,3.6,0.6400000000000001,Normal,4.3,-0.566,-0.5265777777777778,2.68,6915.61,16.09,2.32,-0.10000000000000053,0.15000000000000036,0.03000000000000025,-0.20999999999999996,-0.09999999999999964,-0.029999999999999805,0.010000000000000231,-0.2200000000000002,-0.027133333333333343,-0.8399999999999999,0.25,-0.00415582470656517,0.010978713575449772,4.0,0.2999999999999998,6977.27,-0.008837267297954754,1.9200000000000004,0.25000000000000044,0.15000000000000036,-0.18269188670803232,Neutral,Low,Risk-On Confirmation,Neutral,0,37,No Shock,2.2,0,0,15,0,9.247619047619049,1.1904761904761905,0.23809523809523808,0.09523809523809523,2.142857142857143,0.0,39.1,-12.819047619047621,-5.0,70,95,0,67.3,91.6,0.0,Low,Low,Low,Easy / Supportive,SUPPORTIVE,Low,Low Divergence,Weakening,Elevated,Extreme Complacency,No Setup,RISK ON,NO TRADE,-8.909523809523812,Complacency / Late Cycle,REDUCE RISK,"{'final_decision': 'Avoid Chasing Risk', 'environment': 'Stable but extremely crowded', 'action': 'Reduce new exposure / avoid chasing risk', 'buy_trigger': 'Wait for VIX spike, HY widening, or SP500 drawdown > 5%', 'risk_off_trigger': 'HY spread widening + VIX rising'}",Avoid Chasing Risk,Stable but extremely crowded,Reduce new exposure / avoid chasing risk,0.3,0.2,0.5,Neutral / Defensive,"{'Elevated complacency': 20, 'HY spread tightness': 18, 'Low VIX': 15, 'SP500 near highs': 12}","[('Late-Cycle Melt-Up', np.float64(79.2)), ('Benign Risk-On', np.float64(51.9)), ('COVID Crash', 0), ('Inflation / Duration Shock', 0), ('Credit Tightening', 0)]",-0.01729710032809828,0.02798451618873843,0.5099999999999998,0.18999999999999995,6740.02,6343.72,-0.025390384940735422,-0.08269552505129696,-0.004189130098429484,"('High', ['Limited decision sample size', 'No active shock flag', 'Signals mostly aligned', 'Labor warning low'])",High,"['Limited decision sample size', 'No active shock flag', 'Signals mostly aligned', 'Labor warning low']"
2026-01-26,4.22,3.56,0.6599999999999997,Normal,4.3,-0.566,-0.526988888888889,2.69,6950.23,16.15,2.32,-0.10000000000000053,0.16000000000000014,0.009999999999999343,-0.2200000000000002,-0.10000000000000009,0.040000000000000036,0.11000000000000032,-0.3300000000000005,-0.026377777777777833,0.379999999999999,0.28999999999999915,0.0014726203564547902,0.00922795890036987,4.0,0.2999999999999998,6977.27,-0.0038754412542442163,1.9,0.20000000000000018,0.16000000000000014,-0.32131594644552447,Neutral,Low,Risk-On Confirmation,Neutral,0,37,No Shock,1.8,0,0,0,0,8.0,1.1904761904761905,0.23809523809523808,0.09523809523809523,2.142857142857143,0.0,35.3,-12.714285714285715,-4.285714285714286,60,87,0,65.7,90.3,0.0,Low,Low,Low,Easy / Supportive,SUPPORTIVE,Low,Low Divergence,Weakening,Elevated,Extreme Complacency,No Setup,RISK ON,NO TRADE,-8.5,Complacency / Late Cycle,REDUCE RISK,"{'final_decision': 'Avoid Chasing Risk', 'environment': 'Stable but extremely crowded', 'action': 'Reduce new exposure / avoid chasing risk', 'buy_trigger': 'Wait for VIX spike, HY widening, or SP500 drawdown > 5%', 'risk_off_trigger': 'HY spread widening + VIX rising'}",Avoid Chasing Risk,Stable but extremely crowded,Reduce new exposure / avoid chasing risk,0.3,0.2,0.5,Neutral / Defensive,"{'Elevated complacency': 20, 'HY spread tightness': 18, 'Low VIX': 15, 'SP500 near highs': 12}","[('Late-Cycle Melt-Up', np.float64(78.9)), ('Benign Risk-On', np.float64(53.1)), ('COVID Crash', 0), ('Inflation / Duration Shock', 0), ('Credit Tightening', 0)]",-0.024279772036321146,0.01637068125803043,0.3700000000000001,0.16000000000000014,6740.02,6343.72,-0.030245042250400256,-0.08726473800147616,-0.0062839316108963435,"('High', ['Limited decision sample size', 'No active shock flag', 'Signals mostly aligned', 'Labor warning low'])",High,"['Limited decision sample size', 'No active shock flag', 'Signals mostly aligned', 'Labor warning low']"
2026-01-27,4.24,3.53,0.7100000000000004,Normal,4.3,-0.566,-0.5274,2.71,6978.6,16.35,2.34,-0.10000000000000053,0.20000000000000062,0.010000000000000675,-0.16999999999999993,-0.040000000000000036,-0.020000000000000018,0.06000000000000005,-0.22999999999999998,-0.025622222222222213,1.5000000000000018,-3.7399999999999984,0.026738817630494127,0.01124474713809609,4.0,0.2999999999999998,6978.6,0.0,1.9000000000000004,0.22000000000000064,0.20000000000000062,-0.31477208875931084,Neutral,Low,Risk-On Confirmation,Neutral,0,52,No Shock,0.8,0,0,0,0,6.685714285714286,1.1904761904761905,0.23809523809523808,0.09523809523809523,2.142857142857143,0.0,35.3,-12.685714285714287,-3.571428571428571,60,87,0,64.7,89.0,0.0,Low,Low,Low,Easy / Supportive,SUPPORTIVE,Low,Low Divergence,Weakening,Elevated,Elevated Complacency,No Setup,RISK ON,NO TRADE,-8.12857142857143,Complacency / Late Cycle,REDUCE RISK,"{'final_decision': 'Hold / Do Not Chase', 'environment': 'Stable but crowded', 'action': 'Hold existing risk, avoid aggressive new risk', 'buy_trigger': 'Wait for better entry after volatility or credit repricing', 'risk_off_trigger': '5D VIX spike or HY widening'}",Hold / Do Not Chase,Stable but crowded,"Hold existing risk, avoid aggressive new risk",0.4,0.25,0.35,Neutral,"{'Elevated complacency': 20, 'HY spread tightness': 18, 'Low VIX': 15, 'SP500 near highs': 12}","[('Late-Cycle Melt-Up', np.float64(78.4)), ('Benign Risk-On', np.float64(54.3)), ('COVID Crash', 0), ('Inflation / Duration Shock', 0), ('Credit Tightening', 0)]",-0.029060269968188446,0.022826928037142036,0.3799999999999999,0.1299999999999999,6740.02,6343.72,-0.03418737282549511,-0.09097526724557936,-0.01092410798727538,"('High', ['Adequate decision sample size', 'No active shock flag', 'Signals mostly aligned', 'Labor warning low'])",High,"['Adequate decision sample size', 'No active shock flag', 'Signals mostly aligned', 'Labor warning low']"
2026-01-28,4.26,3.56,0.6999999999999997,Normal,4.3,-0.566,-0.5278111111111112,2.72,6978.03,16.35,2.36,-0.10000000000000053,0.16999999999999948,0.040000000000000036,-0.18999999999999995,-0.06999999999999984,0.03000000000000025,0.15000000000000036,-0.3400000000000003,-0.024866666666666815,0.6100000000000012,-0.5499999999999972,0.01489465677277102,0.022061074404496006,4.0,0.2999999999999998,6978.6,-8.16782735792998e-05,1.9,0.22999999999999998,0.16999999999999948,-0.3078469179545311,Neutral,Low,Risk-On Confirmation,Neutral,0,52,No Shock,1.0,0,0,0,0,5.380952380952381,1.1904761904761905,0.23809523809523808,0.09523809523809523,2.142857142857143,0.0,36.8,-12.676190476190476,-2.8571428571428568,60,87,0,63.7,88.9,0.0,Low,Low,Low,Easy / Supportive,SUPPORTIVE,Low,Low Divergence,Weakening,Elevated,Elevated Complacency,No Setup,RISK ON,NO TRADE,-7.766666666666666,Complacency / Late Cycle,REDUCE RISK,"{'final_decision': 'Hold / Do Not Chase', 'environment': 'Stable but crowded', 'action': 'Hold existing risk, avoid aggressive new risk', 'buy_trigger': 'Wait for better entry after volatility or credit repricing', 'risk_off_trigger': '5D VIX spike or HY widening'}",Hold / Do Not Chase,Stable but crowded,"Hold existing risk, avoid aggressive new risk",0.4,0.25,0.35,Neutral,"{'Elevated complacency': 20, 'HY spread tightness': 18, 'Low VIX': 15, 'SP500 near highs': 12}","[('Late-Cycle Melt-Up', np.float64(77.9)), ('Benign Risk-On', np.float64(54.3)), ('COVID Crash', 0), ('Inflation / Duration Shock', 0), ('Credit Tightening', 0)]",-0.04376736700759376,0.018682923403883223,0.44999999999999973,0.13999999999999968,6672.62,6343.72,-0.04376736700759376,-0.09090101360985825,-0.016806946803037504,"('High', ['Adequate decision sample size', 'No active shock flag', 'Signals mostly aligned', 'Labor warning low'])",High,"['Adequate decision sample size', 'No active shock flag', 'Signals mostly aligned', 'Labor warning low']"
2026-01-29,4.24,3.53,0.7100000000000004,Normal,4.3,-0.566,-0.5282222222222223,2.77,6969.01,16.88,2.35,-0.10000000000000053,0.17000000000000082,0.0600000000000005,-0.14000000000000012,-0.020000000000000018,0.1299999999999999,0.06000000000000005,-0.20000000000000018,-0.024111111111111194,0.379999999999999,1.2399999999999984,0.008051089558607671,0.02237215231841505,4.0,0.2999999999999998,6978.6,-0.001374201129166308,1.8900000000000001,0.2100000000000004,0.17000000000000082,-0.3754859981607983,Neutral,Low,Risk-On Confirmation,Neutral,0,52,No Shock,0.8,0,0,0,0,4.057142857142857,1.1904761904761905,0.23809523809523808,0.09523809523809523,2.142857142857143,0.0,38.3,-12.742857142857144,-0.4761904761904763,60,80,0,62.7,88.1,0.0,Low,Low,Low,Easy / Supportive,SUPPORTIVE,Low,Low Divergence,Weakening,Elevated,Elevated Complacency,No Setup,RISK ON,NO TRADE,-6.60952380952381,Complacency / Late Cycle,REDUCE RISK,"{'final_decision': 'Hold / Do Not Chase', 'environment': 'Stable but crowded', 'action': 'Hold existing risk, avoid aggressive new risk', 'buy_trigger': 'Wait for better entry after volatility or credit repricing', 'risk_off_trigger': '5D VIX spike or HY widening'}",Hold / Do Not Chase,Stable but crowded,"Hold existing risk, avoid aggressive new risk",0.4,0.25,0.35,Neutral,"{'Elevated complacency': 20, 'HY spread tightness': 18, 'Low VIX': 15, 'SP500 near highs': 12}","[('Late-Cycle Melt-Up', np.float64(77.2)), ('Benign Risk-On', np.float64(54.9)), ('COVID Crash', 0), ('Inflation / Duration Shock', 0), ('Credit Tightening', 0)]",-0.048331111592607945,0.02813455569729406,0.5099999999999998,0.08999999999999986,6632.19,6343.72,-0.048331111592607945,-0.08972436544071538,-0.01863244463704318,"('High', ['Adequate decision sample size', 'No active shock flag', 'Signals mostly aligned', 'Labor warning low'])",High,"['Adequate decision sample size', 'No active shock flag', 'Signals mostly aligned', 'Labor warning low']"
2026-01-30,4.26,3.52,0.7399999999999998,Normal,4.3,-0.562,-0.528588888888889,2.8,6939.03,17.44,2.36,-0.10000000000000053,0.1999999999999993,0.09999999999999964,-0.18000000000000016,0.08999999999999986,0.11999999999999966,0.040000000000000036,-0.2200000000000002,-0.02331111111111117,0.9600000000000009,1.3500000000000014,0.003386541461996906,0.020406572689867675,4.0,0.2999999999999998,6978.6,-0.005670191729000185,1.9,0.16999999999999948,0.1999999999999993,-0.2951856959251675,Neutral,Low,Risk-On Confirmation,Neutral,0,52,No Shock,0.2,0,0,0,0,2.723809523809524,1.1904761904761905,0.23809523809523808,0.09523809523809523,2.142857142857143,0.0,39.8,-12.847619047619048,0.23809523809523814,52,80,0,60.9,86.6,0.0,Low,Low,Low,Easy / Supportive,SUPPORTIVE,Low,Low Divergence,Weakening,Elevated,Elevated Complacency,No Setup,RISK ON,NO TRADE,-6.3047619047619055,Complacency / Late Cycle,REDUCE RISK,"{'final_decision': 'Hold / Do Not Chase', 'environment': 'Stable but crowded', 'action': 'Hold existing risk, avoid aggressive new risk', 'buy_trigger': 'Wait for better entry after volatility or credit repricing', 'risk_off_trigger': '5D VIX spike or HY widening'}",Hold / Do Not Chase,Stable but crowded,"Hold existing risk, avoid aggressive new risk",0.4,0.25,0.35,Neutral,"{'Elevated complacency': 20, 'HY spread tightness': 18, 'Low VIX': 15, 'SP500 near highs': 12}","[('Late-Cycle Melt-Up', np.float64(76.4)), ('Benign Risk-On', np.float64(56.1)), ('COVID Crash', 0), ('Inflation / Duration Shock', 0), ('Credit Tightening', 0)]",-0.03453652743971414,0.03384911147523506,0.4700000000000002,0.040000000000000036,6632.19,6343.72,-0.044219437010648455,-0.08579152994006356,-0.013114610975885656,"('High', ['Adequate decision sample size', 'No active shock flag', 'Signals mostly aligned', 'Labor warning low'])",High,"['Adequate decision sample size', 'No active shock flag', 'Signals mostly aligned', 'Labor warning low']"
2026-02-02,4.29,3.57,0.7200000000000002,Normal,4.3,-0.562,-0.5289555555555556,2.81,6976.44,16.34,2.35,-0.10000000000000053,0.15000000000000036,0.0600000000000005,-0.18000000000000016,0.08999999999999986,0.1200000000000001,-0.04999999999999982,-0.13000000000000034,-0.022733333333333383,-1.2800000000000011,0.19000000000000128,0.00377109822264865,0.03793984315837551,4.0,0.2999999999999998,6978.6,-0.0003095176683003409,1.94,0.1900000000000004,0.15000000000000036,0.010148521201682335,Neutral,Low,Risk-On Confirmation,Neutral,0,52,No Shock,0.6,0,0,0,0,1.4285714285714288,1.1904761904761905,0.23809523809523808,0.09523809523809523,2.142857142857143,0.0,41.3,-12.876190476190478,0.9523809523809523,62,88,0,60.1,85.9,0.0,Low,Low,Low,Easy / Supportive,SUPPORTIVE,Low,Low Divergence,Healthy,Elevated,Elevated Complacency,No Setup,RISK ON,NO TRADE,-5.961904761904763,Complacency / Late Cycle,REDUCE RISK,"{'final_decision': 'Hold / Do Not Chase', 'environment': 'Stable but crowded', 'action': 'Hold existing risk, avoid aggressive new risk', 'buy_trigger': 'Wait for better entry after volatility or credit repricing', 'risk_off_trigger': '5D VIX spike or HY widening'}",Hold / Do Not Chase,Stable but crowded,"Hold existing risk, avoid aggressive new risk",0.4,0.25,0.35,Neutral,"{'Elevated complacency': 20, 'HY spread tightness': 18, 'Low VIX': 15, 'SP500 near highs': 12}","[('Late-Cycle Melt-Up', np.float64(75.6)), ('Benign Risk-On', np.float64(56.6)), ('COVID Crash', 0), ('Inflation / Duration Shock', 0), ('Credit Tightening', 0)]",-0.03731846041820752,0.023272614686000503,0.41000000000000014,0.040000000000000036,6632.19,6343.72,-0.04934465142680222,-0.09069382091725853,-0.01422738416728301,"('High', ['Adequate decision sample size', 'No active shock flag', 'Signals mostly aligned', 'Labor warning low'])",High,"['Adequate decision sample size', 'No active shock flag', 'Signals mostly aligned', 'Labor warning low']"
2026-02-03,4.28,3.57,0.7100000000000004,Normal,4.3,-0.562,-0.5293222222222222,2.85,6917.81,18.0,2.36,-0.10000000000000053,0.16999999999999993,0.0,-0.10000000000000009,0.16000000000000014,0.14000000000000012,-0.17999999999999972,0.07999999999999963,-0.022155555555555595,1.129999999999999,1.6499999999999986,-0.008710916229616283,0.02111513913408003,4.0,0.2999999999999998,6978.6,-0.008710916229616283,1.9200000000000004,0.14000000000000012,0.16999999999999993,-0.13409791833563253,Neutral,Low,Risk-On Confirmation,Neutral,0,40,No Shock,0.8,0,0,0,0,1.4380952380952383,1.1904761904761905,0.23809523809523808,0.09523809523809523,2.142857142857143,0.0,43.8,-11.552380952380952,0.0,52,73,0,60.6,85.9,0.0,Low,Low,Low,Easy / Supportive,SUPPORTIVE,Low,Low Divergence,Healthy,Elevated,Elevated Complacency,No Setup,RISK ON,NO TRADE,-5.776190476190476,Complacency / Late Cycle,REDUCE RISK,"{'final_decision': 'Hold / Do Not Chase', 'environment': 'Stable but crowded', 'action': 'Hold existing risk, avoid aggressive new risk', 'buy_trigger': 'Wait for better entry after volatility or credit repricing', 'risk_off_trigger': '5D VIX spike or HY widening'}",Hold / Do Not Chase,Stable but crowded,"Hold existing risk, avoid aggressive new risk",0.4,0.25,0.35,Neutral,"{'Elevated complacency': 20, 'HY spread tightness': 18, 'SP500 near highs': 12}","[('Late-Cycle Melt-Up', np.float64(75.6)), ('Benign Risk-On', np.float64(56.6)), ('COVID Crash', 0), ('Inflation / Duration Shock', 0), ('Credit Tightening', 0)]",-0.042370345528426,0.03153310079345917,0.3500000000000001,-0.03000000000000025,6624.7,6343.72,-0.042370345528426,-0.08298724596367923,-0.016248138211370403,"('High', ['Adequate decision sample size', 'No active shock flag', 'Signals mostly aligned', 'Labor warning low'])",High,"['Adequate decision sample size', 'No active shock flag', 'Signals mostly aligned', 'Labor warning low']"
2026-02-04,4.29,3.57,0.7200000000000002,Normal,4.3,-0.562,-0.529688888888889,2.86,6882.72,18.64,2.35,-0.10000000000000053,0.1299999999999999,0.020000000000000462,-0.040000000000000036,0.1499999999999999,0.13999999999999968,-0.1499999999999999,0.10999999999999988,-0.021577777777777807,3.7300000000000004,2.289999999999999,-0.013658582723204082,0.007055380788645982,4.0,0.2999999999999998,6978.6,-0.013739145387327012,1.94,0.18999999999999995,0.1299999999999999,0.023208395637037055,Neutral,Low,Risk-On Confirmation,Neutral,0,15,No Shock,0.6,10,5,0,2,1.428571428571429,1.6666666666666667,0.47619047619047616,0.19047619047619047,2.142857142857143,0.0,42.6,-10.276190476190475,0.4761904761904763,52,73,0,59.8,84.5,0.0,Low,Low,Low,Easy / Supportive,SUPPORTIVE,Low,Low Divergence,Healthy,Elevated,Elevated Complacency,No Setup,RISK ON,NO TRADE,-4.8999999999999995,Complacency / Late Cycle,REDUCE RISK,"{'final_decision': 'Hold / Do Not Chase', 'environment': 'Stable but crowded', 'action': 'Hold existing risk, avoid aggressive new risk', 'buy_trigger': 'Wait for better entry after volatility or credit repricing', 'risk_off_trigger': '5D VIX spike or HY widening'}",Hold / Do Not Chase,Stable but crowded,"Hold existing risk, avoid aggressive new risk",0.4,0.25,0.35,Neutral,"{'Elevated complacency': 20, 'HY spread tightness': 18, 'SP500 near highs': 12}","[('Late-Cycle Melt-Up', np.float64(75.4)), ('Benign Risk-On', np.float64(58.0)), ('COVID Crash', 0), ('Inflation / Duration Shock', 0), ('Credit Tightening', 0)]",-0.040133842434386446,0.04740712973940542,0.41000000000000014,-0.029999999999999805,6606.49,6343.72,-0.040133842434386446,-0.07831206267289681,-0.015353536973754581,"('High', ['Adequate decision sample size', 'No active shock flag', 'Signals mostly aligned', 'Labor warning low'])",High,"['Adequate decision sample size', 'No active shock flag', 'Signals mostly aligned', 'Labor warning low']"
2026-02-05,4.21,3.47,0.7399999999999998,Normal,4.3,-0.562,-0.5300555555555555,2.97,6798.4,21.77,2.32,-0.10000000000000053,0.14999999999999947,0.02999999999999936,0.0900000000000003,0.27,0.20000000000000018,-0.25,0.3400000000000003,-0.02100000000000002,7.6899999999999995,4.890000000000001,-0.024481239085609063,-0.011643543859190086,4.0,0.2999999999999998,6978.6,-0.025821798068380586,1.8900000000000001,0.10999999999999988,0.14999999999999947,-0.3503588780670694,Neutral,Low,Broad Risk-Off,Neutral,0,0,No Shock,0.2,60,25,0,15,1.4000000000000004,4.523809523809524,1.6666666666666667,0.9047619047619048,2.142857142857143,0.0,38.9,-9.047619047619046,3.333333333333333,20,54,15,54.8,80.4,1.5,Low,Low,Low,Easy / Supportive,SUPPORTIVE,Low,Low Divergence,Weakening,Elevated,Elevated Complacency,No Setup,RISK ON,NO TRADE,-2.8571428571428563,Complacency / Late Cycle,REDUCE RISK,"{'final_decision': 'Hold / Do Not Chase', 'environment': 'Stable but crowded', 'action': 'Hold existing risk, avoid aggressive new risk', 'buy_trigger': 'Wait for better entry after volatility or credit repricing', 'risk_off_trigger': '5D VIX spike or HY widening'}",Hold / Do Not Chase,Stable but crowded,"Hold existing risk, avoid aggressive new risk",0.4,0.25,0.35,Neutral,"{'Elevated complacency': 20, 'HY spread tightness': 18}","[('Late-Cycle Melt-Up', np.float64(74.9)), ('Benign Risk-On', np.float64(62.3)), ('COVID Crash', 0), ('Inflation / Duration Shock', 0), ('Credit Tightening', 0)]",-0.042939515180042354,0.06350317721816912,0.27,-0.20000000000000018,6506.48,6343.72,-0.042939515180042354,-0.0668804424570486,-0.016475806072016944,"('High', ['Adequate decision sample size', 'No active shock flag', 'Signals mostly aligned', 'Labor warning low'])",High,"['Adequate decision sample size', 'No active shock flag', 'Signals mostly aligned', 'Labor warning low']"
2026-02-06,4.22,3.5,0.7199999999999998,Normal,4.3,-0.553,-0.5303444444444445,2.87,6932.3,17.76,2.34,-0.10000000000000053,0.18000000000000016,-0.020000000000000018,0.040000000000000036,0.11000000000000032,0.07000000000000028,-0.31999999999999984,0.3599999999999999,-0.0203444444444445,3.7600000000000016,0.3200000000000003,-0.0009698761930700961,0.003257696688321987,4.0,0.2999999999999998,6978.6,-0.006634568538102181,1.88,0.08000000000000007,0.18000000000000016,-0.42139016826049625,Neutral,Low,Neutral,Neutral,35,37,No Shock,0.6,40,15,0,2,1.3619047619047622,6.428571428571429,2.380952380952381,1.0,2.142857142857143,3.5,38.9,-7.885714285714286,5.238095238095238,33,68,0,51.1,77.7,1.5,Low,Low,Low,Easy / Supportive,SUPPORTIVE,Low,Low Divergence,Weakening,Elevated,Elevated Complacency,No Setup,RISK ON,NO TRADE,-1.323809523809524,Complacency / Late Cycle,REDUCE RISK,"{'final_decision': 'Hold / Do Not Chase', 'environment': 'Stable but crowded', 'action': 'Hold existing risk, avoid aggressive new risk', 'buy_trigger': 'Wait for better entry after volatility or credit repricing', 'risk_off_trigger': '5D VIX spike or HY widening'}",Hold / Do Not Chase,Stable but crowded,"Hold existing risk, avoid aggressive new risk",0.4,0.25,0.35,Neutral,"{'Elevated complacency': 20, 'HY spread tightness': 18, 'Low VIX': 15, 'SP500 near highs': 12}","[('Late-Cycle Melt-Up', np.float64(74.1)), ('Benign Risk-On', np.float64(65.1)), ('COVID Crash', 0), ('Inflation / Duration Shock', 0), ('Credit Tightening', 0)]",-0.05067582187729902,0.03872452144309957,0.31999999999999984,-0.0900000000000003,6506.48,6343.72,-0.06142550091600196,-0.08490400011540178,-0.01957032875091961,"('High', ['Adequate decision sample size', 'No active shock flag', 'Signals mostly aligned', 'Labor warning low'])",High,"['Adequate decision sample size', 'No active shock flag', 'Signals mostly aligned', 'Labor warning low']"
2026-02-09,4.22,3.48,0.7399999999999998,Normal,4.3,-0.553,-0.5306333333333334,2.84,6964.82,17.36,2.35,-0.10000000000000053,0.16999999999999948,0.019999999999999574,0.0,0.08999999999999986,0.029999999999999805,-0.18000000000000016,0.18000000000000016,-0.019844444444444553,3.889999999999999,1.0199999999999996,-0.001665605953752869,0.004727317315945445,4.0,0.2999999999999998,6978.6,-0.001974608087582097,1.8699999999999997,0.04999999999999938,0.16999999999999948,-0.49254750900306904,Neutral,Low,Neutral,Neutral,0,37,No Shock,0.2,30,5,0,2,1.3238095238095242,7.857142857142857,2.619047619047619,1.0952380952380953,2.142857142857143,3.5,38.9,-6.676190476190476,6.666666666666666,33,68,0,48.4,75.8,1.5,Low,Low,Low,Easy / Supportive,SUPPORTIVE,Low,Low Divergence,Weakening,Elevated,Elevated Complacency,No Setup,RISK ON,NO TRADE,-0.004761904761904745,Complacency / Late Cycle,REDUCE RISK,"{'final_decision': 'Hold / Do Not Chase', 'environment': 'Stable but crowded', 'action': 'Hold existing risk, avoid aggressive new risk', 'buy_trigger': 'Wait for better entry after volatility or credit repricing', 'risk_off_trigger': '5D VIX spike or HY widening'}",Hold / Do Not Chase,Stable but crowded,"Hold existing risk, avoid aggressive new risk",0.4,0.25,0.35,Neutral,"{'Elevated complacency': 20, 'HY spread tightness': 18, 'Low VIX': 15, 'SP500 near highs': 12}","[('Late-Cycle Melt-Up', np.float64(73.3)), ('Benign Risk-On', np.float64(66.9)), ('COVID Crash', 0), ('Inflation / Duration Shock', 0), ('Credit Tightening', 0)]",-0.05864473166571427,,0.3500000000000001,,6506.48,,-0.06580787443178715,,-0.02275789266628571,"('High', ['Adequate decision sample size', 'No active shock flag', 'Signals mostly aligned', 'Labor warning low'])",High,"['Adequate decision sample size', 'No active shock flag', 'Signals mostly aligned', 'Labor warning low']"
2026-02-10,4.16,3.45,0.71,Normal,4.3,-0.553,-0.5309222222222222,2.86,6941.81,17.79,2.32,-0.10000000000000053,0.1899999999999995,-4.440892098500626e-16,0.0,0.11999999999999966,0.009999999999999787,-0.16000000000000014,0.16000000000000014,-0.019344444444444386,4.1899999999999995,-0.21000000000000085,0.003469306037604314,0.0017128575427782788,4.0,0.2999999999999998,6978.6,-0.005271831026280371,1.8400000000000003,0.040000000000000036,0.1899999999999995,-0.7172585308812427,Neutral,Low,Neutral,Neutral,0,37,No Shock,0.8,30,5,0,2,1.2571428571428573,9.285714285714286,2.857142857142857,1.1904761904761905,2.142857142857143,3.5,37.4,-5.428571428571429,8.095238095238097,33,68,0,45.7,73.9,1.5,Low,Low,Low,Easy / Supportive,SUPPORTIVE,Low,Low Divergence,Weakening,Elevated,Elevated Complacency,No Setup,RISK ON,NO TRADE,1.333333333333334,Early Deterioration,MONITOR,"{'final_decision': 'Hold / Do Not Chase', 'environment': 'Stable but crowded', 'action': 'Hold existing risk, avoid aggressive new risk', 'buy_trigger': 'Wait for better entry after volatility or credit repricing', 'risk_off_trigger': '5D VIX spike or HY widening'}",Hold / Do Not Chase,Stable but crowded,"Hold existing risk, avoid aggressive new risk",0.4,0.25,0.35,Neutral,"{'Elevated complacency': 20, 'HY spread tightness': 18, 'Low VIX': 15, 'SP500 near highs': 12}","[('Late-Cycle Melt-Up', np.float64(72.3)), ('Benign Risk-On', np.float64(68.8)), ('COVID Crash', 0), ('Inflation / Duration Shock', 0), ('Credit Tightening', 0)]",-0.05040616208164739,,0.31000000000000005,,6506.48,,-0.06271131016262343,,-0.019462464832658958,"('High', ['Adequate decision sample size', 'No active shock flag', 'Signals mostly aligned', 'Labor warning low'])",High,"['Adequate decision sample size', 'No active shock flag', 'Signals mostly aligned', 'Labor warning low']"
2026-02-11,4.18,3.52,0.6599999999999997,Normal,4.3,-0.553,-0.5312111111111112,2.84,6941.47,17.65,2.32,-0.10000000000000053,0.09999999999999964,-0.0600000000000005,-0.03000000000000025,0.040000000000000036,-0.020000000000000018,-0.21999999999999975,0.1899999999999995,-0.018844444444444552,3.4499999999999993,-0.990000000000002,0.008535869539949337,0.005173956737438701,4.0,0.2999999999999998,6978.6,-0.005320551399994322,1.8599999999999999,0.05999999999999961,0.09999999999999964,-0.5589759514325947,Neutral,Low,Risk-On Confirmation,Neutral,0,37,No Shock,1.8,25,5,0,2,1.2476190476190478,10.476190476190476,3.0952380952380953,1.2857142857142858,2.142857142857143,3.5,35.9,-4.133333333333334,9.285714285714286,45,65,0,44.2,71.7,1.5,Low,Low,Low,Easy / Supportive,SUPPORTIVE,Low,Low Divergence,Weakening,Elevated,Elevated Complacency,No Setup,RISK ON,NO TRADE,2.5761904761904764,Early Deterioration,MONITOR,"{'final_decision': 'Hold / Do Not Chase', 'environment': 'Stable but crowded', 'action': 'Hold existing risk, avoid aggressive new risk', 'buy_trigger': 'Wait for better entry after volatility or credit repricing', 'risk_off_trigger': '5D VIX spike or HY widening'}",Hold / Do Not Chase,Stable but crowded,"Hold existing risk, avoid aggressive new risk",0.4,0.25,0.35,Neutral,"{'Elevated complacency': 20, 'HY spread tightness': 18, 'Low VIX': 15, 'SP500 near highs': 12}","[('Late-Cycle Melt-Up', np.float64(70.9)), ('Benign Risk-On', np.float64(70.8)), ('COVID Crash', 0), ('Inflation / Duration Shock', 0), ('Credit Tightening', 0)]",-0.06688929002070176,,0.3700000000000001,,6477.16,,-0.06688929002070176,,-0.02605571600828071,"('High', ['Adequate decision sample size', 'No active shock flag', 'Signals mostly aligned', 'Labor warning low'])",High,"['Adequate decision sample size', 'No active shock flag', 'Signals mostly aligned', 'Labor warning low']"
2026-02-12,4.09,3.47,0.6199999999999997,Normal,4.3,-0.553,-0.5315,2.92,6832.76,20.82,2.29,-0.10000000000000053,0.04999999999999938,-0.1200000000000001,0.08000000000000007,0.10999999999999988,-0.050000000000000266,-0.22999999999999998,0.31000000000000005,-0.018344444444444385,6.49,-0.9499999999999993,0.005054130383619793,-0.00920501606672619,4.0,0.2999999999999998,6978.6,-0.02089817441893793,1.7999999999999998,0.029999999999999805,0.04999999999999938,-1.0112603813475671,Neutral,Low,Broad Risk-Off,Neutral,0,0,No Shock,2.6,60,25,0,2,1.2761904761904765,13.333333333333334,4.285714285714286,1.380952380952381,2.142857142857143,3.5,30.7,-2.7809523809523804,12.142857142857144,20,46,15,40.2,68.3,3.0,Low,Low,Low,Easy / Supportive,SUPPORTIVE,Low,Low Divergence,Weakening,Elevated,Moderate Complacency,No Setup,RISK ON,NO TRADE,4.680952380952382,Early Deterioration,MONITOR,"{'final_decision': 'Neutral', 'environment': 'Mixed / neutral', 'action': 'Neutral positioning', 'buy_trigger': 'Wait for clearer mean-reversion or benign setup', 'risk_off_trigger': 'Shock flag or rising macro/credit stress'}",Neutral,Mixed / neutral,Neutral positioning,0.45,0.25,0.3,Neutral,{'HY spread tightness': 18},"[('Benign Risk-On', np.float64(73.5)), ('Late-Cycle Melt-Up', np.float64(68.4)), ('COVID Crash', 0), ('Inflation / Duration Shock', 0), ('Credit Tightening', 0)]",-0.06789496484583091,,0.5,,6368.85,,-0.06789496484583091,,-0.02995273418062391,"('High', ['Adequate decision sample size', 'No active shock flag', 'Signals partly aligned', 'Labor warning low'])",High,"['Adequate decision sample size', 'No active shock flag', 'Signals partly aligned', 'Labor warning low']"
2026-02-13,4.04,3.4,0.6400000000000001,Normal,4.3,-0.54,-0.5316666666666667,2.95,6836.17,20.6,2.27,-0.10000000000000053,0.0900000000000003,-0.07999999999999963,0.14000000000000012,0.14000000000000012,0.08000000000000007,-0.31999999999999984,0.45999999999999996,-0.017722222222222306,5.650000000000002,2.84,-0.013866970558112035,-0.0013629391571104987,4.0,0.2999999999999998,6978.6,-0.02040953772963061,1.77,0.010000000000000231,0.0900000000000003,-1.231361459753246,Neutral,Low,Broad Risk-Off,Neutral,0,0,No Shock,2.2,70,25,0,2,1.2761904761904765,16.666666666666668,5.476190476190476,1.4761904761904763,2.142857142857143,3.5,25.5,-1.4476190476190474,15.476190476190478,20,46,15,37.0,64.9,4.5,Low,Low,Low,Easy / Supportive,SUPPORTIVE,Low,Low Divergence,Weakening,Moderate,Moderate Complacency,No Setup,RISK ON,NO TRADE,7.014285714285715,Early Deterioration,MONITOR,"{'final_decision': 'Neutral', 'environment': 'Mixed / neutral', 'action': 'Neutral positioning', 'buy_trigger': 'Wait for clearer mean-reversion or benign setup', 'risk_off_trigger': 'Shock flag or rising macro/credit stress'}",Neutral,Mixed / neutral,Neutral positioning,0.45,0.25,0.3,Neutral,{'HY spread tightness': 18},"[('Benign Risk-On', np.float64(75.5)), ('Late-Cycle Melt-Up', np.float64(65.3)), ('COVID Crash', 0), ('Inflation / Duration Shock', 0), ('Credit Tightening', 0)]",-0.07203594995443352,,0.5099999999999998,,6343.72,,-0.07203594995443352,,-0.031816177479495084,"('High', ['Adequate decision sample size', 'No active shock flag', 'Signals partly aligned', 'Labor warning low'])",High,"['Adequate decision sample size', 'No active shock flag', 'Signals partly aligned', 'Labor warning low']"
2026-02-17,4.05,3.43,0.6199999999999997,Normal,4.3,-0.54,-0.532,2.94,6843.22,20.29,2.26,-0.10000000000000053,0.06999999999999984,-0.1200000000000001,0.10999999999999988,0.14000000000000012,0.10000000000000009,-0.3700000000000001,0.48,-0.017422222222222228,5.779999999999999,2.9299999999999997,-0.01745917338854408,-0.0022235279880206127,4.0,0.2999999999999998,6978.6,-0.019399306451150622,1.79,-0.009999999999999787,0.06999999999999984,-1.0695499484357989,Neutral,Low,Broad Risk-Off,Neutral,20,0,No Shock,2.6,70,25,0,2,1.266666666666667,20.0,6.666666666666667,1.5714285714285714,2.142857142857143,5.5,20.3,-0.16190476190476177,18.80952380952381,33,53,15,34.1,61.4,6.0,Low,Moderate,Low,Easy / Supportive,SUPPORTIVE,Low,Low Divergence,Weakening,Moderate,Moderate Complacency,No Setup,RISK ON,NO TRADE,9.323809523809524,Early Deterioration,MONITOR,"{'final_decision': 'Neutral', 'environment': 'Mixed / neutral', 'action': 'Neutral positioning', 'buy_trigger': 'Wait for clearer mean-reversion or benign setup', 'risk_off_trigger': 'Shock flag or rising macro/credit stress'}",Neutral,Mixed / neutral,Neutral positioning,0.45,0.25,0.3,Neutral,"{'HY spread tightness': 18, 'SP500 near highs': 12}","[('Benign Risk-On', np.float64(76.7)), ('Late-Cycle Melt-Up', np.float64(61.8)), ('COVID Crash', 0), ('Inflation / Duration Shock', 0), ('Credit Tightening', 0)]",-0.045987123021033915,,0.33999999999999986,,6343.72,,-0.07299195408009684,,-0.020094205359465264,"('High', ['Adequate decision sample size', 'No active shock flag', 'Signals partly aligned', 'Labor warning low'])",High,"['Adequate decision sample size', 'No active shock flag', 'Signals partly aligned', 'Labor warning low']"
2026-02-18,4.09,3.47,0.6199999999999997,Normal,4.3,-0.54,-0.5321666666666667,2.86,6881.31,19.62,2.29,-0.10000000000000053,0.040000000000000036,-0.0900000000000003,0.04999999999999982,0.10000000000000009,0.0,-0.3599999999999999,0.4099999999999997,-0.016955555555555613,4.720000000000001,1.8300000000000018,-0.008715306238574638,-0.00300490434001488,4.0,0.2999999999999998,6978.6,-0.013941191643022988,1.7999999999999998,-0.040000000000000036,0.040000000000000036,-0.9861673659637518,Neutral,Low,Broad Risk-Off,Neutral,35,15,No Shock,2.6,50,15,0,2,1.2952380952380955,22.38095238095238,7.380952380952381,1.6666666666666667,2.142857142857143,9.0,17.8,-0.1428571428571428,21.19047619047619,33,53,0,32.2,59.4,6.0,Low,Moderate,Low,Easy / Supportive,SUPPORTIVE,Low,Low Divergence,Poor,Moderate,Moderate Complacency,No Setup,RISK ON,NO TRADE,10.523809523809524,Early Deterioration,MONITOR,"{'final_decision': 'Neutral', 'environment': 'Mixed / neutral', 'action': 'Neutral positioning', 'buy_trigger': 'Wait for clearer mean-reversion or benign setup', 'risk_off_trigger': 'Shock flag or rising macro/credit stress'}",Neutral,Mixed / neutral,Neutral positioning,0.45,0.25,0.3,Neutral,"{'HY spread tightness': 18, 'SP500 near highs': 12}","[('Benign Risk-On', np.float64(76.9)), ('Late-Cycle Melt-Up', np.float64(59.6)), ('COVID Crash', 0), ('Inflation / Duration Shock', 0), ('Credit Tightening', 0)]",-0.04446682390416956,,0.30000000000000027,,6343.72,,-0.07812320619184432,,-0.019410070756876303,"('High', ['Adequate decision sample size', 'No active shock flag', 'Signals partly aligned', 'Labor warning low'])",High,"['Adequate decision sample size', 'No active shock flag', 'Signals partly aligned', 'Labor warning low']"
2026-02-19,4.08,3.47,0.6099999999999999,Normal,4.3,-0.54,-0.5323333333333333,2.88,6861.89,20.23,2.29,-0.10000000000000053,0.040000000000000036,-0.04999999999999982,0.08999999999999986,0.06000000000000005,0.040000000000000036,-0.3799999999999999,0.46999999999999975,-0.016488888888888886,5.48,2.580000000000002,-0.011464430444848128,-0.011941274215890307,4.0,0.2999999999999998,6978.6,-0.016723984753388987,1.79,4.440892098500626e-16,0.040000000000000036,-1.054883927897537,Neutral,Low,Broad Risk-Off,Neutral,20,0,No Shock,2.8,70,25,0,2,1.3809523809523814,24.523809523809526,8.333333333333334,1.6666666666666667,1.4285714285714286,11.0,16.3,-0.04761904761904767,22.857142857142858,33,53,15,30.3,57.4,7.5,Low,Moderate,Low,Easy / Supportive,SUPPORTIVE,Low,Low Divergence,Poor,Moderate,Moderate Complacency,No Setup,RISK ON,NO TRADE,11.404761904761905,Early Deterioration,MONITOR,"{'final_decision': 'Neutral', 'environment': 'Mixed / neutral', 'action': 'Neutral positioning', 'buy_trigger': 'Wait for clearer mean-reversion or benign setup', 'risk_off_trigger': 'Shock flag or rising macro/credit stress'}",Neutral,Mixed / neutral,Neutral positioning,0.45,0.25,0.3,Neutral,"{'HY spread tightness': 18, 'SP500 near highs': 12}","[('Benign Risk-On', np.float64(76.2)), ('Late-Cycle Melt-Up', np.float64(56.9)), ('Credit Tightening', np.float64(1.7)), ('COVID Crash', 0), ('Inflation / Duration Shock', 0)]",-0.04068849835832411,,0.29000000000000004,,6343.72,,-0.07551418049546121,,-0.01770982426124585,"('High', ['Adequate decision sample size', 'No active shock flag', 'Signals partly aligned', 'Labor warning low'])",High,"['Adequate decision sample size', 'No active shock flag', 'Signals partly aligned', 'Labor warning low']"
2026-02-20,4.08,3.48,0.6000000000000001,Normal,4.3,-0.524,-0.5323555555555556,2.86,6909.51,19.09,2.28,-0.10000000000000053,0.050000000000000266,-0.019999999999999574,0.06999999999999984,0.020000000000000018,-0.06000000000000005,-0.3999999999999999,0.46999999999999975,-0.01587777777777777,3.709999999999999,-1.7300000000000004,0.01123264976378513,-0.0016500672597469235,4.0,0.2999999999999998,6978.6,-0.009900266529103252,1.8000000000000003,0.020000000000000462,0.050000000000000266,-0.9701167540399562,Neutral,Low,Broad Risk-Off,Neutral,35,25,No Shock,3.0,50,15,0,2,1.4380952380952383,26.904761904761905,9.047619047619047,1.7619047619047619,1.4285714285714286,14.5,18.8,0.03809523809523796,22.38095238095238,25,53,0,30.8,57.3,6.0,Low,Moderate,Low,Easy / Supportive,SUPPORTIVE,Low,Low Divergence,Poor,Moderate,Moderate Complacency,No Setup,RISK ON,NO TRADE,11.209523809523809,Early Deterioration,MONITOR,"{'final_decision': 'Neutral', 'environment': 'Mixed / neutral', 'action': 'Neutral positioning', 'buy_trigger': 'Wait for clearer mean-reversion or benign setup', 'risk_off_trigger': 'Shock flag or rising macro/credit stress'}",Neutral,Mixed / neutral,Neutral positioning,0.45,0.25,0.3,Neutral,"{'HY spread tightness': 18, 'SP500 near highs': 12}","[('Benign Risk-On', np.float64(75.1)), ('Late-Cycle Melt-Up', np.float64(56.2)), ('Credit Tightening', np.float64(2.3)), ('COVID Crash', 0), ('Inflation / Duration Shock', 0)]",-0.0473000256168673,,0.27,,6343.72,,-0.08188569088111897,,-0.020685011527590287,"('High', ['Adequate decision sample size', 'No active shock flag', 'Signals partly aligned', 'Labor warning low'])",High,"['Adequate decision sample size', 'No active shock flag', 'Signals partly aligned', 'Labor warning low']"
2026-02-23,4.03,3.43,0.6000000000000001,Normal,4.3,-0.524,-0.5323777777777778,2.95,6837.75,21.01,2.26,-0.10000000000000053,0.0600000000000005,-0.040000000000000036,0.1900000000000004,0.0,0.0,-0.3900000000000001,0.5800000000000005,-0.01526666666666665,5.560000000000002,0.41000000000000014,0.00023112356772880815,-0.012094269128189672,4.0,0.2999999999999998,6978.6,-0.020183131287077716,1.7700000000000005,-0.02999999999999936,0.0600000000000005,-1.192074335402304,Neutral,Low,Broad Risk-Off,Neutral,0,0,No Shock,3.0,70,25,0,2,1.485714285714286,30.238095238095237,10.238095238095237,1.8571428571428572,0.7142857142857143,11.0,15.1,0.12380952380952381,23.80952380952381,12,46,15,28.7,55.1,7.5,Low,Moderate,Low,Easy / Supportive,SUPPORTIVE,Low,Low Divergence,Poor,Moderate,Moderate Complacency,No Setup,RISK ON,NO TRADE,11.966666666666667,Stable / Neutral,NEUTRAL,"{'final_decision': 'Neutral', 'environment': 'Mixed / neutral', 'action': 'Neutral positioning', 'buy_trigger': 'Wait for clearer mean-reversion or benign setup', 'risk_off_trigger': 'Shock flag or rising macro/credit stress'}",Neutral,Mixed / neutral,Neutral positioning,0.45,0.25,0.3,Neutral,{'HY spread tightness': 18},"[('Benign Risk-On', np.float64(73.0)), ('Late-Cycle Melt-Up', np.float64(52.7)), ('Credit Tightening', np.float64(5.0)), ('COVID Crash', 0), ('Inflation / Duration Shock', 0)]",-0.033040108222734066,,0.09999999999999964,,6343.72,,-0.07225037475777851,,-0.01426804870023033,"('Medium', ['Adequate decision sample size', 'No active shock flag', 'Signals conflicting', 'Labor warning low'])",Medium,"['Adequate decision sample size', 'No active shock flag', 'Signals conflicting', 'Labor warning low']"
2026-02-24,4.04,3.43,0.6099999999999999,Normal,4.3,-0.524,-0.5324000000000001,2.97,6890.07,19.55,2.26,-0.10000000000000053,0.08000000000000007,-0.009999999999999787,0.22999999999999998,-0.20999999999999996,0.03000000000000025,-0.3599999999999999,0.5899999999999999,-0.01477777777777789,5.0600000000000005,-0.7399999999999984,0.006846192289594599,-0.010939841637143455,4.0,0.2999999999999998,6978.6,-0.012685925543805432,1.7800000000000002,0.03000000000000025,0.08000000000000007,-1.1062608274059904,Neutral,Low,Broad Risk-Off,Neutral,35,0,No Shock,2.8,60,25,0,17,1.5142857142857147,33.095238095238095,11.428571428571429,2.6666666666666665,0.0,14.5,11.4,0.19047619047619047,25.238095238095237,25,53,30,27.9,53.6,10.5,Low,Moderate,Low,Easy / Supportive,SUPPORTIVE,Low,Low Divergence,Poor,Moderate,Moderate Complacency,No Setup,RISK ON,NO TRADE,12.714285714285714,Stable / Neutral,NEUTRAL,"{'final_decision': 'Neutral', 'environment': 'Mixed / neutral', 'action': 'Neutral positioning', 'buy_trigger': 'Wait for clearer mean-reversion or benign setup', 'risk_off_trigger': 'Shock flag or rising macro/credit stress'}",Neutral,Mixed / neutral,Neutral positioning,0.45,0.25,0.3,Neutral,"{'HY spread tightness': 18, 'SP500 near highs': 12}","[('Benign Risk-On', np.float64(70.2)), ('Late-Cycle Melt-Up', np.float64(49.5)), ('Credit Tightening', np.float64(8.0)), ('COVID Crash', 0), ('Inflation / Duration Shock', 0)]",-0.03965416897070706,,0.1499999999999999,,6343.72,,-0.07929527566483352,,-0.01724437603681818,"('Medium', ['Adequate decision sample size', 'No active shock flag', 'Signals conflicting', 'Labor warning low'])",Medium,"['Adequate decision sample size', 'No active shock flag', 'Signals conflicting', 'Labor warning low']"
2026-02-25,4.05,3.45,0.5999999999999996,Normal,4.3,-0.524,-0.5324222222222222,2.94,6946.13,17.93,2.28,-0.10000000000000053,0.04999999999999938,-0.020000000000000018,0.19999999999999973,-0.16999999999999993,0.08000000000000007,-0.2599999999999998,0.4599999999999995,-0.013777777777777778,2.8100000000000005,-1.6900000000000013,0.009419718047871672,-0.004463063633770803,4.0,0.2999999999999998,6978.6,-0.004652795689679912,1.77,0.03999999999999959,0.04999999999999938,-1.1738268300155787,Neutral,Low,Broad Risk-Off,Credit Warning / Vol Complacency,50,37,No Shock,3.0,70,15,0,0,1.5714285714285718,36.42857142857143,12.142857142857142,2.6666666666666665,0.0,19.5,11.4,0.3142857142857145,27.142857142857146,25,60,0,27.1,52.8,10.5,Low,Moderate,Low,Easy / Supportive,SUPPORTIVE,Low,Low Divergence,Poor,Moderate,Moderate Complacency,No Setup,RISK ON,NO TRADE,13.72857142857143,Stable / Neutral,NEUTRAL,"{'final_decision': 'Credit Warning', 'environment': 'Low equity volatility but credit stress emerging', 'action': 'Reduce complacent risk exposure', 'buy_trigger': 'VIX reprices or credit stabilizes', 'risk_off_trigger': 'HY widening with VIX still suppressed'}",Credit Warning,Low equity volatility but credit stress emerging,Reduce complacent risk exposure,0.35,0.15,0.5,Neutral,"{'HY spread tightness': 18, 'Low VIX': 15, 'SP500 near highs': 12}","[('Benign Risk-On', np.float64(67.7)), ('Late-Cycle Melt-Up', np.float64(47.3)), ('Credit Tightening', np.float64(9.7)), ('COVID Crash', 0), ('Inflation / Duration Shock', 0)]",-0.02351237307680676,,0.0,,6343.72,,-0.08672598986773927,,-0.007229330576882365,"('Medium', ['Limited decision sample size', 'No active shock flag', 'Signals conflicting', 'Labor warning low'])",Medium,"['Limited decision sample size', 'No active shock flag', 'Signals conflicting', 'Labor warning low']"
2026-02-26,4.02,3.42,0.5999999999999996,Normal,4.3,-0.524,-0.5324444444444445,2.98,6908.86,18.63,2.28,-0.10000000000000053,0.04999999999999982,-0.010000000000000231,0.22999999999999998,0.029999999999999805,0.10000000000000009,-0.20000000000000018,0.43000000000000016,-0.013288888888888906,2.6499999999999986,-1.6000000000000014,0.0068450528935903865,-0.007880822661386011,4.0,0.2999999999999998,6978.6,-0.00999340842002705,1.7399999999999998,-0.020000000000000018,0.04999999999999982,-1.3926618686099326,Neutral,Low,Broad Risk-Off,Neutral,35,25,No Shock,3.0,50,15,0,5,1.6761904761904767,38.80952380952381,12.857142857142858,2.9047619047619047,0.0,23.0,10.2,0.4285714285714288,28.333333333333336,25,53,15,25.1,51.6,12.0,Low,Moderate,Low,Easy / Supportive,SUPPORTIVE,Low,Moderate Divergence,Poor,Moderate,Moderate Complacency,No Setup,RISK ON,NO TRADE,14.380952380952383,Stable / Neutral,NEUTRAL,"{'final_decision': 'Neutral', 'environment': 'Mixed / neutral', 'action': 'Neutral positioning', 'buy_trigger': 'Wait for clearer mean-reversion or benign setup', 'risk_off_trigger': 'Shock flag or rising macro/credit stress'}",Neutral,Mixed / neutral,Neutral positioning,0.45,0.25,0.3,Neutral,"{'HY spread tightness': 18, 'SP500 near highs': 12}","[('Benign Risk-On', np.float64(65.5)), ('Late-Cycle Melt-Up', np.float64(45.0)), ('Credit Tightening', np.float64(11.9)), ('COVID Crash', 0), ('Inflation / Duration Shock', 0)]",-0.012187249415967272,,-0.08000000000000007,,6343.72,,-0.08179931276650554,,-0.004884262237185273,"('Medium', ['Adequate decision sample size', 'No active shock flag', 'Signals conflicting', 'Labor warning low'])",Medium,"['Adequate decision sample size', 'No active shock flag', 'Signals conflicting', 'Labor warning low']"
2026-02-27,3.97,3.38,0.5900000000000003,Normal,4.3,-0.505,-0.5322888888888889,3.1,6878.88,19.86,2.25,-0.10000000000000053,0.010000000000000231,-0.009999999999999787,0.3400000000000003,0.06000000000000005,0.2400000000000002,-0.18000000000000016,0.5200000000000005,-0.012622222222222201,3.1099999999999994,0.7699999999999996,-0.004433020575988711,-0.0068893829584500965,4.0,0.2999999999999998,6978.6,-0.014289399019860705,1.7200000000000002,0.009999999999999787,0.010000000000000231,-1.5317791039505064,Neutral,Low,Broad Risk-Off,Neutral,35,15,No Shock,3.2,55,30,0,17,1.7809523809523815,41.42857142857143,14.285714285714286,3.7142857142857144,0.0,26.5,11.7,0.504761904761905,28.095238095238095,25,45,30,25.6,51.5,13.5,Low,Elevated,Low,Easy / Supportive,SUPPORTIVE,Low,Moderate Divergence,Poor,Moderate,Moderate Complacency,No Setup,RISK ON,NO TRADE,14.3,Stable / Neutral,NEUTRAL,"{'final_decision': 'Neutral', 'environment': 'Mixed / neutral', 'action': 'Neutral positioning', 'buy_trigger': 'Wait for clearer mean-reversion or benign setup', 'risk_off_trigger': 'Shock flag or rising macro/credit stress'}",Neutral,Mixed / neutral,Neutral positioning,0.45,0.25,0.3,Neutral,"{'Credit stress': 20, 'SP500 near highs': 12}","[('Benign Risk-On', np.float64(62.9)), ('Late-Cycle Melt-Up', np.float64(43.2)), ('Credit Tightening', np.float64(13.7)), ('COVID Crash', 0), ('Inflation / Duration Shock', 0)]",-0.009011641430000217,,-0.16000000000000014,,6343.72,,-0.07779754843811781,,-0.003455238643500098,"('Medium', ['Adequate decision sample size', 'No active shock flag', 'Signals conflicting', 'Labor warning low'])",Medium,"['Adequate decision sample size', 'No active shock flag', 'Signals conflicting', 'Labor warning low']"
2026-03-02,4.05,3.47,0.5799999999999996,Normal,4.3,-0.505,-0.5321333333333333,3.03,6881.62,21.44,2.29,-0.10000000000000053,0.020000000000000018,-0.020000000000000462,0.31999999999999984,-0.010000000000000231,0.07999999999999963,-0.20999999999999996,0.5299999999999998,-0.012077777777777743,5.600000000000001,0.4299999999999997,0.006415853168074248,-0.009050366694650647,4.0,0.2999999999999998,6978.6,-0.013896770125813251,1.7599999999999998,0.010000000000000231,0.020000000000000018,-1.2173068006466043,Neutral,Low,Broad Risk-Off,Neutral,20,0,No Shock,3.4,75,40,0,17,1.904761904761905,45.0,16.19047619047619,4.523809523809524,0.0,28.5,11.7,0.6285714285714286,28.333333333333332,25,45,45,26.1,51.4,16.5,Low,Elevated,Low,Easy / Supportive,SUPPORTIVE,Low,Moderate Divergence,Poor,Moderate,Moderate Complacency,No Setup,RISK ON,NO TRADE,14.480952380952381,Stable / Neutral,NEUTRAL,"{'final_decision': 'Neutral', 'environment': 'Mixed / neutral', 'action': 'Neutral positioning', 'buy_trigger': 'Wait for clearer mean-reversion or benign setup', 'risk_off_trigger': 'Shock flag or rising macro/credit stress'}",Neutral,Mixed / neutral,Neutral positioning,0.45,0.25,0.3,Neutral,"{'Credit stress': 20, 'SP500 near highs': 12}","[('Benign Risk-On', np.float64(58.7)), ('Late-Cycle Melt-Up', np.float64(40.3)), ('Credit Tightening', np.float64(16.6)), ('COVID Crash', 0), ('Inflation / Duration Shock', 0)]",0.0006713535475657562,,-0.07999999999999963,,6343.72,,-0.07816473446659356,,0.0009021090964045902,"('Medium', ['Adequate decision sample size', 'No active shock flag', 'Signals conflicting', 'Labor warning low'])",Medium,"['Adequate decision sample size', 'No active shock flag', 'Signals conflicting', 'Labor warning low']"
2026-03-03,4.06,3.51,0.5499999999999998,Normal,4.3,-0.505,-0.5319777777777778,3.08,6816.63,23.57,2.29,-0.10000000000000053,0.009999999999999787,-0.06000000000000005,0.43000000000000016,0.08999999999999986,0.10999999999999988,-0.2400000000000002,0.6700000000000004,-0.011533333333333395,7.710000000000001,4.02,-0.0106588176898057,-0.01777807236589002,4.0,0.2999999999999998,6978.6,-0.023209526266013247,1.7699999999999996,0.02999999999999936,0.009999999999999787,-1.134587633741316,Neutral,Low,Broad Risk-Off,Neutral,0,0,No Shock,4.0,75,40,0,30,2.0857142857142863,48.57142857142857,18.095238095238095,5.9523809523809526,0.0,26.5,11.7,0.8190476190476192,28.57142857142857,12,30,45,24.0,49.1,19.5,Low,Elevated,Low,Easy / Supportive,SUPPORTIVE,Low,Moderate Divergence,Poor,Moderate,Moderate Complacency,No Setup,RISK ON,NO TRADE,14.695238095238095,Stable / Neutral,NEUTRAL,"{'final_decision': 'Neutral', 'environment': 'Mixed / neutral', 'action': 'Neutral positioning', 'buy_trigger': 'Wait for clearer mean-reversion or benign setup', 'risk_off_trigger': 'Shock flag or rising macro/credit stress'}",Neutral,Mixed / neutral,Neutral positioning,0.45,0.25,0.3,Neutral,{'Credit stress': 20},"[('Benign Risk-On', np.float64(54.8)), ('Late-Cycle Melt-Up', np.float64(35.9)), ('Credit Tightening', np.float64(20.0)), ('COVID Crash', 0), ('Inflation / Duration Shock', 0)]",0.022115033381597593,,-0.2400000000000002,,6343.72,,-0.06937592329347486,,0.010551765021718918,"('Medium', ['Adequate decision sample size', 'No active shock flag', 'Signals conflicting', 'Labor warning low'])",Medium,"['Adequate decision sample size', 'No active shock flag', 'Signals conflicting', 'Labor warning low']"
2026-03-04,4.09,3.54,0.5499999999999998,Normal,4.3,-0.505,-0.5318222222222222,2.97,6869.5,21.15,2.29,-0.10000000000000053,0.020000000000000018,-0.04999999999999982,0.2400000000000002,0.0,0.03000000000000025,-0.1499999999999999,0.3900000000000001,-0.010988888888888826,1.0599999999999987,3.219999999999999,-0.01103204230269228,0.010687287953555114,4.0,0.2999999999999998,6978.6,-0.015633508153497844,1.7999999999999998,0.09999999999999964,0.020000000000000018,-0.9012511764960272,Neutral,Low,Neutral,Neutral,40,15,No Shock,4.0,40,5,0,5,2.247619047619048,50.476190476190474,18.333333333333332,6.190476190476191,0.0,27.0,11.7,0.9523809523809526,28.095238095238095,25,53,40,23.2,49.1,23.5,Low,Elevated,Low,Easy / Supportive,SUPPORTIVE,Low,Moderate Divergence,Poor,Moderate,Moderate Complacency,Weak Setup,RISK ON,WAIT,14.523809523809524,Deteriorating / Rising Stress,REDUCE RISK,"{'final_decision': 'Neutral', 'environment': 'Mixed / neutral', 'action': 'Neutral positioning', 'buy_trigger': 'Wait for clearer mean-reversion or benign setup', 'risk_off_trigger': 'Shock flag or rising macro/credit stress'}",Neutral,Mixed / neutral,Neutral positioning,0.45,0.25,0.3,Neutral,"{'Credit stress': 20, 'HY spread tightness': 18, 'SP500 near highs': 12}","[('Benign Risk-On', np.float64(51.3)), ('Late-Cycle Melt-Up', np.float64(33.5)), ('Credit Tightening', np.float64(22.4)), ('COVID Crash', 0), ('Inflation / Duration Shock', 0)]",0.022337870296236906,,-0.1200000000000001,,6343.72,,-0.07653832156634399,,0.010652041633306608,"('High', ['Adequate decision sample size', 'No active shock flag', 'Signals partly aligned', 'Labor warning low'])",High,"['Adequate decision sample size', 'No active shock flag', 'Signals partly aligned', 'Labor warning low']"
2026-03-05,4.13,3.57,0.56,Normal,4.3,-0.505,-0.5316666666666667,3.0,6830.71,23.75,2.31,-0.10000000000000053,0.040000000000000036,-0.03999999999999959,0.31000000000000005,-0.009999999999999787,0.020000000000000018,-0.16000000000000014,0.4700000000000002,-0.010444444444444478,6.850000000000001,5.120000000000001,-0.011311562254843754,-0.006531774589055184,4.0,0.2999999999999998,6978.6,-0.02119192961338956,1.8199999999999998,0.13999999999999968,0.040000000000000036,-0.7475890103609156,Neutral,Low,Broad Risk-Off,Neutral,0,0,VIX spike,3.8,75,40,0,17,2.3904761904761904,54.04761904761905,20.238095238095237,7.0,0.0,25.0,11.7,1.009523809523809,29.523809523809526,12,30,55,21.1,46.8,27.5,Low,Elevated,Moderate,Easy / Supportive,SUPPORTIVE,Low,Moderate Divergence,Poor,Moderate,Moderate Complacency,Weak Setup,RISK ON,WAIT,15.266666666666667,Deteriorating / Rising Stress,REDUCE RISK,"{'final_decision': 'Stress / Stabilization Watch', 'environment': 'Active deterioration or shock', 'action': 'Reduce risk and monitor for stabilization', 'buy_trigger': 'Wait for VIX rollover, HY spread stabilization, and equity drawdown exhaustion', 'risk_off_trigger': 'Already triggered'}",Stress / Stabilization Watch,Active deterioration or shock,Reduce risk and monitor for stabilization,0.25,0.15,0.6,Long Duration,"{'Active shock flag': 25, 'Credit stress': 20}","[('Benign Risk-On', np.float64(46.5)), ('Late-Cycle Melt-Up', np.float64(28.4)), ('Credit Tightening', np.float64(25.8)), ('COVID Crash', 0), ('Inflation / Duration Shock', 0)]",0.030826956495005664,,-0.14000000000000012,,6343.72,,-0.07129419928528657,,0.008906739123751416,"('Medium', ['Adequate decision sample size', 'Shock flag active', 'Signals conflicting', 'Labor warning low'])",Medium,"['Adequate decision sample size', 'Shock flag active', 'Signals conflicting', 'Labor warning low']"
2026-03-06,4.15,3.56,0.5900000000000003,Normal,4.3,-0.486,-0.5313444444444445,3.13,6740.02,29.49,2.35,-0.10000000000000053,0.0600000000000005,0.0,0.48999999999999977,0.16999999999999993,0.029999999999999805,-0.25,0.7399999999999998,-0.009733333333333372,13.849999999999998,9.629999999999999,-0.020186425697206523,-0.025071781408434357,4.0,0.2999999999999998,6978.6,-0.03418737282549511,1.8000000000000003,0.0900000000000003,0.0600000000000005,-0.8993959649225163,Neutral,Low,Broad Risk-Off,Neutral,0,0,VIX spike,3.2,85,40,0,30,2.5142857142857147,57.61904761904762,21.904761904761905,8.333333333333334,0.0,21.5,9.2,1.0761904761904764,30.714285714285715,12,30,70,19.8,44.5,34.5,Low,Elevated,Moderate,Easy / Supportive,SUPPORTIVE,Low,Moderate Divergence,Poor,Low,Moderate Complacency,Weak Setup,RISK ON,WAIT,15.895238095238096,Deteriorating / Rising Stress,REDUCE RISK,"{'final_decision': 'Stress / Stabilization Watch', 'environment': 'Active deterioration or shock', 'action': 'Reduce risk and monitor for stabilization', 'buy_trigger': 'Wait for VIX rollover, HY spread stabilization, and equity drawdown exhaustion', 'risk_off_trigger': 'Already triggered'}",Stress / Stabilization Watch,Active deterioration or shock,Reduce risk and monitor for stabilization,0.25,0.15,0.6,Long Duration,"{'Active shock flag': 25, 'Credit stress': 20}","[('Benign Risk-On', np.float64(39.9)), ('Credit Tightening', np.float64(29.8)), ('Late-Cycle Melt-Up', np.float64(22.0)), ('COVID Crash', 0), ('Inflation / Duration Shock', 0)]",0.05727579443384445,,-0.2999999999999998,,6343.72,,-0.05879804510965847,,0.015518948608461113,"('Medium', ['Adequate decision sample size', 'Shock flag active', 'Signals conflicting', 'Labor warning low'])",Medium,"['Adequate decision sample size', 'Shock flag active', 'Signals conflicting', 'Labor warning low']"
2026-03-09,4.12,3.56,0.56,Normal,4.3,-0.486,-0.5310222222222223,3.19,6795.99,25.5,2.34,-0.10000000000000053,0.020000000000000462,-0.019999999999999574,0.5099999999999998,0.31000000000000005,0.16000000000000014,-0.20999999999999996,0.7199999999999998,-0.009122222222222254,9.41,4.059999999999999,-0.012443290969277654,-0.01729710032809828,4.0,0.2999999999999998,6978.6,-0.026167139540882234,1.7800000000000002,0.05000000000000071,0.020000000000000462,-1.0464767417416991,Neutral,Low,Broad Risk-Off,Neutral,0,0,No Shock,3.8,95,40,0,45,2.685714285714286,59.285714285714285,22.61904761904762,9.761904761904763,0.0,21.5,9.2,1.2,29.047619047619047,12,30,80,19.8,42.9,41.0,Low,Elevated,Moderate,Easy / Supportive,SUPPORTIVE,Low,Moderate Divergence,Poor,Low,Moderate Complacency,Moderate Mean-Reversion Setup,RISK ON,WATCH ENTRY,15.123809523809523,Deteriorating / Rising Stress,REDUCE RISK,"{'final_decision': 'Watch Entry', 'environment': 'Stress building but entry setup incomplete', 'action': 'Watch for entry, do not chase yet', 'buy_trigger': 'VIX > 25, SP500 drawdown > 5%, HY spread stabilization', 'risk_off_trigger': 'HY 5D widening > 0.25 and VIX +5'}",Watch Entry,Stress building but entry setup incomplete,"Watch for entry, do not chase yet",0.35,0.25,0.4,Neutral / Slight Long,{'Credit stress': 20},"[('Benign Risk-On', np.float64(34.7)), ('Credit Tightening', np.float64(32.3)), ('Late-Cycle Melt-Up', np.float64(17.1)), ('COVID Crash', 0), ('Inflation / Duration Shock', 0)]",0.04607864343531998,,-0.31999999999999984,,6343.72,,-0.06654953877212877,,0.01692752520236199,"('Medium', ['Adequate decision sample size', 'No active shock flag', 'Signals conflicting', 'Labor warning low'])",Medium,"['Adequate decision sample size', 'No active shock flag', 'Signals conflicting', 'Labor warning low']"
2026-03-10,4.15,3.57,0.5800000000000005,Normal,4.3,-0.486,-0.5307,3.06,6781.48,24.93,2.33,-0.10000000000000053,0.05000000000000071,0.030000000000000693,0.3700000000000001,0.26000000000000023,-0.020000000000000018,-0.2200000000000002,0.5900000000000003,-0.008511111111111025,8.780000000000001,1.3599999999999994,-0.005156506954316242,-0.024279772036321146,4.0,0.2999999999999998,6978.6,-0.028246353136732405,1.8200000000000003,0.0900000000000003,0.05000000000000071,-0.7390708052952314,Neutral,Low,Broad Risk-Off,Neutral,0,0,No Shock,3.4,75,40,0,30,2.8190476190476192,60.95238095238095,23.80952380952381,11.095238095238095,0.0,18.0,9.2,1.3047619047619046,27.857142857142854,12,30,55,18.5,40.6,43.5,Low,Elevated,Moderate,Easy / Supportive,SUPPORTIVE,Low,Low Divergence,Poor,Low,Moderate Complacency,Moderate Mean-Reversion Setup,RISK ON,WATCH ENTRY,14.580952380952379,Deteriorating / Rising Stress,REDUCE RISK,"{'final_decision': 'Watch Entry', 'environment': 'Stress building but entry setup incomplete', 'action': 'Watch for entry, do not chase yet', 'buy_trigger': 'VIX > 25, SP500 drawdown > 5%, HY spread stabilization', 'risk_off_trigger': 'HY 5D widening > 0.25 and VIX +5'}",Watch Entry,Stress building but entry setup incomplete,"Watch for entry, do not chase yet",0.35,0.25,0.4,Neutral / Slight Long,{'Credit stress': 20},"[('Credit Tightening', np.float64(33.8)), ('Benign Risk-On', np.float64(31.7)), ('Late-Cycle Melt-Up', np.float64(13.5)), ('COVID Crash', 0), ('Inflation / Duration Shock', 0)]",0.04166199708618179,,-0.20999999999999996,,6343.72,,-0.0645522806231087,,0.015381698980163627,"('Medium', ['Adequate decision sample size', 'No active shock flag', 'Signals conflicting', 'Labor warning low'])",Medium,"['Adequate decision sample size', 'No active shock flag', 'Signals conflicting', 'Labor warning low']"
2026-03-11,4.21,3.64,0.5699999999999998,Normal,4.3,-0.486,-0.5303777777777778,3.09,6775.8,24.23,2.36,-0.10000000000000053,0.04999999999999982,0.020000000000000018,0.3799999999999999,0.27,0.11999999999999966,-0.16999999999999993,0.5499999999999998,-0.007900000000000018,7.879999999999999,3.080000000000002,-0.01364000291141998,-0.029060269968188446,4.0,0.2999999999999998,6978.6,-0.029060269968188446,1.85,0.13999999999999968,0.04999999999999982,-0.5088282068333487,Neutral,Low,Broad Risk-Off,Neutral,0,0,No Shock,3.6,75,40,0,30,2.9809523809523815,63.095238095238095,25.476190476190474,12.428571428571429,0.0,13.0,5.5,1.4095238095238096,26.666666666666664,12,30,55,17.2,37.6,49.0,Low,Elevated,Moderate,Easy / Supportive,SUPPORTIVE,Low,Low Divergence,Poor,Low,Low Complacency,Moderate Mean-Reversion Setup,RISK ON,WATCH ENTRY,14.038095238095236,Deteriorating / Rising Stress,REDUCE RISK,"{'final_decision': 'Watch Entry', 'environment': 'Stress building but entry setup incomplete', 'action': 'Watch for entry, do not chase yet', 'buy_trigger': 'VIX > 25, SP500 drawdown > 5%, HY spread stabilization', 'risk_off_trigger': 'HY 5D widening > 0.25 and VIX +5'}",Watch Entry,Stress building but entry setup incomplete,"Watch for entry, do not chase yet",0.35,0.25,0.4,Neutral / Slight Long,{'Credit stress': 20},"[('Credit Tightening', np.float64(35.8)), ('Benign Risk-On', np.float64(26.4)), ('Late-Cycle Melt-Up', np.float64(7.7)), ('COVID Crash', 0), ('Inflation / Duration Shock', 0)]",0.05344018418489327,,-0.25,,6343.72,,-0.06376811594202902,,0.01950406446471264,"('Medium', ['Adequate decision sample size', 'No active shock flag', 'Signals conflicting', 'Labor warning low'])",Medium,"['Adequate decision sample size', 'No active shock flag', 'Signals conflicting', 'Labor warning low']"
2026-03-12,4.27,3.76,0.5099999999999998,Normal,4.3,-0.486,-0.5300555555555555,3.17,6672.62,27.29,2.38,-0.10000000000000053,0.019999999999999574,-0.050000000000000266,0.44999999999999973,0.41000000000000014,0.16999999999999993,-0.18999999999999995,0.6399999999999997,-0.007288888888888789,10.939999999999998,3.539999999999999,-0.023144006991952515,-0.04376736700759376,4.0,0.2999999999999998,6978.6,-0.043845470438196865,1.8899999999999997,0.10999999999999943,0.019999999999999574,-0.20333745161326106,Neutral,Low,Broad Risk-Off,Neutral,0,0,No Shock,4.8,100,40,0,30,3.1714285714285717,66.42857142857143,27.142857142857142,13.761904761904763,0.0,9.5,3.0,1.495238095238095,27.61904761904762,12,30,70,15.9,35.3,54.5,Low,Elevated,Moderate,Easy / Supportive,SUPPORTIVE,Low,Low Divergence,Poor,Low,Low Complacency,Moderate Mean-Reversion Setup,RISK ON,WATCH ENTRY,14.557142857142857,Deteriorating / Rising Stress,REDUCE RISK,"{'final_decision': 'Watch Entry', 'environment': 'Stress building but entry setup incomplete', 'action': 'Watch for entry, do not chase yet', 'buy_trigger': 'VIX > 25, SP500 drawdown > 5%, HY spread stabilization', 'risk_off_trigger': 'HY 5D widening > 0.25 and VIX +5'}",Watch Entry,Stress building but entry setup incomplete,"Watch for entry, do not chase yet",0.35,0.25,0.4,Neutral / Slight Long,{'Credit stress': 20},"[('Credit Tightening', np.float64(37.1)), ('Benign Risk-On', np.float64(20.0)), ('Late-Cycle Melt-Up', np.float64(1.6)), ('COVID Crash', 0), ('Inflation / Duration Shock', 0)]",0.06530867934934093,,-0.31000000000000005,,6343.72,,-0.049290983152045165,,0.02365803777226932,"('Medium', ['Adequate decision sample size', 'No active shock flag', 'Signals conflicting', 'Labor warning low'])",Medium,"['Adequate decision sample size', 'No active shock flag', 'Signals conflicting', 'Labor warning low']"
2026-03-13,4.28,3.73,0.5500000000000003,Normal,4.3,-0.471,-0.5296000000000001,3.28,6632.19,27.19,2.36,-0.10000000000000053,0.04999999999999982,-0.040000000000000036,0.5099999999999998,0.4299999999999997,0.1499999999999999,-0.14000000000000012,0.6499999999999999,-0.006544444444444464,10.310000000000002,-2.299999999999997,-0.015998468847273628,-0.048331111592607945,4.0,0.2999999999999998,6978.6,-0.049638896053649795,1.9200000000000004,0.10000000000000009,0.04999999999999982,0.023427458579833214,Neutral,Low,Broad Risk-Off,Neutral,0,0,No Shock,4.0,100,40,0,45,3.2761904761904765,70.0,28.80952380952381,15.80952380952381,0.0,6.0,1.5,1.495238095238095,28.57142857142857,12,30,80,14.6,33.8,59.5,Low,High Stress,Moderate,Easy / Supportive,SUPPORTIVE,Low,Low Divergence,Poor,Low,Low Complacency,Moderate Mean-Reversion Setup,RISK ON,WATCH ENTRY,15.033333333333331,Deteriorating / Rising Stress,REDUCE RISK,"{'final_decision': 'Watch Entry', 'environment': 'Stress building but entry setup incomplete', 'action': 'Watch for entry, do not chase yet', 'buy_trigger': 'VIX > 25, SP500 drawdown > 5%, HY spread stabilization', 'risk_off_trigger': 'HY 5D widening > 0.25 and VIX +5'}",Watch Entry,Stress building but entry setup incomplete,"Watch for entry, do not chase yet",0.35,0.25,0.4,Neutral / Slight Long,{'Credit stress': 20},"[('Credit Tightening', np.float64(37.6)), ('Benign Risk-On', np.float64(13.9)), ('COVID Crash', 0), ('Inflation / Duration Shock', 0), ('Late-Cycle Melt-Up', 0)]",0.08034902498269814,,-0.41999999999999993,,6343.72,,-0.04349543665063871,,0.028922158743944344,"('Medium', ['Adequate decision sample size', 'No active shock flag', 'Signals conflicting', 'Labor warning low'])",Medium,"['Adequate decision sample size', 'No active shock flag', 'Signals conflicting', 'Labor warning low']"
2026-03-16,4.23,3.68,0.5500000000000003,Normal,4.3,-0.471,-0.5291444444444444,3.27,6699.38,23.51,2.36,-0.10000000000000053,0.040000000000000036,-0.009999999999999787,0.4700000000000002,0.33000000000000007,0.08000000000000007,-0.18000000000000016,0.6500000000000004,-0.005922222222222162,6.07,-1.9899999999999984,-0.014215736044343785,-0.03453652743971414,4.0,0.2999999999999998,6978.6,-0.04001089043647732,1.8700000000000006,0.06000000000000005,0.040000000000000036,-0.3520390478445109,Neutral,Low,Broad Risk-Off,Neutral,0,0,No Shock,4.0,75,40,0,17,3.342857142857144,70.71428571428571,29.523809523809526,16.523809523809526,0.0,4.0,1.5,1.4380952380952388,25.714285714285708,12,30,65,13.3,32.3,61.5,Low,High Stress,Moderate,Easy / Supportive,SUPPORTIVE,Low,Low Divergence,Poor,Low,Low Complacency,Moderate Mean-Reversion Setup,RISK ON,WATCH ENTRY,13.576190476190474,Deteriorating / Rising Stress,REDUCE RISK,"{'final_decision': 'Watch Entry', 'environment': 'Stress building but entry setup incomplete', 'action': 'Watch for entry, do not chase yet', 'buy_trigger': 'VIX > 25, SP500 drawdown > 5%, HY spread stabilization', 'risk_off_trigger': 'HY 5D widening > 0.25 and VIX +5'}",Watch Entry,Stress building but entry setup incomplete,"Watch for entry, do not chase yet",0.35,0.25,0.4,Neutral / Slight Long,{'Credit stress': 20},"[('Credit Tightening', np.float64(37.8)), ('Benign Risk-On', np.float64(11.8)), ('COVID Crash', 0), ('Inflation / Duration Shock', 0), ('Late-Cycle Melt-Up', 0)]",0.07083192773062574,,-0.43000000000000016,,6343.72,,-0.05308849475623112,,0.02559117470571901,"('Medium', ['Adequate decision sample size', 'No active shock flag', 'Signals conflicting', 'Labor warning low'])",Medium,"['Adequate decision sample size', 'No active shock flag', 'Signals conflicting', 'Labor warning low']"
2026-03-17,4.2,3.68,0.52,Normal,4.3,-0.471,-0.5286888888888889,3.22,6716.09,22.37,2.37,-0.10000000000000053,-0.009999999999999787,-0.0600000000000005,0.41000000000000014,0.18000000000000016,0.16000000000000014,-0.18000000000000016,0.5900000000000003,-0.005299999999999971,6.030000000000001,-2.5599999999999987,-0.009642437933902293,-0.03731846041820752,4.0,0.2999999999999998,6978.6,-0.03761642736365467,1.83,0.010000000000000231,-0.009999999999999787,-0.6498637484629982,Neutral,Low,Broad Risk-Off,Neutral,0,0,No Shock,4.6,75,40,0,17,3.4571428571428577,70.95238095238095,30.238095238095237,17.238095238095237,0.0,4.0,1.5,1.3714285714285714,22.38095238095238,12,30,65,13.3,32.3,63.5,Low,High Stress,Moderate,Easy / Supportive,SUPPORTIVE,Low,Low Divergence,Poor,Low,Low Complacency,Moderate Mean-Reversion Setup,RISK ON,WATCH ENTRY,11.876190476190475,Deteriorating / Rising Stress,REDUCE RISK,"{'final_decision': 'Watch Entry', 'environment': 'Stress building but entry setup incomplete', 'action': 'Watch for entry, do not chase yet', 'buy_trigger': 'VIX > 25, SP500 drawdown > 5%, HY spread stabilization', 'risk_off_trigger': 'HY 5D widening > 0.25 and VIX +5'}",Watch Entry,Stress building but entry setup incomplete,"Watch for entry, do not chase yet",0.35,0.25,0.4,Neutral / Slight Long,{'Credit stress': 20},"[('Credit Tightening', np.float64(37.6)), ('Benign Risk-On', np.float64(10.3)), ('COVID Crash', 0), ('Inflation / Duration Shock', 0), ('Late-Cycle Melt-Up', 0)]",0.06293989508776687,,-0.3700000000000001,,6343.72,,-0.05544446247742363,,0.022828963280718404,"('Medium', ['Adequate decision sample size', 'No active shock flag', 'Signals conflicting', 'Labor warning low'])",Medium,"['Adequate decision sample size', 'No active shock flag', 'Signals conflicting', 'Labor warning low']"
2026-03-18,4.26,3.76,0.5,Normal,4.3,-0.471,-0.5282333333333333,3.2,6624.7,25.09,2.4,-0.10000000000000053,-0.019999999999999574,-0.06999999999999984,0.3500000000000001,0.07000000000000028,0.11000000000000032,-0.10000000000000009,0.4500000000000002,-0.004677777777777781,7.09,0.8599999999999994,-0.02229994982142336,-0.042370345528426,4.0,0.2999999999999998,6978.6,-0.05071217722752419,1.8599999999999999,0.050000000000000266,-0.019999999999999574,-0.4192782992528877,Neutral,Low,Broad Risk-Off,Neutral,0,0,No Shock,5.0,85,40,0,30,3.5714285714285716,71.66666666666667,30.952380952380953,18.571428571428573,0.0,0.0,0.0,1.3238095238095235,21.190476190476197,0,22,90,10.8,29.2,68.5,Low,High Stress,Moderate,Easy / Supportive,SUPPORTIVE,Low,Low Divergence,Poor,Low,Low Complacency,Moderate Mean-Reversion Setup,RISK ON,WATCH ENTRY,11.25714285714286,Deteriorating / Rising Stress,REDUCE RISK,"{'final_decision': 'Watch Entry', 'environment': 'Stress building but entry setup incomplete', 'action': 'Watch for entry, do not chase yet', 'buy_trigger': 'VIX > 25, SP500 drawdown > 5%, HY spread stabilization', 'risk_off_trigger': 'HY 5D widening > 0.25 and VIX +5'}",Watch Entry,Stress building but entry setup incomplete,"Watch for entry, do not chase yet",0.35,0.25,0.4,Neutral / Slight Long,{'Credit stress': 20},"[('Credit Tightening', np.float64(37.1)), ('Benign Risk-On', np.float64(5.7)), ('COVID Crash', 0), ('Inflation / Duration Shock', 0), ('Late-Cycle Melt-Up', 0)]",0.07717330596102467,,-0.38000000000000034,,6343.72,,-0.04241399610548391,,0.027810657086358635,"('Medium', ['Adequate decision sample size', 'No active shock flag', 'Signals conflicting', 'Labor warning low'])",Medium,"['Adequate decision sample size', 'No active shock flag', 'Signals conflicting', 'Labor warning low']"
2026-03-19,4.25,3.79,0.45999999999999996,Normal,4.3,-0.471,-0.5277777777777779,3.27,6606.49,24.06,2.37,-0.10000000000000053,-0.08000000000000007,-0.04999999999999982,0.41000000000000014,0.2200000000000002,0.10000000000000009,-0.040000000000000036,0.4500000000000002,-0.00405555555555559,5.419999999999998,-3.2300000000000004,-0.009910649789737769,-0.040133842434386446,4.0,0.2999999999999998,6978.6,-0.05332158312555535,1.88,0.009999999999999787,-0.08000000000000007,-0.2642353679411205,Neutral,Low,Broad Risk-Off,Neutral,0,0,No Shock,5.8,75,40,0,17,3.723809523809524,72.85714285714286,32.142857142857146,19.285714285714285,0.0,0.0,0.0,1.3333333333333335,18.80952380952381,0,22,75,9.6,28.4,70.5,Low,High Stress,Moderate,Easy / Supportive,SUPPORTIVE,Low,Low Divergence,Poor,Low,Low Complacency,Strong Panic-Buy Setup,RISK ON,BUY STRESS,10.071428571428571,Deteriorating / Rising Stress,REDUCE RISK,"{'final_decision': 'Buy Stress', 'environment': 'Stress with mean-reversion opportunity', 'action': 'Consider phased risk entry', 'buy_trigger': 'VIX rolling over, HY spreads stabilizing, SP500 drawdown washed out', 'risk_off_trigger': 'New HY widening or VIX acceleration'}",Buy Stress,Stress with mean-reversion opportunity,Consider phased risk entry,0.55,0.3,0.15,Long Duration,{'Credit stress': 20},"[('Credit Tightening', np.float64(36.9)), ('Benign Risk-On', np.float64(3.4)), ('COVID Crash', 0), ('Inflation / Duration Shock', 0), ('Late-Cycle Melt-Up', 0)]",0.09120122788349039,,-0.43999999999999995,,6343.72,,-0.03977452474763443,,0.05046067533591972,"('Medium', ['Adequate decision sample size', 'No active shock flag', 'Signals conflicting', 'Labor warning low'])",Medium,"['Adequate decision sample size', 'No active shock flag', 'Signals conflicting', 'Labor warning low']"
2026-03-20,4.39,3.88,0.5099999999999998,Normal,4.3,-0.462,-0.5272444444444444,3.24,6506.48,26.78,2.38,-0.10000000000000053,-0.030000000000000693,-0.04000000000000048,0.27,0.11000000000000032,-0.03999999999999959,0.0900000000000003,0.17999999999999972,-0.003355555555555445,5.010000000000002,-0.41000000000000014,-0.018954523317335603,-0.042939515180042354,4.0,0.2999999999999998,6978.6,-0.06765253775828972,2.01,0.17999999999999927,-0.030000000000000693,0.7210256326378365,Neutral,Low,Broad Risk-Off,Neutral,0,0,No Shock,4.8,75,40,0,17,3.8190476190476197,73.0952380952381,32.857142857142854,20.0,0.0,0.0,0.0,1.304761904761905,15.476190476190482,0,22,90,8.4,27.6,72.5,Low,High Stress,Moderate,Neutral,NEUTRAL,Low,Low Divergence,Poor,Low,Low Complacency,Strong Panic-Buy Setup,RISK ON,BUY STRESS,8.390476190476193,Deteriorating / Rising Stress,REDUCE RISK,"{'final_decision': 'Buy Stress', 'environment': 'Stress with mean-reversion opportunity', 'action': 'Consider phased risk entry', 'buy_trigger': 'VIX rolling over, HY spreads stabilizing, SP500 drawdown washed out', 'risk_off_trigger': 'New HY widening or VIX acceleration'}",Buy Stress,Stress with mean-reversion opportunity,Consider phased risk entry,0.55,0.3,0.15,Long Duration,{'Credit stress': 20},"[('Credit Tightening', np.float64(36.5)), ('Benign Risk-On', np.float64(1.6)), ('COVID Crash', 0), ('Inflation / Duration Shock', 0), ('Late-Cycle Melt-Up', 0)]",0.1112183546249279,,-0.4700000000000002,,6343.72,,-0.02501506190751368,,0.06147009504371036,"('Medium', ['Adequate decision sample size', 'No active shock flag', 'Signals conflicting', 'Labor warning low'])",Medium,"['Adequate decision sample size', 'No active shock flag', 'Signals conflicting', 'Labor warning low']"
2026-03-23,4.34,3.83,0.5099999999999998,Normal,4.3,-0.462,-0.5267111111111111,3.19,6581.0,26.15,2.33,-0.10000000000000053,-0.05000000000000071,-0.04000000000000048,0.31999999999999984,0.040000000000000036,-0.08000000000000007,0.040000000000000036,0.2799999999999998,-0.002766666666666695,8.389999999999997,2.639999999999997,-0.017670291877755817,-0.05067582187729902,4.0,0.2999999999999998,6978.6,-0.056974178201931625,2.01,0.17999999999999927,-0.05000000000000071,0.7201439130217068,Neutral,Low,Broad Risk-Off,Neutral,0,0,No Shock,4.8,75,40,0,30,3.9047619047619055,74.28571428571429,34.04761904761905,21.333333333333332,0.0,0.0,0.0,1.2190476190476196,15.000000000000007,0,22,90,7.2,26.8,73.5,Low,High Stress,Moderate,Neutral,NEUTRAL,Low,Low Divergence,Poor,Low,Low Complacency,Strong Panic-Buy Setup,RISK ON,BUY STRESS,8.109523809523813,Deteriorating / Rising Stress,REDUCE RISK,"{'final_decision': 'Buy Stress', 'environment': 'Stress with mean-reversion opportunity', 'action': 'Consider phased risk entry', 'buy_trigger': 'VIX rolling over, HY spreads stabilizing, SP500 drawdown washed out', 'risk_off_trigger': 'New HY widening or VIX acceleration'}",Buy Stress,Stress with mean-reversion opportunity,Consider phased risk entry,0.55,0.3,0.15,Long Duration,{'Credit stress': 20},"[('Credit Tightening', np.float64(36.3)), ('COVID Crash', 0), ('Inflation / Duration Shock', 0), ('Late-Cycle Melt-Up', 0), ('Benign Risk-On', 0)]",0.09417261814313926,,-0.41000000000000014,,6343.72,,-0.03605531074304813,,0.0520949399787266,"('Medium', ['Adequate decision sample size', 'No active shock flag', 'Signals conflicting', 'Labor warning low'])",Medium,"['Adequate decision sample size', 'No active shock flag', 'Signals conflicting', 'Labor warning low']"
2026-03-24,4.39,3.9,0.48999999999999977,Normal,4.3,-0.462,-0.5261777777777777,3.19,6556.37,26.95,2.33,-0.10000000000000053,-0.06000000000000005,-0.03000000000000025,0.3500000000000001,0.16999999999999993,-0.03000000000000025,0.0,0.3500000000000001,-0.002177777777777723,9.59,4.579999999999998,-0.02378169440850264,-0.05864473166571427,4.0,0.2999999999999998,6978.6,-0.060503539391855155,2.0599999999999996,0.21999999999999975,-0.06000000000000005,1.0927042347511624,Neutral,Low,Broad Risk-Off,Neutral,0,0,No Shock,5.2,75,40,20,30,4.00952380952381,74.52380952380952,34.76190476190476,22.666666666666668,0.9523809523809523,0.0,0.0,1.1904761904761911,13.57142857142857,0,22,90,6.0,26.0,77.0,Low,High Stress,Moderate,Neutral,NEUTRAL,Low,Low Divergence,Poor,Low,Low Complacency,Strong Panic-Buy Setup,RISK ON,BUY STRESS,7.3809523809523805,Deteriorating / Rising Stress,REDUCE RISK,"{'final_decision': 'Buy Stress', 'environment': 'Stress with mean-reversion opportunity', 'action': 'Consider phased risk entry', 'buy_trigger': 'VIX rolling over, HY spreads stabilizing, SP500 drawdown washed out', 'risk_off_trigger': 'New HY widening or VIX acceleration'}",Buy Stress,Stress with mean-reversion opportunity,Consider phased risk entry,0.55,0.3,0.15,Long Duration,{'Credit stress': 20},"[('Credit Tightening', np.float64(35.9)), ('COVID Crash', 0), ('Inflation / Duration Shock', 0), ('Late-Cycle Melt-Up', 0), ('Benign Risk-On', 0)]",,,,,,,,,,"('Medium', ['Adequate decision sample size', 'No active shock flag', 'Signals conflicting', 'Labor warning low'])",Medium,"['Adequate decision sample size', 'No active shock flag', 'Signals conflicting', 'Labor warning low']"
2026-03-25,4.33,3.84,0.4900000000000002,Normal,4.3,-0.462,-0.5256444444444445,3.17,6591.9,25.33,2.31,-0.10000000000000053,-0.029999999999999805,-0.009999999999999787,0.31000000000000005,0.1499999999999999,-0.03000000000000025,0.0,0.31000000000000005,-0.0015333333333333865,7.539999999999999,0.23999999999999844,-0.004951167600042328,-0.05040616208164739,4.0,0.2999999999999998,6978.6,-0.05541226033875002,2.02,0.20999999999999996,-0.029999999999999805,0.7867858940233906,Neutral,Low,Broad Risk-Off,Neutral,0,0,No Shock,5.2,75,40,0,30,4.123809523809524,75.23809523809524,35.476190476190474,23.285714285714285,0.9523809523809523,0.0,0.0,1.1428571428571428,12.142857142857146,0,22,90,4.8,25.2,80.5,Low,High Stress,Moderate,Neutral,NEUTRAL,Low,Low Divergence,Poor,Low,Low Complacency,Strong Panic-Buy Setup,RISK ON,BUY STRESS,6.642857142857144,Deteriorating / Rising Stress,REDUCE RISK,"{'final_decision': 'Buy Stress', 'environment': 'Stress with mean-reversion opportunity', 'action': 'Consider phased risk entry', 'buy_trigger': 'VIX rolling over, HY spreads stabilizing, SP500 drawdown washed out', 'risk_off_trigger': 'New HY widening or VIX acceleration'}",Buy Stress,Stress with mean-reversion opportunity,Consider phased risk entry,0.55,0.3,0.15,Long Duration,{'Credit stress': 20},"[('Credit Tightening', np.float64(34.7)), ('COVID Crash', 0), ('Inflation / Duration Shock', 0), ('Late-Cycle Melt-Up', 0), ('Benign Risk-On', 0)]",,,,,,,,,,"('Medium', ['Adequate decision sample size', 'No active shock flag', 'Signals conflicting', 'Labor warning low'])",Medium,"['Adequate decision sample size', 'No active shock flag', 'Signals conflicting', 'Labor warning low']"
2026-03-26,4.42,3.96,0.45999999999999996,Normal,4.3,-0.462,-0.5251111111111111,3.21,6477.16,27.44,2.34,-0.10000000000000053,-0.07000000000000028,0.0,0.3700000000000001,0.1200000000000001,-0.06000000000000005,-0.03000000000000025,0.40000000000000036,-0.0009444444444444144,9.790000000000003,3.3800000000000026,-0.019576204610920467,-0.06688929002070176,4.0,0.2999999999999998,6978.6,-0.07185395351503177,2.08,0.24999999999999956,-0.07000000000000028,1.2310914416459597,Neutral,Low,Broad Risk-Off,Neutral,0,0,No Shock,5.8,85,40,20,30,4.257142857142857,75.95238095238095,36.666666666666664,24.714285714285715,1.9047619047619047,0.0,0.0,1.0857142857142854,9.523809523809518,0,22,90,3.6,24.4,82.5,Low,High Stress,Moderate,Neutral,NEUTRAL,Low,Low Divergence,Poor,Low,Low Complacency,Strong Panic-Buy Setup,RISK ON,BUY STRESS,5.304761904761902,Deteriorating / Rising Stress,REDUCE RISK,"{'final_decision': 'Buy Stress', 'environment': 'Stress with mean-reversion opportunity', 'action': 'Consider phased risk entry', 'buy_trigger': 'VIX rolling over, HY spreads stabilizing, SP500 drawdown washed out', 'risk_off_trigger': 'New HY widening or VIX acceleration'}",Buy Stress,Stress with mean-reversion opportunity,Consider phased risk entry,0.55,0.3,0.15,Long Duration,{'Credit stress': 20},"[('Credit Tightening', np.float64(34.6)), ('COVID Crash', 0), ('Inflation / Duration Shock', 0), ('Late-Cycle Melt-Up', 0), ('Benign Risk-On', 0)]",,,,,,,,,,"('Medium', ['Adequate decision sample size', 'No active shock flag', 'Signals conflicting', 'Labor warning low'])",Medium,"['Adequate decision sample size', 'No active shock flag', 'Signals conflicting', 'Labor warning low']"
2026-03-27,4.44,3.88,0.5600000000000005,Normal,4.3,-0.459,-0.5245555555555556,3.42,6368.85,31.05,2.31,-0.10000000000000053,0.040000000000000924,0.05000000000000071,0.5,0.3500000000000001,0.17999999999999972,0.08000000000000007,0.41999999999999993,-0.00042222222222221273,10.23,4.27,-0.021152758480775913,-0.06789496484583091,4.0,0.2999999999999998,6978.6,-0.087374258447253,2.1300000000000003,0.27000000000000046,0.040000000000000924,1.595388583704578,Neutral,Low,Broad Risk-Off,Neutral,0,0,No Shock,3.8,100,40,50,42,4.295238095238096,78.33333333333333,37.857142857142854,26.476190476190474,4.285714285714286,0.0,0.0,1.0190476190476194,8.333333333333329,0,22,90,2.4,23.6,83.5,Low,High Stress,Moderate,Neutral,NEUTRAL,Low,Low Divergence,Poor,Low,Low Complacency,Strong Panic-Buy Setup,RISK ON,BUY STRESS,4.676190476190474,Deteriorating / Rising Stress,REDUCE RISK,"{'final_decision': 'Buy Stress', 'environment': 'Stress with mean-reversion opportunity', 'action': 'Consider phased risk entry', 'buy_trigger': 'VIX rolling over, HY spreads stabilizing, SP500 drawdown washed out', 'risk_off_trigger': 'New HY widening or VIX acceleration'}",Buy Stress,Stress with mean-reversion opportunity,Consider phased risk entry,0.55,0.3,0.15,Long Duration,{'Credit stress': 20},"[('Credit Tightening', np.float64(35.7)), ('COVID Crash', 0), ('Inflation / Duration Shock', 0), ('Late-Cycle Melt-Up', 0), ('Benign Risk-On', 0)]",,,,,,,,,,"('Medium', ['Adequate decision sample size', 'No active shock flag', 'Signals conflicting', 'Labor warning low'])",Medium,"['Adequate decision sample size', 'No active shock flag', 'Signals conflicting', 'Labor warning low']"
2026-03-30,4.35,3.82,0.5299999999999998,Normal,4.3,-0.459,-0.5239999999999999,3.46,6343.72,30.61,2.31,-0.10000000000000053,0.0,0.020000000000000018,0.5099999999999998,0.33000000000000007,0.27,0.14000000000000012,0.36999999999999966,0.00010000000000010001,10.009999999999998,4.460000000000001,-0.03605531074304813,-0.07203594995443352,4.0,0.2999999999999998,6978.6,-0.09097526724557936,2.0399999999999996,0.1899999999999995,0.0,0.9175950681799742,Neutral,Low,Broad Risk-Off,Neutral,0,0,HY spread widening | Equity selloff,4.4,85,50,0,45,4.352380952380953,79.76190476190476,38.80952380952381,27.80952380952381,4.285714285714286,0.0,0.0,1.009523809523809,9.047619047619051,0,22,100,1.2,22.8,87.0,Low,High Stress,Moderate,Neutral,NEUTRAL,Low,Low Divergence,Poor,Low,Low Complacency,Strong Panic-Buy Setup,RISK ON,BUY STRESS,5.02857142857143,Deteriorating / Rising Stress,REDUCE RISK,"{'final_decision': 'Stress / Stabilization Watch', 'environment': 'Active deterioration or shock', 'action': 'Reduce risk and monitor for stabilization', 'buy_trigger': 'Wait for VIX rollover, HY spread stabilization, and equity drawdown exhaustion', 'risk_off_trigger': 'Already triggered'}",Stress / Stabilization Watch,Active deterioration or shock,Reduce risk and monitor for stabilization,0.25,0.15,0.6,Long Duration,"{'Active shock flag': 25, 'Credit stress': 20}","[('Credit Tightening', np.float64(34.0)), ('COVID Crash', 0), ('Inflation / Duration Shock', 0), ('Late-Cycle Melt-Up', 0), ('Benign Risk-On', 0)]",,,,,,,,,,"('Medium', ['Adequate decision sample size', 'Shock flag active', 'Signals conflicting', 'Labor warning low'])",Medium,"['Adequate decision sample size', 'Shock flag active', 'Signals conflicting', 'Labor warning low']"
2026-03-31,4.3,3.79,0.5099999999999998,Normal,4.3,-0.459,-0.5234444444444445,3.28,6528.52,25.25,2.3,-0.10000000000000053,-0.03000000000000025,0.020000000000000018,0.33999999999999986,0.07999999999999963,0.08999999999999986,0.10999999999999988,0.22999999999999998,0.0006222222222221907,4.960000000000001,-1.6999999999999993,-0.0042477773524067786,-0.045987123021033915,4.0,0.2999999999999998,6978.6,-0.0644943111798928,2.0,0.1499999999999999,-0.03000000000000025,0.6176632102762155,Neutral,Low,Broad Risk-Off,Neutral,0,0,No Shock,4.8,65,40,0,17,4.419047619047619,79.28571428571429,38.80952380952381,27.80952380952381,4.285714285714286,0.0,0.0,0.9619047619047616,8.333333333333343,0,22,75,0.0,22.0,88.0,Low,High Stress,Moderate,Neutral,NEUTRAL,Low,Low Divergence,Poor,Low,Low Complacency,Strong Panic-Buy Setup,RISK ON,BUY STRESS,4.647619047619052,Deteriorating / Rising Stress,REDUCE RISK,"{'final_decision': 'Buy Stress', 'environment': 'Stress with mean-reversion opportunity', 'action': 'Consider phased risk entry', 'buy_trigger': 'VIX rolling over, HY spreads stabilizing, SP500 drawdown washed out', 'risk_off_trigger': 'New HY widening or VIX acceleration'}",Buy Stress,Stress with mean-reversion opportunity,Consider phased risk entry,0.55,0.3,0.15,Long Duration,{'Credit stress': 20},"[('Credit Tightening', np.float64(33.5)), ('COVID Crash', 0), ('Inflation / Duration Shock', 0), ('Late-Cycle Melt-Up', 0), ('Benign Risk-On', 0)]",,,,,,,,,,"('Medium', ['Adequate decision sample size', 'No active shock flag', 'Signals conflicting', 'Labor warning low'])",Medium,"['Adequate decision sample size', 'No active shock flag', 'Signals conflicting', 'Labor warning low']"
2026-04-01,4.33,3.81,0.52,Normal,4.3,-0.459,-0.5228888888888888,3.16,6575.32,24.54,2.31,-0.10000000000000053,-0.029999999999999805,0.029999999999999805,0.30000000000000027,-0.009999999999999787,-0.009999999999999787,0.04999999999999982,0.25000000000000044,0.0011444444444445034,4.919999999999998,-0.7899999999999991,-0.002515208058374685,-0.04446682390416956,4.0,0.2999999999999998,6978.6,-0.05778809503338789,2.02,0.16000000000000014,-0.029999999999999805,0.765846157499554,Neutral,Low,Broad Risk-Off,Neutral,0,0,No Shock,4.7,55,40,0,17,4.4523809523809526,78.33333333333333,38.80952380952381,27.19047619047619,4.285714285714286,0.0,0.0,0.8809523809523809,6.666666666666657,0,22,60,0.0,22.0,85.0,Low,High Stress,Moderate,Neutral,NEUTRAL,Low,Low Divergence,Poor,Low,Low Complacency,Strong Panic-Buy Setup,RISK ON,BUY STRESS,3.7738095238095193,Deteriorating / Rising Stress,REDUCE RISK,"{'final_decision': 'Buy Stress', 'environment': 'Stress with mean-reversion opportunity', 'action': 'Consider phased risk entry', 'buy_trigger': 'VIX rolling over, HY spreads stabilizing, SP500 drawdown washed out', 'risk_off_trigger': 'New HY widening or VIX acceleration'}",Buy Stress,Stress with mean-reversion opportunity,Consider phased risk entry,0.55,0.3,0.15,Long Duration,{'Credit stress': 20},"[('Credit Tightening', np.float64(35.0)), ('COVID Crash', 0), ('Inflation / Duration Shock', 0), ('Late-Cycle Melt-Up', 0), ('Benign Risk-On', 0)]",,,,,,,,,,"('Medium', ['Adequate decision sample size', 'No active shock flag', 'Signals conflicting', 'Labor warning low'])",Medium,"['Adequate decision sample size', 'No active shock flag', 'Signals conflicting', 'Labor warning low']"
2026-04-02,4.31,3.79,0.5199999999999996,Normal,4.3,-0.459,-0.5223333333333333,3.17,6582.69,23.87,2.34,-0.10000000000000053,-0.03000000000000025,0.05999999999999961,0.29000000000000004,0.0,-0.040000000000000036,0.08999999999999986,0.20000000000000018,0.0016666666666667052,3.6400000000000006,-3.5700000000000003,0.016292634426199104,-0.04068849835832411,4.0,0.2999999999999998,6978.6,-0.05673200928553013,1.9699999999999998,0.11000000000000032,-0.03000000000000025,0.3900817794880402,Neutral,Low,Broad Risk-Off,Neutral,0,15,No Shock,4.7,55,40,0,17,4.485714285714286,79.04761904761905,40.476190476190474,27.761904761904763,4.285714285714286,0.0,1.5,0.7619047619047619,6.19047619047619,0,22,60,0.0,22.0,83.5,Low,High Stress,Elevated,Neutral,NEUTRAL,Low,Low Divergence,Poor,Low,Low Complacency,Strong Panic-Buy Setup,RISK ON,BUY STRESS,3.476190476190476,Deteriorating / Rising Stress,REDUCE RISK,"{'final_decision': 'Buy Stress', 'environment': 'Stress with mean-reversion opportunity', 'action': 'Consider phased risk entry', 'buy_trigger': 'VIX rolling over, HY spreads stabilizing, SP500 drawdown washed out', 'risk_off_trigger': 'New HY widening or VIX acceleration'}",Buy Stress,Stress with mean-reversion opportunity,Consider phased risk entry,0.55,0.3,0.15,Long Duration,{'Credit stress': 20},"[('Credit Tightening', np.float64(35.7)), ('COVID Crash', 0), ('Inflation / Duration Shock', 0), ('Late-Cycle Melt-Up', 0), ('Benign Risk-On', 0)]",,,,,,,,,,"('Medium', ['Adequate decision sample size', 'No active shock flag', 'Signals conflicting', 'Labor warning low'])",Medium,"['Adequate decision sample size', 'No active shock flag', 'Signals conflicting', 'Labor warning low']"
2026-04-03,4.35,3.84,0.5099999999999998,Normal,4.3,-0.466,-0.5218444444444444,3.13,6582.69,23.87,2.36,-0.10000000000000053,-0.040000000000000036,-0.05000000000000071,0.27,-0.06000000000000005,-0.29000000000000004,0.06999999999999984,0.20000000000000018,0.0020555555555555882,4.780000000000001,-7.18,0.033575920299582895,-0.0473000256168673,4.2,0.09999999999999964,6978.6,-0.05673200928553013,1.9899999999999998,0.17000000000000037,-0.040000000000000036,0.5352926039390977,Neutral,Low,Broad Risk-Off,Neutral,0,15,No Shock,5.0,55,40,0,17,4.542857142857143,78.0952380952381,40.476190476190474,27.761904761904763,4.285714285714286,0.0,3.0,0.723809523809523,5.0,0,22,60,0.0,22.0,80.5,Low,High Stress,Elevated,Neutral,NEUTRAL,Low,Low Divergence,Poor,Low,Low Complacency,Strong Panic-Buy Setup,RISK ON,BUY STRESS,2.8619047619047615,Deteriorating / Rising Stress,REDUCE RISK,"{'final_decision': 'Buy Stress', 'environment': 'Stress with mean-reversion opportunity', 'action': 'Consider phased risk entry', 'buy_trigger': 'VIX rolling over, HY spreads stabilizing, SP500 drawdown washed out', 'risk_off_trigger': 'New HY widening or VIX acceleration'}",Buy Stress,Stress with mean-reversion opportunity,Consider phased risk entry,0.55,0.3,0.15,Long Duration,{'Credit stress': 20},"[('Credit Tightening', np.float64(37.0)), ('COVID Crash', 0), ('Inflation / Duration Shock', 0), ('Late-Cycle Melt-Up', 0), ('Benign Risk-On', 0)]",,,,,,,,,,"('Medium', ['Adequate decision sample size', 'No active shock flag', 'Signals conflicting', 'Labor warning low'])",Medium,"['Adequate decision sample size', 'No active shock flag', 'Signals conflicting', 'Labor warning low']"
2026-04-06,4.34,3.84,0.5,Normal,4.3,-0.466,-0.5213555555555556,3.05,6611.83,24.17,2.36,-0.10000000000000053,-0.08000000000000007,-0.029999999999999805,0.09999999999999964,-0.10000000000000009,-0.41000000000000014,0.1900000000000004,-0.09000000000000075,0.0024444444444444713,3.16,-6.439999999999998,0.04226384518862747,-0.033040108222734066,4.2,0.09999999999999964,6978.6,-0.05255638666781304,1.98,0.16999999999999993,-0.08000000000000007,0.4565734150675955,Neutral,Low,Broad Risk-Off,Neutral,0,15,No Shock,5.2,30,25,0,2,4.6380952380952385,75.47619047619048,39.76190476190476,26.428571428571427,4.285714285714286,0.0,4.5,0.733333333333333,1.1904761904761898,0,22,45,0.0,22.0,76.0,Low,High Stress,Moderate,Neutral,NEUTRAL,Low,Low Divergence,Poor,Low,Low Complacency,Strong Panic-Buy Setup,RISK ON,BUY STRESS,0.9619047619047614,Deteriorating / Rising Stress,REDUCE RISK,"{'final_decision': 'Buy Stress', 'environment': 'Stress with mean-reversion opportunity', 'action': 'Consider phased risk entry', 'buy_trigger': 'VIX rolling over, HY spreads stabilizing, SP500 drawdown washed out', 'risk_off_trigger': 'New HY widening or VIX acceleration'}",Buy Stress,Stress with mean-reversion opportunity,Consider phased risk entry,0.55,0.3,0.15,Long Duration,{'Credit stress': 20},"[('Credit Tightening', np.float64(38.9)), ('COVID Crash', 0), ('Inflation / Duration Shock', 0), ('Late-Cycle Melt-Up', 0), ('Benign Risk-On', 0)]",,,,,,,,,,"('Medium', ['Adequate decision sample size', 'No active shock flag', 'Signals conflicting', 'Labor warning low'])",Medium,"['Adequate decision sample size', 'No active shock flag', 'Signals conflicting', 'Labor warning low']"
2026-04-07,4.33,3.81,0.52,Normal,4.3,-0.466,-0.5208666666666667,3.12,6616.85,25.78,2.37,-0.10000000000000053,-0.05999999999999961,0.010000000000000231,0.1499999999999999,0.020000000000000018,-0.1599999999999997,0.22999999999999998,-0.08000000000000007,0.0028333333333333544,6.23,0.5300000000000011,0.013529865880781644,-0.03965416897070706,4.2,0.09999999999999964,6978.6,-0.05183704467944861,1.96,0.17000000000000037,-0.05999999999999961,0.30477241444601993,Neutral,Low,Broad Risk-Off,Neutral,0,0,No Shock,4.8,50,35,0,2,4.685714285714286,73.33333333333333,39.523809523809526,24.38095238095238,4.285714285714286,0.0,4.5,0.6761904761904756,-1.1904761904761898,8,22,75,0.8,22.0,74.5,Low,High Stress,Moderate,Neutral,NEUTRAL,Low,Low Divergence,Poor,Low,Low Complacency,Strong Panic-Buy Setup,RISK ON,BUY STRESS,-0.2571428571428571,Panic / Stabilizing,WATCH FOR RECOVERY,"{'final_decision': 'Buy Stress', 'environment': 'Stress with mean-reversion opportunity', 'action': 'Consider phased risk entry', 'buy_trigger': 'VIX rolling over, HY spreads stabilizing, SP500 drawdown washed out', 'risk_off_trigger': 'New HY widening or VIX acceleration'}",Buy Stress,Stress with mean-reversion opportunity,Consider phased risk entry,0.55,0.3,0.15,Long Duration,{'Credit stress': 20},"[('Credit Tightening', np.float64(39.4)), ('COVID Crash', 0), ('Inflation / Duration Shock', 0), ('Late-Cycle Melt-Up', 0), ('Benign Risk-On', 0)]",,,,,,,,,,"('Medium', ['Adequate decision sample size', 'No active shock flag', 'Signals conflicting', 'Labor warning low'])",Medium,"['Adequate decision sample size', 'No active shock flag', 'Signals conflicting', 'Labor warning low']"
2026-04-08,4.29,3.79,0.5,Normal,4.3,-0.466,-0.5203777777777777,2.94,6782.81,21.04,2.33,-0.10000000000000053,-0.04999999999999982,-0.020000000000000018,0.0,-0.06000000000000005,-0.2200000000000002,0.19999999999999973,-0.19999999999999973,0.0032222222222223484,3.1099999999999994,-3.5,0.031555878649252245,-0.02351237307680676,4.2,0.09999999999999964,6978.6,-0.028055770498380705,1.96,0.18999999999999995,-0.04999999999999982,0.3000317668244135,Neutral,Low,Equity-Led Weakness,Neutral,0,30,No Shock,5.3,25,15,0,2,4.776190476190476,70.95238095238095,38.333333333333336,23.047619047619047,4.285714285714286,0.0,7.5,0.6523809523809518,-4.285714285714292,20,46,35,2.8,24.4,69.0,Low,High Stress,Moderate,Neutral,NEUTRAL,Low,Low Divergence,Poor,Low,Low Complacency,Moderate Mean-Reversion Setup,RISK ON,WATCH ENTRY,-1.81666666666667,Panic / Stabilizing,WATCH FOR RECOVERY,"{'final_decision': 'Watch Entry', 'environment': 'Stress building but entry setup incomplete', 'action': 'Watch for entry, do not chase yet', 'buy_trigger': 'VIX > 25, SP500 drawdown > 5%, HY spread stabilization', 'risk_off_trigger': 'HY 5D widening > 0.25 and VIX +5'}",Watch Entry,Stress building but entry setup incomplete,"Watch for entry, do not chase yet",0.35,0.25,0.4,Neutral / Slight Long,"{'Credit stress': 20, 'HY spread tightness': 18}","[('Credit Tightening', np.float64(40.9)), ('Benign Risk-On', np.float64(5.3)), ('COVID Crash', 0), ('Inflation / Duration Shock', 0), ('Late-Cycle Melt-Up', 0)]",,,,,,,,,,"('Medium', ['Adequate decision sample size', 'No active shock flag', 'Signals conflicting', 'Labor warning low'])",Medium,"['Adequate decision sample size', 'No active shock flag', 'Signals conflicting', 'Labor warning low']"
2026-04-09,4.29,3.78,0.5100000000000002,Normal,4.3,-0.466,-0.5198888888888888,2.9,6824.66,19.49,2.34,-0.10000000000000053,-0.03999999999999915,-0.009999999999999343,-0.08000000000000007,-0.050000000000000266,-0.27,0.22999999999999998,-0.31000000000000005,0.003477777777777802,0.8599999999999994,-4.380000000000003,0.036758528808131574,-0.012187249415967272,4.2,0.09999999999999964,6978.6,-0.022058865675063877,1.9500000000000002,0.1600000000000006,-0.03999999999999915,0.22178689894152404,Neutral,Low,Neutral,Neutral,0,30,No Shock,5.1,5,5,0,0,4.847619047619048,67.61904761904762,36.666666666666664,21.61904761904762,4.285714285714286,0.0,10.5,0.590476190476191,-8.333333333333329,32,51,25,6.0,27.3,62.5,Low,Elevated,Moderate,Neutral,NEUTRAL,Low,Low Divergence,Poor,Low,Low Complacency,Moderate Mean-Reversion Setup,RISK ON,WATCH ENTRY,-3.8714285714285688,Panic / Stabilizing,WATCH FOR RECOVERY,"{'final_decision': 'Watch Entry', 'environment': 'Stress building but entry setup incomplete', 'action': 'Watch for entry, do not chase yet', 'buy_trigger': 'VIX > 25, SP500 drawdown > 5%, HY spread stabilization', 'risk_off_trigger': 'HY 5D widening > 0.25 and VIX +5'}",Watch Entry,Stress building but entry setup incomplete,"Watch for entry, do not chase yet",0.35,0.25,0.4,Neutral / Slight Long,"{'Credit stress': 20, 'HY spread tightness': 18}","[('Credit Tightening', np.float64(41.8)), ('Benign Risk-On', np.float64(12.8)), ('COVID Crash', 0), ('Inflation / Duration Shock', 0), ('Late-Cycle Melt-Up', 0)]",,,,,,,,,,"('High', ['Adequate decision sample size', 'No active shock flag', 'Signals partly aligned', 'Labor warning low'])",High,"['Adequate decision sample size', 'No active shock flag', 'Signals partly aligned', 'Labor warning low']"
2026-04-10,4.31,3.81,0.49999999999999956,Normal,4.3,-0.48,-0.5195222222222223,2.94,6816.89,19.23,2.36,-0.10000000000000053,-0.050000000000000266,-0.010000000000000231,-0.16000000000000014,0.0,-0.18999999999999995,0.3400000000000003,-0.5000000000000004,0.0037111111111109985,-0.629999999999999,-4.640000000000001,0.03557816029617089,-0.009011641430000217,4.2,0.09999999999999964,6978.6,-0.023172269509643795,1.9499999999999997,0.10000000000000009,-0.050000000000000266,0.22210139748554675,Neutral,Low,Neutral,Neutral,0,30,No Shock,5.3,5,5,0,0,4.871428571428572,63.095238095238095,35.0,20.19047619047619,4.285714285714286,0.0,13.5,0.5761904761904759,-15.238095238095234,49,51,25,10.9,30.2,56.0,Low,Elevated,Moderate,Neutral,NEUTRAL,Low,Low Divergence,Poor,Low,Low Complacency,Moderate Mean-Reversion Setup,RISK ON,WATCH ENTRY,-7.330952380952379,Panic / Stabilizing,WATCH FOR RECOVERY,"{'final_decision': 'Watch Entry', 'environment': 'Stress building but entry setup incomplete', 'action': 'Watch for entry, do not chase yet', 'buy_trigger': 'VIX > 25, SP500 drawdown > 5%, HY spread stabilization', 'risk_off_trigger': 'HY 5D widening > 0.25 and VIX +5'}",Watch Entry,Stress building but entry setup incomplete,"Watch for entry, do not chase yet",0.35,0.25,0.4,Neutral / Slight Long,"{'Credit stress': 20, 'HY spread tightness': 18}","[('Credit Tightening', np.float64(41.4)), ('Benign Risk-On', np.float64(21.1)), ('Late-Cycle Melt-Up', np.float64(0.6)), ('COVID Crash', 0), ('Inflation / Duration Shock', 0)]",,,,,,,,,,"('High', ['Adequate decision sample size', 'No active shock flag', 'Signals partly aligned', 'Labor warning low'])",High,"['Adequate decision sample size', 'No active shock flag', 'Signals partly aligned', 'Labor warning low']"
2026-04-13,4.3,3.78,0.52,Normal,4.3,-0.48,-0.5191555555555555,2.95,6886.24,19.12,2.38,-0.10000000000000053,-0.06000000000000005,0.020000000000000018,-0.07999999999999963,0.03000000000000025,-0.09999999999999964,0.31999999999999984,-0.39999999999999947,0.003944444444444528,-2.3200000000000003,-5.050000000000001,0.041502881955525206,0.0006713535475657562,4.2,0.09999999999999964,6978.6,-0.01323474622417109,1.92,0.07000000000000028,-0.06000000000000005,0.0008934104917372947,Neutral,Low,Risk-On Confirmation,Neutral,0,30,No Shock,4.9,0,5,0,0,4.9142857142857155,58.333333333333336,33.333333333333336,18.047619047619047,4.285714285714286,0.0,16.5,0.5619047619047626,-21.428571428571423,62,66,25,17.1,34.6,48.5,Low,Elevated,Moderate,Easy / Supportive,SUPPORTIVE,Low,Low Divergence,Poor,Low,Low Complacency,Moderate Mean-Reversion Setup,RISK ON,WATCH ENTRY,-10.43333333333333,Panic / Stabilizing,WATCH FOR RECOVERY,"{'final_decision': 'Watch Entry', 'environment': 'Stress building but entry setup incomplete', 'action': 'Watch for entry, do not chase yet', 'buy_trigger': 'VIX > 25, SP500 drawdown > 5%, HY spread stabilization', 'risk_off_trigger': 'HY 5D widening > 0.25 and VIX +5'}",Watch Entry,Stress building but entry setup incomplete,"Watch for entry, do not chase yet",0.35,0.25,0.4,Neutral / Slight Long,"{'Credit stress': 20, 'HY spread tightness': 18, 'SP500 near highs': 12}","[('Credit Tightening', np.float64(39.4)), ('Benign Risk-On', np.float64(30.3)), ('Late-Cycle Melt-Up', np.float64(10.0)), ('COVID Crash', 0), ('Inflation / Duration Shock', 0)]",,,,,,,,,,"('High', ['Adequate decision sample size', 'No active shock flag', 'Signals partly aligned', 'Labor warning low'])",High,"['Adequate decision sample size', 'No active shock flag', 'Signals partly aligned', 'Labor warning low']"
2026-04-14,4.26,3.76,0.5,Normal,4.3,-0.48,-0.518788888888889,2.84,6967.38,18.36,2.37,-0.10000000000000053,-0.0699999999999994,-0.020000000000000018,-0.2400000000000002,-0.050000000000000266,-0.28000000000000025,0.43000000000000016,-0.6700000000000004,0.004177777777777836,-5.210000000000001,-7.420000000000002,0.05297535836538536,0.022115033381597593,4.2,0.09999999999999964,6978.6,-0.0016077723325595983,1.8899999999999997,0.07000000000000028,-0.0699999999999994,-0.2194221767736254,Neutral,Low,Risk-On Confirmation,Neutral,0,70,No Shock,5.3,0,5,0,0,4.976190476190477,54.76190476190476,31.666666666666668,17.238095238095237,4.285714285714286,0.0,23.5,0.5571428571428578,-24.523809523809533,77,66,25,24.8,39.0,43.5,Low,Elevated,Moderate,Easy / Supportive,SUPPORTIVE,Low,Low Divergence,Weakening,Moderate,Low Complacency,Moderate Mean-Reversion Setup,RISK ON,WATCH ENTRY,-11.983333333333338,Panic / Stabilizing,WATCH FOR RECOVERY,"{'final_decision': 'Watch Entry', 'environment': 'Stress building but entry setup incomplete', 'action': 'Watch for entry, do not chase yet', 'buy_trigger': 'VIX > 25, SP500 drawdown > 5%, HY spread stabilization', 'risk_off_trigger': 'HY 5D widening > 0.25 and VIX +5'}",Watch Entry,Stress building but entry setup incomplete,"Watch for entry, do not chase yet",0.35,0.25,0.4,Neutral / Slight Long,"{'Credit stress': 20, 'HY spread tightness': 18, 'VIX compression': 12, 'SP500 near highs': 12}","[('Credit Tightening', np.float64(36.8)), ('Benign Risk-On', np.float64(36.8)), ('Late-Cycle Melt-Up', np.float64(17.3)), ('COVID Crash', 0), ('Inflation / Duration Shock', 0)]",,,,,,,,,,"('High', ['Adequate decision sample size', 'No active shock flag', 'Signals partly aligned', 'Labor warning low'])",High,"['Adequate decision sample size', 'No active shock flag', 'Signals partly aligned', 'Labor warning low']"
2026-04-15,4.29,3.76,0.5300000000000002,Normal,4.3,-0.48,-0.5184222222222222,2.85,7022.95,18.17,2.39,-0.10000000000000053,-0.06000000000000005,0.03000000000000025,-0.1200000000000001,-0.029999999999999805,-0.08999999999999986,0.2400000000000002,-0.3600000000000003,0.004411111111111143,-2.979999999999997,-2.8699999999999974,0.03540420563158908,0.022337870296236906,4.2,0.09999999999999964,7022.95,0.0,1.9,0.04999999999999938,-0.06000000000000005,-0.13624287646631972,Neutral,Low,Risk-On Confirmation,Neutral,0,55,No Shock,4.8,0,5,0,0,4.985714285714286,51.19047619047619,30.0,16.428571428571427,4.285714285714286,0.0,29.0,0.5333333333333332,-27.14285714285714,62,66,25,31.0,43.4,40.0,Low,Elevated,Moderate,Easy / Supportive,SUPPORTIVE,Low,Low Divergence,Weakening,Moderate,Moderate Complacency,Moderate Mean-Reversion Setup,RISK ON,WATCH ENTRY,-13.304761904761904,Panic / Stabilizing,WATCH FOR RECOVERY,"{'final_decision': 'Watch Entry', 'environment': 'Stress building but entry setup incomplete', 'action': 'Watch for entry, do not chase yet', 'buy_trigger': 'VIX > 25, SP500 drawdown > 5%, HY spread stabilization', 'risk_off_trigger': 'HY 5D widening > 0.25 and VIX +5'}",Watch Entry,Stress building but entry setup incomplete,"Watch for entry, do not chase yet",0.35,0.25,0.4,Neutral / Slight Long,"{'Credit stress': 20, 'HY spread tightness': 18, 'SP500 near highs': 12}","[('Benign Risk-On', np.float64(42.1)), ('Credit Tightening', np.float64(33.7)), ('Late-Cycle Melt-Up', np.float64(23.7)), ('COVID Crash', 0), ('Inflation / Duration Shock', 0)]",,,,,,,,,,"('High', ['Adequate decision sample size', 'No active shock flag', 'Signals partly aligned', 'Labor warning low'])",High,"['Adequate decision sample size', 'No active shock flag', 'Signals partly aligned', 'Labor warning low']"
2026-04-16,4.32,3.78,0.5400000000000005,Normal,4.3,-0.48,-0.5180555555555556,2.86,7041.28,17.94,2.39,-0.10000000000000053,-0.03999999999999915,0.03000000000000025,-0.14000000000000012,0.009999999999999787,-0.040000000000000036,0.31000000000000005,-0.4500000000000002,0.00464444444444434,-5.809999999999999,-1.5499999999999972,0.03174077536463349,0.030826956495005664,4.2,0.09999999999999964,7041.28,0.0,1.9300000000000002,0.050000000000000266,-0.03999999999999915,0.10376158239411493,Neutral,Low,Risk-On Confirmation,Neutral,0,82,No Shock,4.6,0,5,0,0,4.966666666666667,47.142857142857146,28.333333333333332,15.0,4.285714285714286,0.0,35.7,0.480952380952381,-31.904761904761905,77,73,15,38.7,48.5,35.5,Low,Elevated,Moderate,Easy / Supportive,SUPPORTIVE,Low,Low Divergence,Weakening,Moderate,Moderate Complacency,Weak Setup,RISK ON,WAIT,-15.711904761904762,Stable / Neutral,NEUTRAL,"{'final_decision': 'Neutral', 'environment': 'Mixed / neutral', 'action': 'Neutral positioning', 'buy_trigger': 'Wait for clearer mean-reversion or benign setup', 'risk_off_trigger': 'Shock flag or rising macro/credit stress'}",Neutral,Mixed / neutral,Neutral positioning,0.45,0.25,0.3,Neutral,"{'Credit stress': 20, 'HY spread tightness': 18, 'Low VIX': 15, 'VIX compression': 12, 'SP500 near highs': 12}","[('Benign Risk-On', np.float64(47.9)), ('Late-Cycle Melt-Up', np.float64(31.4)), ('Credit Tightening', np.float64(29.5)), ('COVID Crash', 0), ('Inflation / Duration Shock', 0)]",,,,,,,,,,"('High', ['Adequate decision sample size', 'No active shock flag', 'Signals partly aligned', 'Labor warning low'])",High,"['Adequate decision sample size', 'No active shock flag', 'Signals partly aligned', 'Labor warning low']"
2026-04-17,4.26,3.71,0.5499999999999998,Normal,4.3,-0.498,-0.5178333333333334,2.83,7126.06,17.48,2.36,-0.10000000000000053,-0.050000000000000266,0.050000000000000266,-0.2999999999999998,-0.06000000000000005,-0.10999999999999988,0.48999999999999977,-0.7899999999999996,0.004733333333333367,-12.009999999999998,-1.75,0.04535352631478573,0.05727579443384445,4.2,0.09999999999999964,7126.06,0.0,1.9,-0.010000000000000231,-0.050000000000000266,-0.12076609105616515,Neutral,Low,Risk-On Confirmation,Neutral,0,92,No Shock,4.4,0,5,0,0,4.9,43.57142857142857,26.666666666666668,14.19047619047619,4.285714285714286,0.0,43.4,0.35714285714285765,-34.52380952380953,77,73,15,46.4,53.6,31.0,Low,Elevated,Moderate,Easy / Supportive,SUPPORTIVE,Low,Low Divergence,Healthy,Elevated,Moderate Complacency,Weak Setup,RISK ON,WAIT,-17.083333333333336,Stable / Neutral,NEUTRAL,"{'final_decision': 'Neutral', 'environment': 'Mixed / neutral', 'action': 'Neutral positioning', 'buy_trigger': 'Wait for clearer mean-reversion or benign setup', 'risk_off_trigger': 'Shock flag or rising macro/credit stress'}",Neutral,Mixed / neutral,Neutral positioning,0.45,0.25,0.3,Neutral,"{'Credit stress': 20, 'HY spread tightness': 18, 'Low VIX': 15, 'VIX compression': 12, 'SP500 near highs': 12}","[('Benign Risk-On', np.float64(52.9)), ('Late-Cycle Melt-Up', np.float64(38.7)), ('Credit Tightening', np.float64(24.9)), ('COVID Crash', 0), ('Inflation / Duration Shock', 0)]",,,,,,,,,,"('High', ['Adequate decision sample size', 'No active shock flag', 'Signals partly aligned', 'Labor warning low'])",High,"['Adequate decision sample size', 'No active shock flag', 'Signals partly aligned', 'Labor warning low']"
2026-04-20,4.26,3.72,0.5399999999999996,Normal,4.3,-0.498,-0.5176111111111111,2.87,7109.14,18.87,2.35,-0.10000000000000053,-0.03000000000000025,0.019999999999999574,-0.31999999999999984,-0.020000000000000018,-0.08000000000000007,0.5099999999999998,-0.8299999999999996,0.004822222222222283,-6.629999999999999,-0.25,0.032368897976254196,0.04607864343531998,4.2,0.09999999999999964,7126.06,-0.0023743836004749275,1.9099999999999997,-0.010000000000000231,-0.03000000000000025,-0.0356867148408534,Neutral,Low,Risk-On Confirmation,Neutral,0,70,No Shock,4.6,0,5,0,0,4.890476190476191,40.0,25.0,13.380952380952381,4.285714285714286,0.0,48.9,0.2523809523809524,-35.47619047619048,90,80,0,55.4,59.4,26.5,Low,Elevated,Moderate,Easy / Supportive,SUPPORTIVE,Low,Low Divergence,Healthy,Elevated,Moderate Complacency,Weak Setup,RISK ON,WAIT,-17.611904761904764,Stable / Neutral,NEUTRAL,"{'final_decision': 'Neutral', 'environment': 'Mixed / neutral', 'action': 'Neutral positioning', 'buy_trigger': 'Wait for clearer mean-reversion or benign setup', 'risk_off_trigger': 'Shock flag or rising macro/credit stress'}",Neutral,Mixed / neutral,Neutral positioning,0.45,0.25,0.3,Neutral,"{'HY spread tightness': 18, 'HY spread compression': 14, 'VIX compression': 12, 'SP500 near highs': 12}","[('Benign Risk-On', np.float64(56.8)), ('Late-Cycle Melt-Up', np.float64(46.3)), ('Credit Tightening', np.float64(19.5)), ('COVID Crash', 0), ('Inflation / Duration Shock', 0)]",,,,,,,,,,"('High', ['Adequate decision sample size', 'No active shock flag', 'Signals partly aligned', 'Labor warning low'])",High,"['Adequate decision sample size', 'No active shock flag', 'Signals partly aligned', 'Labor warning low']"
2026-04-21,4.3,3.78,0.52,Normal,4.3,-0.498,-0.5173888888888889,2.85,7064.01,19.5,2.38,-0.10000000000000053,-0.06999999999999984,0.020000000000000018,-0.20999999999999996,-0.06000000000000005,0.010000000000000231,0.3700000000000001,-0.5800000000000001,0.004911111111111199,-5.43,1.1400000000000006,0.01386891485752173,0.04166199708618179,4.2,0.09999999999999964,7126.06,-0.008707476501741529,1.92,0.040000000000000036,-0.06999999999999984,0.04897333391002091,Neutral,Low,Risk-On Confirmation,Neutral,0,55,No Shock,5.0,0,5,0,0,4.9,36.42857142857143,23.333333333333332,11.952380952380953,4.285714285714286,0.0,54.4,0.2142857142857144,-36.9047619047619,77,66,0,62.3,63.8,19.0,Low,Moderate,Moderate,Easy / Supportive,SUPPORTIVE,Low,Low Divergence,Healthy,Elevated,Moderate Complacency,No Setup,RISK ON,NO TRADE,-18.34523809523809,Stable / Neutral,NEUTRAL,"{'final_decision': 'Neutral', 'environment': 'Mixed / neutral', 'action': 'Neutral positioning', 'buy_trigger': 'Wait for clearer mean-reversion or benign setup', 'risk_off_trigger': 'Shock flag or rising macro/credit stress'}",Neutral,Mixed / neutral,Neutral positioning,0.45,0.25,0.3,Neutral,"{'HY spread tightness': 18, 'VIX compression': 12, 'SP500 near highs': 12}","[('Benign Risk-On', np.float64(61.6)), ('Late-Cycle Melt-Up', np.float64(54.2)), ('Credit Tightening', np.float64(13.1)), ('COVID Crash', 0), ('Inflation / Duration Shock', 0)]",,,,,,,,,,"('High', ['Adequate decision sample size', 'No active shock flag', 'Signals partly aligned', 'Labor warning low'])",High,"['Adequate decision sample size', 'No active shock flag', 'Signals partly aligned', 'Labor warning low']"
2026-04-22,4.3,3.79,0.5099999999999998,Normal,4.3,-0.498,-0.5171666666666667,2.84,7137.9,18.92,2.38,-0.10000000000000053,-0.10999999999999988,-0.020000000000000462,-0.25,-0.040000000000000036,-0.010000000000000231,0.3799999999999999,-0.6299999999999999,0.0050000000000000044,-5.309999999999999,0.75,0.016367765682512303,0.05344018418489327,4.2,0.09999999999999964,7137.9,0.0,1.92,0.03000000000000025,-0.10999999999999988,0.05516283229553078,Neutral,Low,Risk-On Confirmation,Neutral,0,80,No Shock,5.2,0,5,0,0,4.9,32.857142857142854,21.666666666666668,10.523809523809524,3.3333333333333335,0.0,59.4,0.12380952380952426,-38.095238095238095,77,66,0,68.0,65.8,15.5,Low,Moderate,Moderate,Easy / Supportive,SUPPORTIVE,Low,Low Divergence,Healthy,Elevated,Moderate Complacency,No Setup,RISK ON,NO TRADE,-18.985714285714284,Stable / Neutral,NEUTRAL,"{'final_decision': 'Neutral', 'environment': 'Mixed / neutral', 'action': 'Neutral positioning', 'buy_trigger': 'Wait for clearer mean-reversion or benign setup', 'risk_off_trigger': 'Shock flag or rising macro/credit stress'}",Neutral,Mixed / neutral,Neutral positioning,0.45,0.25,0.3,Neutral,"{'HY spread tightness': 18, 'VIX compression': 12, 'SP500 near highs': 12}","[('Benign Risk-On', np.float64(64.4)), ('Late-Cycle Melt-Up', np.float64(58.4)), ('Credit Tightening', np.float64(8.6)), ('COVID Crash', 0), ('Inflation / Duration Shock', 0)]",,,,,,,,,,"('High', ['Adequate decision sample size', 'No active shock flag', 'Signals partly aligned', 'Labor warning low'])",High,"['Adequate decision sample size', 'No active shock flag', 'Signals partly aligned', 'Labor warning low']"
2026-04-23,4.34,3.83,0.5099999999999998,Normal,4.3,-0.498,-0.5169444444444444,2.86,7108.4,19.31,2.42,-0.10000000000000053,-0.1600000000000006,-0.030000000000000693,-0.31000000000000005,-0.050000000000000266,0.0,0.44999999999999973,-0.7599999999999998,0.00512222222222225,-7.98,1.3699999999999974,0.009532357753135878,0.06530867934934093,4.2,0.09999999999999964,7137.9,-0.004132868210538154,1.92,-0.010000000000000675,-0.1600000000000006,0.06460551118297839,Neutral,Low,Risk-On Confirmation,Neutral,0,65,No Shock,5.2,0,5,0,0,4.9,29.285714285714285,20.0,9.095238095238095,3.3333333333333335,0.0,62.9,0.052380952380952195,-38.333333333333336,90,80,0,73.8,68.7,13.0,Low,Moderate,Moderate,Easy / Supportive,SUPPORTIVE,Low,Low Divergence,Healthy,High,Moderate Complacency,No Setup,RISK ON,NO TRADE,-19.140476190476193,Complacency / Late Cycle,REDUCE RISK,"{'final_decision': 'Wait', 'environment': 'Low stress but late-cycle complacency', 'action': 'Do not chase; keep dry powder', 'buy_trigger': 'SP500 drawdown > 5% or VIX > 25', 'risk_off_trigger': 'Credit spreads widen while VIX rises'}",Wait,Low stress but late-cycle complacency,Do not chase; keep dry powder,0.3,0.2,0.5,Neutral,"{'HY spread tightness': 18, 'High risk appetite': 16, 'HY spread compression': 14, 'VIX compression': 12, 'SP500 near highs': 12}","[('Benign Risk-On', np.float64(65.7)), ('Late-Cycle Melt-Up', np.float64(62.9)), ('Credit Tightening', np.float64(4.6)), ('COVID Crash', 0), ('Inflation / Duration Shock', 0)]",,,,,,,,,,"('High', ['Limited decision sample size', 'No active shock flag', 'Signals mostly aligned', 'Labor warning low'])",High,"['Limited decision sample size', 'No active shock flag', 'Signals mostly aligned', 'Labor warning low']"
2026-04-24,4.31,3.78,0.5299999999999998,Normal,4.3,-0.518,-0.5168555555555556,2.86,7165.08,18.71,2.42,-0.10000000000000053,-0.14000000000000012,-0.020000000000000018,-0.41999999999999993,-0.050000000000000266,0.029999999999999805,0.5099999999999998,-0.9299999999999997,0.005111111111111066,-8.48,1.2300000000000004,0.0054756766010950475,0.08034902498269814,4.2,0.09999999999999964,7165.08,0.0,1.8899999999999997,-0.040000000000000036,-0.14000000000000012,-0.16800528123561909,Neutral,Low,Risk-On Confirmation,Neutral,0,65,No Shock,4.8,0,5,0,0,4.852380952380953,25.238095238095237,18.333333333333332,7.666666666666667,2.380952380952381,0.0,66.4,-0.01904761904761898,-37.85714285714286,98,80,0,78.7,71.6,10.5,Low,Moderate,Low,Easy / Supportive,SUPPORTIVE,Low,Low Divergence,Healthy,High,Elevated Complacency,No Setup,RISK ON,NO TRADE,-18.93809523809524,Complacency / Late Cycle,REDUCE RISK,"{'final_decision': 'Hold / Do Not Chase', 'environment': 'Stable but crowded', 'action': 'Hold existing risk, avoid aggressive new risk', 'buy_trigger': 'Wait for better entry after volatility or credit repricing', 'risk_off_trigger': '5D VIX spike or HY widening'}",Hold / Do Not Chase,Stable but crowded,"Hold existing risk, avoid aggressive new risk",0.4,0.25,0.35,Neutral,"{'Elevated complacency': 20, 'HY spread tightness': 18, 'High risk appetite': 16, 'HY spread compression': 14, 'VIX compression': 12, 'SP500 near highs': 12}","[('Late-Cycle Melt-Up', np.float64(66.9)), ('Benign Risk-On', np.float64(66.3)), ('COVID Crash', 0), ('Inflation / Duration Shock', 0), ('Credit Tightening', 0)]",,,,,,,,,,"('High', ['Adequate decision sample size', 'No active shock flag', 'Signals mostly aligned', 'Labor warning low'])",High,"['Adequate decision sample size', 'No active shock flag', 'Signals mostly aligned', 'Labor warning low']"
2026-04-27,4.35,3.78,0.5699999999999998,Normal,4.3,-0.518,-0.5167666666666667,2.84,7173.91,18.02,2.44,-0.10000000000000053,-0.10000000000000053,0.03000000000000025,-0.43000000000000016,-0.14000000000000012,-0.03000000000000025,0.4700000000000002,-0.9000000000000004,0.005099999999999993,-5.490000000000002,-0.8500000000000014,0.009110806651718706,0.07083192773062574,4.2,0.09999999999999964,7173.91,0.0,1.9099999999999997,-0.010000000000000675,-0.10000000000000053,-0.0009613176061221988,Neutral,Low,Risk-On Confirmation,Neutral,0,65,No Shock,4.0,0,5,0,0,4.861904761904762,20.476190476190474,16.666666666666668,5.666666666666667,0.0,0.0,69.9,-0.05238095238095308,-37.85714285714286,98,80,0,82.3,73.0,8.0,Low,Moderate,Low,Easy / Supportive,SUPPORTIVE,Low,Low Divergence,Healthy,High,Elevated Complacency,No Setup,RISK ON,NO TRADE,-18.954761904761906,Complacency / Late Cycle,REDUCE RISK,"{'final_decision': 'Hold / Do Not Chase', 'environment': 'Stable but crowded', 'action': 'Hold existing risk, avoid aggressive new risk', 'buy_trigger': 'Wait for better entry after volatility or credit repricing', 'risk_off_trigger': '5D VIX spike or HY widening'}",Hold / Do Not Chase,Stable but crowded,"Hold existing risk, avoid aggressive new risk",0.4,0.25,0.35,Neutral,"{'Elevated complacency': 20, 'HY spread tightness': 18, 'High risk appetite': 16, 'HY spread compression': 14, 'VIX compression': 12, 'SP500 near highs': 12}","[('Late-Cycle Melt-Up', np.float64(68.9)), ('Benign Risk-On', np.float64(67.1)), ('COVID Crash', 0), ('Inflation / Duration Shock', 0), ('Credit Tightening', 0)]",,,,,,,,,,"('High', ['Adequate decision sample size', 'No active shock flag', 'Signals mostly aligned', 'Labor warning low'])",High,"['Adequate decision sample size', 'No active shock flag', 'Signals mostly aligned', 'Labor warning low']"
2026-04-28,4.36,3.84,0.5200000000000005,Normal,4.3,-0.518,-0.5166777777777778,2.85,7138.8,17.83,2.44,-0.10000000000000053,-0.14999999999999947,4.440892098500626e-16,-0.3700000000000001,-0.14000000000000012,0.0,0.41000000000000014,-0.7800000000000002,0.0050888888888889205,-4.540000000000003,-1.6700000000000017,0.010587470855788705,0.06293989508776687,4.2,0.09999999999999964,7173.91,-0.004894123288415875,1.9200000000000004,4.440892098500626e-16,-0.14999999999999947,0.08312359305835418,Neutral,Low,Risk-On Confirmation,Neutral,0,62,No Shock,5.0,0,5,0,0,4.890476190476191,16.428571428571427,14.523809523809524,3.5238095238095237,0.0,0.0,69.1,-0.0857142857142863,-38.33333333333333,83,87,0,82.9,75.1,5.5,Low,Low,Low,Easy / Supportive,SUPPORTIVE,Low,Low Divergence,Healthy,High,Elevated Complacency,No Setup,RISK ON,NO TRADE,-19.20952380952381,Complacency / Late Cycle,REDUCE RISK,"{'final_decision': 'Hold / Do Not Chase', 'environment': 'Stable but crowded', 'action': 'Hold existing risk, avoid aggressive new risk', 'buy_trigger': 'Wait for better entry after volatility or credit repricing', 'risk_off_trigger': '5D VIX spike or HY widening'}",Hold / Do Not Chase,Stable but crowded,"Hold existing risk, avoid aggressive new risk",0.4,0.25,0.35,Neutral,"{'Elevated complacency': 20, 'HY spread tightness': 18, 'High risk appetite': 16, 'Low VIX': 15, 'HY spread compression': 14, 'SP500 near highs': 12}","[('Late-Cycle Melt-Up', np.float64(71.8)), ('Benign Risk-On', np.float64(66.8)), ('COVID Crash', 0), ('Inflation / Duration Shock', 0), ('Credit Tightening', 0)]",,,,,,,,,,"('High', ['Adequate decision sample size', 'No active shock flag', 'Signals mostly aligned', 'Labor warning low'])",High,"['Adequate decision sample size', 'No active shock flag', 'Signals mostly aligned', 'Labor warning low']"
2026-04-29,4.42,3.92,0.5,Normal,4.3,-0.518,-0.5165888888888889,2.82,7135.95,18.81,2.46,-0.10000000000000053,-0.16000000000000014,-0.009999999999999787,-0.38000000000000034,-0.13000000000000034,-0.020000000000000018,0.3500000000000001,-0.7300000000000004,0.005077777777777848,-6.280000000000001,-0.11000000000000298,-0.00027318959357791606,0.07717330596102467,4.2,0.09999999999999964,7173.91,-0.005291396184228692,1.96,0.08000000000000007,-0.16000000000000014,0.40907183800429586,Neutral,Low,Risk-On Confirmation,Neutral,0,65,No Shock,5.4,0,5,0,0,4.919047619047619,13.333333333333334,12.857142857142858,2.7142857142857144,0.0,0.0,70.1,-0.06666666666666643,-37.857142857142854,98,90,0,86.5,77.5,3.0,Low,Low,Low,Easy / Supportive,SUPPORTIVE,Low,Low Divergence,Strong / Extended,High,Elevated Complacency,No Setup,RISK ON,NO TRADE,-18.961904761904762,Complacency / Late Cycle,REDUCE RISK,"{'final_decision': 'Hold / Do Not Chase', 'environment': 'Stable but crowded', 'action': 'Hold existing risk, avoid aggressive new risk', 'buy_trigger': 'Wait for better entry after volatility or credit repricing', 'risk_off_trigger': '5D VIX spike or HY widening'}",Hold / Do Not Chase,Stable but crowded,"Hold existing risk, avoid aggressive new risk",0.4,0.25,0.35,Neutral,"{'Elevated complacency': 20, 'HY spread tightness': 18, 'High risk appetite': 16, 'HY spread compression': 14, 'VIX compression': 12, 'SP500 near highs': 12}","[('Late-Cycle Melt-Up', np.float64(74.0)), ('Benign Risk-On', np.float64(65.3)), ('COVID Crash', 0), ('Inflation / Duration Shock', 0), ('Credit Tightening', 0)]",,,,,,,,,,"('High', ['Adequate decision sample size', 'No active shock flag', 'Signals mostly aligned', 'Labor warning low'])",High,"['Adequate decision sample size', 'No active shock flag', 'Signals mostly aligned', 'Labor warning low']"
2026-04-30,4.4,3.88,0.5200000000000005,Normal,4.3,-0.518,-0.5165000000000001,2.83,7209.01,16.89,2.46,-0.10000000000000053,-0.1599999999999997,0.010000000000000675,-0.43999999999999995,-0.06999999999999984,-0.029999999999999805,0.41000000000000014,-0.8500000000000001,0.005133333333333323,-7.169999999999998,-2.419999999999998,0.014153677339485693,0.09120122788349039,4.2,0.09999999999999964,7209.01,0.0,1.9400000000000004,0.020000000000000462,-0.1599999999999997,0.24853091643834854,Neutral,Low,Risk-On Confirmation,Neutral,0,77,No Shock,5.0,0,5,0,0,4.933333333333334,10.714285714285714,11.19047619047619,1.9047619047619047,0.0,0.0,69.6,-0.033333333333333215,-36.42857142857143,98,87,0,88.6,78.9,1.5,Low,Low,Low,Easy / Supportive,SUPPORTIVE,Low,Low Divergence,Healthy,High,Elevated Complacency,No Setup,RISK ON,NO TRADE,-18.23095238095238,Complacency / Late Cycle,REDUCE RISK,"{'final_decision': 'Hold / Do Not Chase', 'environment': 'Stable but crowded', 'action': 'Hold existing risk, avoid aggressive new risk', 'buy_trigger': 'Wait for better entry after volatility or credit repricing', 'risk_off_trigger': '5D VIX spike or HY widening'}",Hold / Do Not Chase,Stable but crowded,"Hold existing risk, avoid aggressive new risk",0.4,0.25,0.35,Neutral,"{'Elevated complacency': 20, 'HY spread tightness': 18, 'High risk appetite': 16, 'Low VIX': 15, 'HY spread compression': 14, 'VIX compression': 12, 'SP500 near highs': 12}","[('Late-Cycle Melt-Up', np.float64(75.0)), ('Benign Risk-On', np.float64(64.3)), ('COVID Crash', 0), ('Inflation / Duration Shock', 0), ('Credit Tightening', 0)]",,,,,,,,,,"('High', ['Adequate decision sample size', 'No active shock flag', 'Signals mostly aligned', 'Labor warning low'])",High,"['Adequate decision sample size', 'No active shock flag', 'Signals mostly aligned', 'Labor warning low']"
2026-05-01,4.39,3.88,0.5099999999999998,Normal,4.3,-0.518,-0.5162888888888889,2.77,7230.12,16.99,2.48,-0.10000000000000053,-0.2200000000000002,-0.020000000000000018,-0.4700000000000002,-0.10999999999999988,-0.08999999999999986,0.27,-0.7400000000000002,0.005311111111111155,-9.790000000000003,-1.7200000000000024,0.009077358522165735,0.1112183546249279,4.2,0.09999999999999964,7230.12,0.0,1.9099999999999997,-0.03000000000000025,-0.2200000000000002,0.007075710097546637,Neutral,Low,Risk-On Confirmation,Neutral,0,77,No Shock,5.2,0,5,0,0,4.957142857142857,8.095238095238095,9.523809523809524,1.0952380952380953,0.0,0.0,68.1,0.05714285714285694,-35.476190476190474,90,87,0,89.9,80.3,0.0,Low,Low,Low,Easy / Supportive,SUPPORTIVE,Low,Low Divergence,Healthy,High,Elevated Complacency,No Setup,RISK ON,NO TRADE,-17.70952380952381,Complacency / Late Cycle,REDUCE RISK,"{'final_decision': 'Hold / Do Not Chase', 'environment': 'Stable but crowded', 'action': 'Hold existing risk, avoid aggressive new risk', 'buy_trigger': 'Wait for better entry after volatility or credit repricing', 'risk_off_trigger': '5D VIX spike or HY widening'}",Hold / Do Not Chase,Stable but crowded,"Hold existing risk, avoid aggressive new risk",0.4,0.25,0.35,Neutral,"{'Elevated complacency': 20, 'HY spread tightness': 18, 'High risk appetite': 16, 'Low VIX': 15, 'HY spread compression': 14, 'VIX compression': 12, 'SP500 near highs': 12}","[('Late-Cycle Melt-Up', np.float64(75.5)), ('Benign Risk-On', np.float64(62.9)), ('COVID Crash', 0), ('Inflation / Duration Shock', 0), ('Credit Tightening', 0)]",,,,,,,,,,"('High', ['Adequate decision sample size', 'No active shock flag', 'Signals mostly aligned', 'Labor warning low'])",High,"['Adequate decision sample size', 'No active shock flag', 'Signals mostly aligned', 'Labor warning low']"
2026-05-04,4.45,3.95,0.5,Normal,4.3,-0.518,-0.5160777777777779,2.78,7200.75,18.29,2.5,-0.10000000000000053,-0.19999999999999973,-0.06999999999999984,-0.41000000000000014,-0.050000000000000266,-0.06000000000000005,0.31999999999999984,-0.73,0.0054888888888887655,-7.859999999999999,0.2699999999999996,0.003741334920566386,0.09417261814313926,4.3,0.0,7230.12,-0.004062173241937916,1.9500000000000002,0.010000000000000675,-0.19999999999999973,0.3309192093916072,Neutral,Low,Risk-On Confirmation,Neutral,0,65,No Shock,5.4,0,5,0,0,4.976190476190476,5.476190476190476,7.857142857142857,0.2857142857142857,0.0,0.0,67.6,0.08571428571428541,-34.523809523809526,90,80,0,89.9,80.3,0.0,Low,Low,Low,Easy / Supportive,SUPPORTIVE,Low,Low Divergence,Healthy,High,Elevated Complacency,No Setup,RISK ON,NO TRADE,-17.219047619047622,Complacency / Late Cycle,REDUCE RISK,"{'final_decision': 'Hold / Do Not Chase', 'environment': 'Stable but crowded', 'action': 'Hold existing risk, avoid aggressive new risk', 'buy_trigger': 'Wait for better entry after volatility or credit repricing', 'risk_off_trigger': '5D VIX spike or HY widening'}",Hold / Do Not Chase,Stable but crowded,"Hold existing risk, avoid aggressive new risk",0.4,0.25,0.35,Neutral,"{'Elevated complacency': 20, 'HY spread tightness': 18, 'High risk appetite': 16, 'HY spread compression': 14, 'VIX compression': 12, 'SP500 near highs': 12}","[('Late-Cycle Melt-Up', np.float64(75.2)), ('Benign Risk-On', np.float64(62.7)), ('COVID Crash', 0), ('Inflation / Duration Shock', 0), ('Credit Tightening', 0)]",,,,,,,,,,"('High', ['Adequate decision sample size', 'No active shock flag', 'Signals mostly aligned', 'Labor warning low'])",High,"['Adequate decision sample size', 'No active shock flag', 'Signals mostly aligned', 'Labor warning low']"
